Rc files read:
  NONE
Latexmk: This is Latexmk, John Collins, 27 Dec. 2024. Version 4.86a.
Latexmk: applying rule 'lualatex'...
Rule 'lualatex':  Reasons for rerun
Changed files or newly in use/created:
  capitulos/cap15.tex
Category 'changed_user':
  capitulos/cap15.tex

------------
Run number 1 of rule 'lualatex'
------------
------------
Running 'lualatex  -shell-escape -interaction=nonstopmode -halt-on-error -recorder -output-directory="build/cap15"  "build/cap15/cap15.tex"'
------------
This is LuaHBTeX, Version 1.21.0 (TeX Live 2025) 
 system commands enabled.
(./build/cap15/cap15.tex
LaTeX2e <2024-11-01> patch level 2
L3 programming layer <2025-01-18>
 (/usr/local/texlive/2025/texmf-dist/tex/latex/base/book.cls
Document Class: book 2024/06/29 v1.4n Standard LaTeX document class
(/usr/local/texlive/2025/texmf-dist/tex/latex/base/bk11.clo))
(./estilo/bioinfo.sty

LaTeX Warning: You have requested package `estilo/bioinfo',
               but the package provides `bioinfo'.

(/usr/local/texlive/2025/texmf-dist/tex/latex/geometry/geometry.sty
(/usr/local/texlive/2025/texmf-dist/tex/latex/graphics/keyval.sty)
(/usr/local/texlive/2025/texmf-dist/tex/generic/iftex/ifvtex.sty
(/usr/local/texlive/2025/texmf-dist/tex/generic/iftex/iftex.sty)))
(/usr/local/texlive/2025/texmf-dist/tex/generic/babel/babel.sty
(/usr/local/texlive/2025/texmf-dist/tex/generic/babel/luababel.def)
(/usr/local/texlive/2025/texmf-dist/tex/generic/babel/luababel.def)
(/usr/local/texlive/2025/texmf-dist/tex/generic/babel-spanish/spanish.ldf
(/usr/local/texlive/2025/texmf-dist/tex/generic/hyph-utf8/loadhyph/loadhyph-es.
tex UTF-8 Spanish hyphenation patterns
(/usr/local/texlive/2025/texmf-dist/tex/generic/hyph-utf8/patterns/tex/hyph-es.
tex))))
(/usr/local/texlive/2025/texmf-dist/tex/generic/babel/locale/es/babel-spanish.t
ex) (/usr/local/texlive/2025/texmf-dist/tex/latex/amsmath/amsmath.sty
For additional information on amsmath, use the `?' option.
(/usr/local/texlive/2025/texmf-dist/tex/latex/amsmath/amstext.sty
(/usr/local/texlive/2025/texmf-dist/tex/latex/amsmath/amsgen.sty))
(/usr/local/texlive/2025/texmf-dist/tex/latex/amsmath/amsbsy.sty)
(/usr/local/texlive/2025/texmf-dist/tex/latex/amsmath/amsopn.sty))
(/usr/local/texlive/2025/texmf-dist/tex/latex/amsfonts/amssymb.sty
(/usr/local/texlive/2025/texmf-dist/tex/latex/amsfonts/amsfonts.sty))
(/usr/local/texlive/2025/texmf-dist/tex/latex/mathtools/mathtools.sty
(/usr/local/texlive/2025/texmf-dist/tex/latex/tools/calc.sty)
(/usr/local/texlive/2025/texmf-dist/tex/latex/mathtools/mhsetup.sty))
(/usr/local/texlive/2025/texmf-dist/tex/latex/fontspec/fontspec.sty
(/usr/local/texlive/2025/texmf-dist/tex/latex/l3packages/xparse/xparse.sty
(/usr/local/texlive/2025/texmf-dist/tex/latex/l3kernel/expl3.sty
(/usr/local/texlive/2025/texmf-dist/tex/latex/l3backend/l3backend-luatex.def)))
 (/usr/local/texlive/2025/texmf-dist/tex/latex/fontspec/fontspec-luatex.sty
(/usr/local/texlive/2025/texmf-dist/tex/latex/base/fontenc.sty)
(/usr/local/texlive/2025/texmf-dist/tex/latex/fontspec/fontspec.cfg)))
(/usr/local/texlive/2025/texmf-dist/tex/latex/unicode-math/unicode-math.sty
(/usr/local/texlive/2025/texmf-dist/tex/latex/unicode-math/unicode-math-luatex.
sty
(/usr/local/texlive/2025/texmf-dist/tex/latex/l3packages/l3keys2e/l3keys2e.sty)
 (/usr/local/texlive/2025/texmf-dist/tex/latex/base/fix-cm.sty
(/usr/local/texlive/2025/texmf-dist/tex/latex/base/ts1enc.def))
(/usr/local/texlive/2025/texmf-dist/tex/lualatex/lualatex-math/lualatex-math.st
y (/usr/local/texlive/2025/texmf-dist/tex/latex/etoolbox/etoolbox.sty))
(/usr/local/texlive/2025/texmf-dist/tex/latex/unicode-math/unicode-math-table.t
ex))) (/usr/local/texlive/2025/texmf-dist/tex/latex/amsfonts/umsa.fd)
(/usr/local/texlive/2025/texmf-dist/tex/latex/amsfonts/umsb.fd)
(/usr/local/texlive/2025/texmf-dist/tex/latex/microtype/microtype.sty
(/usr/local/texlive/2025/texmf-dist/tex/latex/microtype/microtype-luatex.def)
(/usr/local/texlive/2025/texmf-dist/tex/latex/microtype/microtype.cfg))
(/usr/local/texlive/2025/texmf-dist/tex/latex/csquotes/csquotes.sty
(/usr/local/texlive/2025/texmf-dist/tex/latex/csquotes/csquotes.def)
(/usr/local/texlive/2025/texmf-dist/tex/latex/csquotes/csquotes.cfg))
(/usr/local/texlive/2025/texmf-dist/tex/latex/xcolor/xcolor.sty
(/usr/local/texlive/2025/texmf-dist/tex/latex/graphics-cfg/color.cfg)
(/usr/local/texlive/2025/texmf-dist/tex/latex/graphics-def/luatex.def)
(/usr/local/texlive/2025/texmf-dist/tex/latex/graphics/mathcolor.ltx))
(/usr/local/texlive/2025/texmf-dist/tex/latex/graphics/dvipsnam.def)
(/usr/local/texlive/2025/texmf-dist/tex/latex/colortbl/colortbl.sty
(/usr/local/texlive/2025/texmf-dist/tex/latex/tools/array.sty))
(/usr/local/texlive/2025/texmf-dist/tex/latex/graphics/graphicx.sty
(/usr/local/texlive/2025/texmf-dist/tex/latex/graphics/graphics.sty
(/usr/local/texlive/2025/texmf-dist/tex/latex/graphics/trig.sty)
(/usr/local/texlive/2025/texmf-dist/tex/latex/graphics-cfg/graphics.cfg)))
(/usr/local/texlive/2025/texmf-dist/tex/latex/pgf/frontendlayer/tikz.sty
(/usr/local/texlive/2025/texmf-dist/tex/latex/pgf/basiclayer/pgf.sty
(/usr/local/texlive/2025/texmf-dist/tex/latex/pgf/utilities/pgfrcs.sty
(/usr/local/texlive/2025/texmf-dist/tex/generic/pgf/utilities/pgfutil-common.te
x)
(/usr/local/texlive/2025/texmf-dist/tex/generic/pgf/utilities/pgfutil-latex.def
) (/usr/local/texlive/2025/texmf-dist/tex/generic/pgf/utilities/pgfrcs.code.tex
(/usr/local/texlive/2025/texmf-dist/tex/generic/pgf/pgf.revision.tex)))
(/usr/local/texlive/2025/texmf-dist/tex/latex/pgf/basiclayer/pgfcore.sty
(/usr/local/texlive/2025/texmf-dist/tex/latex/pgf/systemlayer/pgfsys.sty
(/usr/local/texlive/2025/texmf-dist/tex/generic/pgf/systemlayer/pgfsys.code.tex
(/usr/local/texlive/2025/texmf-dist/tex/generic/pgf/utilities/pgfkeys.code.tex
(/usr/local/texlive/2025/texmf-dist/tex/generic/pgf/utilities/pgfkeyslibraryfil
tered.code.tex))
(/usr/local/texlive/2025/texmf-dist/tex/generic/pgf/systemlayer/pgf.cfg)
(/usr/local/texlive/2025/texmf-dist/tex/generic/pgf/systemlayer/pgfsys-luatex.d
ef
(/usr/local/texlive/2025/texmf-dist/tex/generic/pgf/systemlayer/pgfsys-common-p
df.def)))
(/usr/local/texlive/2025/texmf-dist/tex/generic/pgf/systemlayer/pgfsyssoftpath.
code.tex)
(/usr/local/texlive/2025/texmf-dist/tex/generic/pgf/systemlayer/pgfsysprotocol.
code.tex))
(/usr/local/texlive/2025/texmf-dist/tex/generic/pgf/basiclayer/pgfcore.code.tex
(/usr/local/texlive/2025/texmf-dist/tex/generic/pgf/math/pgfmath.code.tex
(/usr/local/texlive/2025/texmf-dist/tex/generic/pgf/math/pgfmathutil.code.tex)
(/usr/local/texlive/2025/texmf-dist/tex/generic/pgf/math/pgfmathparser.code.tex
)
(/usr/local/texlive/2025/texmf-dist/tex/generic/pgf/math/pgfmathfunctions.code.
tex)
(/usr/local/texlive/2025/texmf-dist/tex/generic/pgf/math/pgfmathfunctions.basic
.code.tex)
(/usr/local/texlive/2025/texmf-dist/tex/generic/pgf/math/pgfmathfunctions.trigo
nometric.code.tex)
(/usr/local/texlive/2025/texmf-dist/tex/generic/pgf/math/pgfmathfunctions.rando
m.code.tex)
(/usr/local/texlive/2025/texmf-dist/tex/generic/pgf/math/pgfmathfunctions.compa
rison.code.tex)
(/usr/local/texlive/2025/texmf-dist/tex/generic/pgf/math/pgfmathfunctions.base.
code.tex)
(/usr/local/texlive/2025/texmf-dist/tex/generic/pgf/math/pgfmathfunctions.round
.code.tex)
(/usr/local/texlive/2025/texmf-dist/tex/generic/pgf/math/pgfmathfunctions.misc.
code.tex)
(/usr/local/texlive/2025/texmf-dist/tex/generic/pgf/math/pgfmathfunctions.integ
erarithmetics.code.tex)
(/usr/local/texlive/2025/texmf-dist/tex/generic/pgf/math/pgfmathcalc.code.tex)
(/usr/local/texlive/2025/texmf-dist/tex/generic/pgf/math/pgfmathfloat.code.tex)
) (/usr/local/texlive/2025/texmf-dist/tex/generic/pgf/math/pgfint.code.tex)
(/usr/local/texlive/2025/texmf-dist/tex/generic/pgf/basiclayer/pgfcorepoints.co
de.tex)
(/usr/local/texlive/2025/texmf-dist/tex/generic/pgf/basiclayer/pgfcorepathconst
ruct.code.tex)
(/usr/local/texlive/2025/texmf-dist/tex/generic/pgf/basiclayer/pgfcorepathusage
.code.tex)
(/usr/local/texlive/2025/texmf-dist/tex/generic/pgf/basiclayer/pgfcorescopes.co
de.tex)
(/usr/local/texlive/2025/texmf-dist/tex/generic/pgf/basiclayer/pgfcoregraphicst
ate.code.tex)
(/usr/local/texlive/2025/texmf-dist/tex/generic/pgf/basiclayer/pgfcoretransform
ations.code.tex)
(/usr/local/texlive/2025/texmf-dist/tex/generic/pgf/basiclayer/pgfcorequick.cod
e.tex)
(/usr/local/texlive/2025/texmf-dist/tex/generic/pgf/basiclayer/pgfcoreobjects.c
ode.tex)
(/usr/local/texlive/2025/texmf-dist/tex/generic/pgf/basiclayer/pgfcorepathproce
ssing.code.tex)
(/usr/local/texlive/2025/texmf-dist/tex/generic/pgf/basiclayer/pgfcorearrows.co
de.tex)
(/usr/local/texlive/2025/texmf-dist/tex/generic/pgf/basiclayer/pgfcoreshade.cod
e.tex)
(/usr/local/texlive/2025/texmf-dist/tex/generic/pgf/basiclayer/pgfcoreimage.cod
e.tex)
(/usr/local/texlive/2025/texmf-dist/tex/generic/pgf/basiclayer/pgfcoreexternal.
code.tex)
(/usr/local/texlive/2025/texmf-dist/tex/generic/pgf/basiclayer/pgfcorelayers.co
de.tex)
(/usr/local/texlive/2025/texmf-dist/tex/generic/pgf/basiclayer/pgfcoretranspare
ncy.code.tex)
(/usr/local/texlive/2025/texmf-dist/tex/generic/pgf/basiclayer/pgfcorepatterns.
code.tex)
(/usr/local/texlive/2025/texmf-dist/tex/generic/pgf/basiclayer/pgfcorerdf.code.
tex)))
(/usr/local/texlive/2025/texmf-dist/tex/generic/pgf/modules/pgfmoduleshapes.cod
e.tex)
(/usr/local/texlive/2025/texmf-dist/tex/generic/pgf/modules/pgfmoduleplot.code.
tex)
(/usr/local/texlive/2025/texmf-dist/tex/latex/pgf/compatibility/pgfcomp-version
-0-65.sty)
(/usr/local/texlive/2025/texmf-dist/tex/latex/pgf/compatibility/pgfcomp-version
-1-18.sty))
(/usr/local/texlive/2025/texmf-dist/tex/latex/pgf/utilities/pgffor.sty
(/usr/local/texlive/2025/texmf-dist/tex/latex/pgf/utilities/pgfkeys.sty
(/usr/local/texlive/2025/texmf-dist/tex/generic/pgf/utilities/pgfkeys.code.tex)
) (/usr/local/texlive/2025/texmf-dist/tex/latex/pgf/math/pgfmath.sty
(/usr/local/texlive/2025/texmf-dist/tex/generic/pgf/math/pgfmath.code.tex))
(/usr/local/texlive/2025/texmf-dist/tex/generic/pgf/utilities/pgffor.code.tex))

(/usr/local/texlive/2025/texmf-dist/tex/generic/pgf/frontendlayer/tikz/tikz.cod
e.tex
(/usr/local/texlive/2025/texmf-dist/tex/generic/pgf/libraries/pgflibraryplothan
dlers.code.tex)
(/usr/local/texlive/2025/texmf-dist/tex/generic/pgf/modules/pgfmodulematrix.cod
e.tex)
(/usr/local/texlive/2025/texmf-dist/tex/generic/pgf/frontendlayer/tikz/librarie
s/tikzlibrarytopaths.code.tex)))
(/usr/local/texlive/2025/texmf-dist/tex/generic/pgf/libraries/pgflibraryarrows.
meta.code.tex)
(/usr/local/texlive/2025/texmf-dist/tex/generic/pgf/frontendlayer/tikz/librarie
s/tikzlibrarypositioning.code.tex)
(/usr/local/texlive/2025/texmf-dist/tex/generic/pgf/frontendlayer/tikz/librarie
s/tikzlibrarycalc.code.tex)
(/usr/local/texlive/2025/texmf-dist/tex/generic/pgf/frontendlayer/tikz/librarie
s/tikzlibraryfit.code.tex)
(/usr/local/texlive/2025/texmf-dist/tex/generic/pgf/frontendlayer/tikz/librarie
s/tikzlibrarybackgrounds.code.tex)
(/usr/local/texlive/2025/texmf-dist/tex/generic/pgf/frontendlayer/tikz/librarie
s/tikzlibraryshapes.code.tex
(/usr/local/texlive/2025/texmf-dist/tex/generic/pgf/frontendlayer/tikz/librarie
s/tikzlibraryshapes.geometric.code.tex
(/usr/local/texlive/2025/texmf-dist/tex/generic/pgf/libraries/shapes/pgflibrary
shapes.geometric.code.tex))
(/usr/local/texlive/2025/texmf-dist/tex/generic/pgf/frontendlayer/tikz/librarie
s/tikzlibraryshapes.misc.code.tex
(/usr/local/texlive/2025/texmf-dist/tex/generic/pgf/libraries/shapes/pgflibrary
shapes.misc.code.tex))
(/usr/local/texlive/2025/texmf-dist/tex/generic/pgf/frontendlayer/tikz/librarie
s/tikzlibraryshapes.symbols.code.tex
(/usr/local/texlive/2025/texmf-dist/tex/generic/pgf/libraries/shapes/pgflibrary
shapes.symbols.code.tex))
(/usr/local/texlive/2025/texmf-dist/tex/generic/pgf/frontendlayer/tikz/librarie
s/tikzlibraryshapes.arrows.code.tex
(/usr/local/texlive/2025/texmf-dist/tex/generic/pgf/libraries/shapes/pgflibrary
shapes.arrows.code.tex))
(/usr/local/texlive/2025/texmf-dist/tex/generic/pgf/frontendlayer/tikz/librarie
s/tikzlibraryshapes.callouts.code.tex
(/usr/local/texlive/2025/texmf-dist/tex/generic/pgf/libraries/shapes/pgflibrary
shapes.callouts.code.tex))
(/usr/local/texlive/2025/texmf-dist/tex/generic/pgf/frontendlayer/tikz/librarie
s/tikzlibraryshapes.multipart.code.tex
(/usr/local/texlive/2025/texmf-dist/tex/generic/pgf/libraries/shapes/pgflibrary
shapes.multipart.code.tex)))
(/usr/local/texlive/2025/texmf-dist/tex/generic/pgf/frontendlayer/tikz/librarie
s/tikzlibrarydecorations.pathreplacing.code.tex
(/usr/local/texlive/2025/texmf-dist/tex/generic/pgf/frontendlayer/tikz/librarie
s/tikzlibrarydecorations.code.tex
(/usr/local/texlive/2025/texmf-dist/tex/generic/pgf/modules/pgfmoduledecoration
s.code.tex))
(/usr/local/texlive/2025/texmf-dist/tex/generic/pgf/libraries/decorations/pgfli
brarydecorations.pathreplacing.code.tex))
(/usr/local/texlive/2025/texmf-dist/tex/generic/pgf/frontendlayer/tikz/librarie
s/tikzlibrarydecorations.pathmorphing.code.tex
(/usr/local/texlive/2025/texmf-dist/tex/generic/pgf/libraries/decorations/pgfli
brarydecorations.pathmorphing.code.tex))
(/usr/local/texlive/2025/texmf-dist/tex/generic/pgf/frontendlayer/tikz/librarie
s/tikzlibrarydecorations.text.code.tex
(/usr/local/texlive/2025/texmf-dist/tex/generic/pgf/libraries/decorations/pgfli
brarydecorations.text.code.tex))
(/usr/local/texlive/2025/texmf-dist/tex/generic/pgf/frontendlayer/tikz/librarie
s/tikzlibrarypatterns.code.tex
(/usr/local/texlive/2025/texmf-dist/tex/generic/pgf/libraries/pgflibrarypattern
s.code.tex))
(/usr/local/texlive/2025/texmf-dist/tex/generic/pgf/frontendlayer/tikz/librarie
s/tikzlibraryshadows.code.tex
(/usr/local/texlive/2025/texmf-dist/tex/generic/pgf/frontendlayer/tikz/librarie
s/tikzlibraryfadings.code.tex
(/usr/local/texlive/2025/texmf-dist/tex/generic/pgf/libraries/pgflibraryfadings
.code.tex)))
(/usr/local/texlive/2025/texmf-dist/tex/latex/pgf-blur/tikzlibraryshadows.blur.
code.tex  v1.02, 2012/12/09)
(/usr/local/texlive/2025/texmf-dist/tex/generic/pgf/frontendlayer/tikz/librarie
s/tikzlibrarymatrix.code.tex)
(/usr/local/texlive/2025/texmf-dist/tex/generic/pgf/frontendlayer/tikz/librarie
s/tikzlibrarychains.code.tex)
(/usr/local/texlive/2025/texmf-dist/tex/generic/pgf/frontendlayer/tikz/librarie
s/tikzlibraryintersections.code.tex
(/usr/local/texlive/2025/texmf-dist/tex/generic/pgf/libraries/pgflibraryinterse
ctions.code.tex
(/usr/local/texlive/2025/texmf-dist/tex/generic/pgf/libraries/pgflibraryfpu.cod
e.tex)))
(/usr/local/texlive/2025/texmf-dist/tex/generic/pgf/frontendlayer/tikz/librarie
s/tikzlibrarytrees.code.tex)
(/usr/local/texlive/2025/texmf-dist/tex/generic/pgf/frontendlayer/tikz/librarie
s/graphs/tikzlibrarygraphs.code.tex)
(/usr/local/texlive/2025/texmf-dist/tex/generic/pgf/frontendlayer/tikz/librarie
s/tikzlibraryquotes.code.tex)
(/usr/local/texlive/2025/texmf-dist/tex/generic/pgf/frontendlayer/tikz/librarie
s/tikzlibraryspy.code.tex)
(/usr/local/texlive/2025/texmf-dist/tex/generic/pgf/frontendlayer/tikz/librarie
s/tikzlibrarybending.code.tex
(/usr/local/texlive/2025/texmf-dist/tex/generic/pgf/modules/pgfmodulebending.co
de.tex
(/usr/local/texlive/2025/texmf-dist/tex/generic/pgf/modules/pgfmodulenonlineart
ransformations.code.tex)
(/usr/local/texlive/2025/texmf-dist/tex/generic/pgf/libraries/pgflibrarycurvili
near.code.tex)))
(/usr/local/texlive/2025/texmf-dist/tex/generic/pgf/frontendlayer/tikz/librarie
s/tikzlibrarymath.code.tex
(/usr/local/texlive/2025/texmf-dist/tex/generic/pgf/frontendlayer/tikz/librarie
s/tikzlibraryfpu.code.tex))
(/usr/local/texlive/2025/texmf-dist/tex/latex/pgfplots/pgfplots.sty
(/usr/local/texlive/2025/texmf-dist/tex/generic/pgfplots/pgfplots.revision.tex)
(/usr/local/texlive/2025/texmf-dist/tex/generic/pgfplots/pgfplots.code.tex
(/usr/local/texlive/2025/texmf-dist/tex/generic/pgfplots/pgfplotscore.code.tex
(/usr/local/texlive/2025/texmf-dist/tex/generic/pgfplots/sys/pgfplotssysgeneric
.code.tex))
(/usr/local/texlive/2025/texmf-dist/tex/generic/pgfplots/libs/pgfplotslibrary.c
ode.tex)
(/usr/local/texlive/2025/texmf-dist/tex/generic/pgfplots/oldpgfcompatib/pgfplot
soldpgfsupp_loader.code.tex
Package pgfplots: loading complementary utilities for your pgf version...

(/usr/local/texlive/2025/texmf-dist/tex/generic/pgfplots/oldpgfcompatib/pgfplot
soldpgfsupp_pgfutil-common-lists.tex)
(/usr/local/texlive/2025/texmf-dist/tex/generic/pgf/libraries/luamath/pgflibrar
yluamath.code.tex))
(/usr/local/texlive/2025/texmf-dist/tex/generic/pgfplots/util/pgfplotsutil.code
.tex
(/usr/local/texlive/2025/texmf-dist/tex/generic/pgfplots/liststructure/pgfplots
liststructure.code.tex)
(/usr/local/texlive/2025/texmf-dist/tex/generic/pgfplots/liststructure/pgfplots
liststructureext.code.tex)
(/usr/local/texlive/2025/texmf-dist/tex/generic/pgfplots/liststructure/pgfplots
array.code.tex)
(/usr/local/texlive/2025/texmf-dist/tex/generic/pgfplots/liststructure/pgfplots
matrix.code.tex)
(/usr/local/texlive/2025/texmf-dist/tex/generic/pgfplots/numtable/pgfplotstable
shared.code.tex)
(/usr/local/texlive/2025/texmf-dist/tex/generic/pgfplots/liststructure/pgfplots
deque.code.tex)
(/usr/local/texlive/2025/texmf-dist/tex/generic/pgfplots/util/pgfplotsbinary.co
de.tex
(/usr/local/texlive/2025/texmf-dist/tex/generic/pgfplots/util/pgfplotsbinary.da
ta.code.tex))
(/usr/local/texlive/2025/texmf-dist/tex/generic/pgfplots/util/pgfplotsutil.verb
.code.tex)
(/usr/local/texlive/2025/texmf-dist/tex/generic/pgfplots/libs/pgflibrarypgfplot
s.surfshading.code.tex
(/usr/local/texlive/2025/texmf-dist/tex/generic/pgfplots/sys/pgflibrarypgfplots
.surfshading.pgfsys-luatex.def)))
(/usr/local/texlive/2025/texmf-dist/tex/generic/pgfplots/util/pgfplotscolormap.
code.tex
(/usr/local/texlive/2025/texmf-dist/tex/generic/pgfplots/util/pgfplotscolor.cod
e.tex))
(/usr/local/texlive/2025/texmf-dist/tex/generic/pgfplots/pgfplotsstackedplots.c
ode.tex)
(/usr/local/texlive/2025/texmf-dist/tex/generic/pgfplots/pgfplotsplothandlers.c
ode.tex
(/usr/local/texlive/2025/texmf-dist/tex/generic/pgfplots/pgfplotsmeshplothandle
r.code.tex
(/usr/local/texlive/2025/texmf-dist/tex/generic/pgfplots/pgfplotsmeshplotimage.
code.tex)))
(/usr/local/texlive/2025/texmf-dist/tex/generic/pgfplots/pgfplots.scaling.code.
tex)
(/usr/local/texlive/2025/texmf-dist/tex/generic/pgfplots/pgfplotscoordprocessin
g.code.tex)
(/usr/local/texlive/2025/texmf-dist/tex/generic/pgfplots/pgfplots.errorbars.cod
e.tex)
(/usr/local/texlive/2025/texmf-dist/tex/generic/pgfplots/pgfplots.markers.code.
tex)
(/usr/local/texlive/2025/texmf-dist/tex/generic/pgfplots/pgfplotsticks.code.tex
)
(/usr/local/texlive/2025/texmf-dist/tex/generic/pgfplots/pgfplots.paths.code.te
x)
(/usr/local/texlive/2025/texmf-dist/tex/generic/pgfplots/libs/tikzlibrarypgfplo
ts.contourlua.code.tex))
(/usr/local/texlive/2025/texmf-dist/tex/generic/pgf/frontendlayer/tikz/librarie
s/tikzlibraryplotmarks.code.tex
(/usr/local/texlive/2025/texmf-dist/tex/generic/pgf/libraries/pgflibraryplotmar
ks.code.tex)))
(/usr/local/texlive/2025/texmf-dist/tex/generic/pgfplots/libs/tikzlibrarypgfplo
ts.fillbetween.code.tex
(/usr/local/texlive/2025/texmf-dist/tex/generic/pgfplots/pgfcontrib/tikzlibrary
fillbetween.code.tex
(/usr/local/texlive/2025/texmf-dist/tex/generic/pgfplots/pgfcontrib/tikzlibrary
decorations.softclip.code.tex
(/usr/local/texlive/2025/texmf-dist/tex/generic/pgfplots/pgfcontrib/pgflibraryf
illbetween.code.tex)))
(/usr/local/texlive/2025/texmf-dist/tex/generic/pgfplots/libs/tikzlibrarypgfplo
ts.decorations.softclip.code.tex))
(/usr/local/texlive/2025/texmf-dist/tex/generic/pgfplots/libs/tikzlibrarypgfplo
ts.groupplots.code.tex)
(/usr/local/texlive/2025/texmf-dist/tex/generic/pgfplots/libs/tikzlibrarypgfplo
ts.colormaps.code.tex)
(/usr/local/texlive/2025/texmf-dist/tex/generic/pgfplots/libs/tikzlibrarypgfplo
ts.statistics.code.tex)
(/usr/local/texlive/2025/texmf-dist/tex/latex/booktabs/booktabs.sty)
(/usr/local/texlive/2025/texmf-dist/tex/latex/tools/tabularx.sty)
(/usr/local/texlive/2025/texmf-dist/tex/latex/multirow/multirow.sty)
(/usr/local/texlive/2025/texmf-dist/tex/latex/tools/longtable.sty)
(/usr/local/texlive/2025/texmf-dist/tex/latex/enumitem/enumitem.sty)
(/usr/local/texlive/2025/texmf-dist/tex/latex/caption/caption.sty
(/usr/local/texlive/2025/texmf-dist/tex/latex/caption/caption3.sty)
(/usr/local/texlive/2025/texmf-dist/tex/latex/caption/ltcaption.sty))
(/usr/local/texlive/2025/texmf-dist/tex/latex/caption/subcaption.sty)
(/usr/local/texlive/2025/texmf-dist/tex/latex/siunitx/siunitx.sty
(/usr/local/texlive/2025/texmf-dist/tex/latex/translations/translations.sty
(/usr/local/texlive/2025/texmf-dist/tex/generic/pdftexcmds/pdftexcmds.sty
(/usr/local/texlive/2025/texmf-dist/tex/generic/infwarerr/infwarerr.sty)
(/usr/local/texlive/2025/texmf-dist/tex/generic/ltxcmds/ltxcmds.sty))))
(/usr/local/texlive/2025/texmf-dist/tex/latex/float/float.sty)
(/usr/local/texlive/2025/texmf-dist/tex/latex/wrapfig/wrapfig.sty)
(/usr/local/texlive/2025/texmf-dist/tex/latex/marginnote/marginnote.sty)
(/usr/local/texlive/2025/texmf-dist/tex/latex/pdfpages/pdfpages.sty
(/usr/local/texlive/2025/texmf-dist/tex/latex/base/ifthen.sty)
(/usr/local/texlive/2025/texmf-dist/tex/latex/eso-pic/eso-pic.sty)
(/usr/local/texlive/2025/texmf-dist/tex/latex/pdfpages/ppluatex.def))
(/usr/local/texlive/2025/texmf-dist/tex/latex/tools/multicol.sty)
(/usr/local/texlive/2025/texmf-dist/tex/latex/tools/afterpage.sty)
(/usr/local/texlive/2025/texmf-dist/tex/latex/lipsum/lipsum.sty
(/usr/local/texlive/2025/texmf-dist/tex/latex/lipsum/lipsum.ltd.tex))
(/usr/local/texlive/2025/texmf-dist/tex/latex/emptypage/emptypage.sty)
(/usr/local/texlive/2025/texmf-dist/tex/latex/tcolorbox/tcolorbox.sty
(/usr/local/texlive/2025/texmf-dist/tex/latex/tools/verbatim.sty)
(/usr/local/texlive/2025/texmf-dist/tex/latex/environ/environ.sty
(/usr/local/texlive/2025/texmf-dist/tex/latex/trimspaces/trimspaces.sty))
(/usr/local/texlive/2025/texmf-dist/tex/latex/tcolorbox/tcbraster.code.tex
Library (tcolorbox): 'tcbraster.code.tex' version '6.4.1'
) (/usr/local/texlive/2025/texmf-dist/tex/latex/tcolorbox/tcbskins.code.tex
Library (tcolorbox): 'tcbskins.code.tex' version '6.4.1'
(/usr/local/texlive/2025/texmf-dist/tex/latex/tikzfill/tikzfill.image.sty
(/usr/local/texlive/2025/texmf-dist/tex/latex/tikzfill/tikzfill-common.sty)
(/usr/local/texlive/2025/texmf-dist/tex/latex/tikzfill/tikzlibraryfill.image.co
de.tex))
(/usr/local/texlive/2025/texmf-dist/tex/latex/tcolorbox/tcbskinsjigsaw.code.tex
Library (tcolorbox): 'tcbskinsjigsaw.code.tex' version '6.4.1'
))
(/usr/local/texlive/2025/texmf-dist/tex/latex/tcolorbox/tcbbreakable.code.tex
Library (tcolorbox): 'tcbbreakable.code.tex' version '6.4.1'
(/usr/local/texlive/2025/texmf-dist/tex/latex/pdfcol/pdfcol.sty)
(/usr/local/texlive/2025/texmf-dist/tex/generic/iftex/ifluatex.sty))
(/usr/local/texlive/2025/texmf-dist/tex/latex/tcolorbox/tcbhooks.code.tex
Library (tcolorbox): 'tcbhooks.code.tex' version '6.4.1'
) (/usr/local/texlive/2025/texmf-dist/tex/latex/tcolorbox/tcbtheorems.code.tex
Library (tcolorbox): 'tcbtheorems.code.tex' version '6.4.1'
) (/usr/local/texlive/2025/texmf-dist/tex/latex/tcolorbox/tcbfitting.code.tex
Library (tcolorbox): 'tcbfitting.code.tex' version '6.4.1'
)
(/usr/local/texlive/2025/texmf-dist/tex/latex/tcolorbox/tcblistingsutf8.code.te
x
Library (tcolorbox): 'tcblistingsutf8.code.tex' version '6.4.1'
(/usr/local/texlive/2025/texmf-dist/tex/latex/tcolorbox/tcblistings.code.tex
Library (tcolorbox): 'tcblistings.code.tex' version '6.4.1'
(/usr/local/texlive/2025/texmf-dist/tex/latex/listings/listings.sty
(/usr/local/texlive/2025/texmf-dist/tex/latex/listings/lstpatch.sty)
(/usr/local/texlive/2025/texmf-dist/tex/latex/listings/lstmisc.sty)
(/usr/local/texlive/2025/texmf-dist/tex/latex/listings/listings.cfg))
(/usr/local/texlive/2025/texmf-dist/tex/latex/tcolorbox/tcblistingscore.code.te
x
Library (tcolorbox): 'tcblistingscore.code.tex' version '6.4.1'
(/usr/local/texlive/2025/texmf-dist/tex/latex/tcolorbox/tcbprocessing.code.tex
Library (tcolorbox): 'tcbprocessing.code.tex' version '6.4.1'
))))
(/usr/local/texlive/2025/texmf-dist/tex/latex/tcolorbox/tcbexternal.code.tex
Library (tcolorbox): 'tcbexternal.code.tex' version '6.4.1'
) (/usr/local/texlive/2025/texmf-dist/tex/latex/tcolorbox/tcbmagazine.code.tex
Library (tcolorbox): 'tcbmagazine.code.tex' version '6.4.1'
) (/usr/local/texlive/2025/texmf-dist/tex/latex/tcolorbox/tcbvignette.code.tex
Library (tcolorbox): 'tcbvignette.code.tex' version '6.4.1'
) (/usr/local/texlive/2025/texmf-dist/tex/latex/tcolorbox/tcbposter.code.tex
Library (tcolorbox): 'tcbposter.code.tex' version '6.4.1'
) (/usr/local/texlive/2025/texmf-dist/tex/latex/tcolorbox/tcbminted.code.tex
Library (tcolorbox): 'tcbminted.code.tex' version '6.4.1'
(/usr/local/texlive/2025/texmf-dist/tex/latex/minted/minted.sty
(/usr/local/texlive/2025/texmf-dist/tex/generic/catchfile/catchfile.sty
(/usr/local/texlive/2025/texmf-dist/tex/generic/etexcmds/etexcmds.sty))
(/usr/local/texlive/2025/texmf-dist/tex/latex/fvextra/fvextra.sty
(/usr/local/texlive/2025/texmf-dist/tex/latex/fancyvrb/fancyvrb.sty)
(/usr/local/texlive/2025/texmf-dist/tex/latex/upquote/upquote.sty
(/usr/local/texlive/2025/texmf-dist/tex/latex/base/textcomp.sty))
(/usr/local/texlive/2025/texmf-dist/tex/latex/lineno/lineno.sty
(/usr/local/texlive/2025/texmf-dist/tex/latex/kvoptions/kvoptions.sty
(/usr/local/texlive/2025/texmf-dist/tex/latex/kvsetkeys/kvsetkeys.sty))

LaTeX Warning: Command \@parboxrestore  has changed.
               Check if current package is valid.

)

Package fvextra Warning: csquotes should be loaded after fvextra, to avoid a wa
rning from the lineno package on input line 37.

) (/usr/local/texlive/2025/texmf-dist/tex/latex/latex2pydata/latex2pydata.sty)
(/usr/local/texlive/2025/texmf-dist/tex/latex/pgfopts/pgfopts.sty)
(/usr/local/texlive/2025/texmf-dist/tex/latex/tools/shellesc.sty))))
(/usr/local/texlive/2025/texmf-dist/tex/latex/fontawesome5/fontawesome5.sty
(/usr/local/texlive/2025/texmf-dist/tex/latex/fontawesome5/fontawesome5-utex-he
lper.sty
(/usr/local/texlive/2025/texmf-dist/tex/luatex/luatexbase/luatexbase.sty
(/usr/local/texlive/2025/texmf-dist/tex/luatex/ctablestack/ctablestack.sty))
(/usr/local/texlive/2025/texmf-dist/tex/latex/fontawesome5/tufontawesomefree.fd
)
(/usr/local/texlive/2025/texmf-dist/tex/latex/fontawesome5/tufontawesomebrands.
fd))) (/usr/local/texlive/2025/texmf-dist/tex/latex/titlesec/titlesec.sty)
(/usr/local/texlive/2025/texmf-dist/tex/latex/fancyhdr/fancyhdr.sty)
(/usr/local/texlive/2025/texmf-dist/tex/latex/titlesec/titletoc.sty)
(/usr/local/texlive/2025/texmf-dist/tex/latex/biblatex/biblatex.sty
(/usr/local/texlive/2025/texmf-dist/tex/latex/logreq/logreq.sty
(/usr/local/texlive/2025/texmf-dist/tex/latex/logreq/logreq.def))
(/usr/local/texlive/2025/texmf-dist/tex/latex/url/url.sty)
(/usr/local/texlive/2025/texmf-dist/tex/latex/biblatex/blx-dm.def)
(/usr/local/texlive/2025/texmf-dist/tex/latex/biblatex-apa/apa.dbx)
(/usr/local/texlive/2025/texmf-dist/tex/latex/biblatex/blx-unicode.def)
(/usr/local/texlive/2025/texmf-dist/tex/latex/biblatex/blx-compat.def)
(/usr/local/texlive/2025/texmf-dist/tex/latex/biblatex/biblatex.def)
(/usr/local/texlive/2025/texmf-dist/tex/latex/biblatex-apa/apa.bbx
(/usr/local/texlive/2025/texmf-dist/tex/latex/biblatex/bbx/standard.bbx))
(/usr/local/texlive/2025/texmf-dist/tex/latex/biblatex-apa/apa.cbx)
(/usr/local/texlive/2025/texmf-dist/tex/latex/biblatex/biblatex.cfg)
(/usr/local/texlive/2025/texmf-dist/tex/latex/biblatex/blx-case-expl3.sty))
(/usr/local/texlive/2025/texmf-dist/tex/latex/hyperref/hyperref.sty
(/usr/local/texlive/2025/texmf-dist/tex/generic/kvdefinekeys/kvdefinekeys.sty)
(/usr/local/texlive/2025/texmf-dist/tex/generic/pdfescape/pdfescape.sty)
(/usr/local/texlive/2025/texmf-dist/tex/latex/hycolor/hycolor.sty)
(/usr/local/texlive/2025/texmf-dist/tex/latex/hyperref/nameref.sty
(/usr/local/texlive/2025/texmf-dist/tex/latex/refcount/refcount.sty)
(/usr/local/texlive/2025/texmf-dist/tex/generic/gettitlestring/gettitlestring.s
ty)) (/usr/local/texlive/2025/texmf-dist/tex/generic/stringenc/stringenc.sty)
(/usr/local/texlive/2025/texmf-dist/tex/latex/hyperref/pd1enc.def)
(/usr/local/texlive/2025/texmf-dist/tex/generic/intcalc/intcalc.sty)
(/usr/local/texlive/2025/texmf-dist/tex/latex/hyperref/puenc.def)
(/usr/local/texlive/2025/texmf-dist/tex/generic/bitset/bitset.sty
(/usr/local/texlive/2025/texmf-dist/tex/generic/bigintcalc/bigintcalc.sty))
(/usr/local/texlive/2025/texmf-dist/tex/latex/base/atbegshi-ltx.sty))
(/usr/local/texlive/2025/texmf-dist/tex/latex/hyperref/hluatex.def
(/usr/local/texlive/2025/texmf-dist/tex/latex/base/atveryend-ltx.sty)
(/usr/local/texlive/2025/texmf-dist/tex/latex/rerunfilecheck/rerunfilecheck.sty

(/usr/local/texlive/2025/texmf-dist/tex/generic/uniquecounter/uniquecounter.sty
))) (/usr/local/texlive/2025/texmf-dist/tex/latex/bookmark/bookmark.sty
(/usr/local/texlive/2025/texmf-dist/tex/latex/bookmark/bkm-pdftex.def))
(/usr/local/texlive/2025/texmf-dist/tex/latex/cleveref/cleveref.sty))
(./build/cap15/cap15.aux)
*geometry* driver: auto-detecting
*geometry* detected driver: luatex

Package unicode-math Warning: Using \overbracket and \underbracket from
(unicode-math)                `mathtools' package.
(unicode-math)                 
(unicode-math)                 Use \Uoverbracket and \Uunderbracket for
(unicode-math)                original `unicode-math' definition.


Package unicode-math Warning: I'm going to overwrite the following commands
(unicode-math)                from the `mathtools' package: 
(unicode-math)                 
(unicode-math)                     \dblcolon, \coloneqq, \Coloneqq, \eqqcolon.
(unicode-math)                
(unicode-math)                 
(unicode-math)                 Note that since I won't overwrite the other
(unicode-math)                colon-like commands, using them will lead to
(unicode-math)                inconsistencies.

(/usr/local/texlive/2025/texmf-dist/tex/context/base/mkii/supp-pdf.mkii
[Loading MPS to PDF converter (version 2006.09.02).]
) (/usr/local/texlive/2025/texmf-dist/tex/latex/epstopdf-pkg/epstopdf-base.sty
(/usr/local/texlive/2025/texmf-dist/tex/latex/latexconfig/epstopdf-sys.cfg))
Package pgfplots notification 'compat/show suggested version=true': document ha
s been generated with the most recent feature set (\pgfplotsset{compat=1.18}).


(/usr/local/texlive/2025/texmf-dist/tex/latex/translations/translations-basic-d
ictionary-spanish.trsl)
(/usr/local/texlive/2025/texmf-dist/tex/latex/pdflscape/pdflscape.sty
(/usr/local/texlive/2025/texmf-dist/tex/latex/pdflscape/pdflscape-nometadata.st
y (/usr/local/texlive/2025/texmf-dist/tex/latex/graphics/lscape.sty)))
(/usr/local/texlive/2025/texmf-dist/tex/latex/biblatex-apa/spanish-apa.lbx
(/usr/local/texlive/2025/texmf-dist/tex/latex/biblatex/lbx/spanish.lbx)
(/usr/local/texlive/2025/texmf-dist/tex/latex/biblatex/lbx/spanish.lbx))
(./build/cap15/cap15.bbl) (./capitulos/cap15.tex
Capítulo 15.
(/usr/local/texlive/2025/texmf-dist/tex/latex/microtype/mt-msa.cfg)
(/usr/local/texlive/2025/texmf-dist/tex/latex/microtype/mt-msb.cfg)
[1{/usr/local/texlive/2025/texmf-var/fonts/map/pdftex/updmap/pdftex.map}]

LaTeX Warning: Reference `cap:02' on page 1 undefined on input line 32.


LaTeX Warning: Reference `cap:04' on page 1 undefined on input line 32.

(/usr/local/texlive/2025/texmf-dist/tex/latex/microtype/mt-TU-empty.cfg)
Underfull \vbox (badness 10000) has occurred while \output is active
[2]
[3]

Package siunitx Warning: Unit macro \angstrom has been deprecated in this
(siunitx)                release.
(siunitx)                
(siunitx)                The BIPM have removed this unit from the SI Brochure.
(siunitx)                You should define it yourself using \DeclareSIUnit in
(siunitx)                your source. The current definition is
(siunitx)                
(siunitx)                \DeclareSIUnit\angstrom{Å}

(./figuras/cap15/peptido.tex)
Underfull \vbox (badness 10000) has occurred while \output is active
[4]
[5]
[6<./figuras/cap15/ramachandran.pdf>]
Underfull \vbox (badness 1331) has occurred while \output is active
[7] (./build/cap15/_C0B4BBE241FEA1DCFCCCEB7DAC23E984.config.minted)
(./build/cap15/_minted/friendly.style.minted)
(./build/cap15/_minted/03021548F38310ABF887A011A96039CF.highlight.minted)
Underfull \vbox (badness 10000) has occurred while \output is active
[8]
Underfull \vbox (badness 10000) has occurred while \output is active
[9]
[10]

LaTeX Warning: Reference `cap:02' on page 1 undefined on input line 221.


Underfull \vbox (badness 2644) has occurred while \output is active
[11] (./build/cap15/_minted/monokai.style.minted)
(./build/cap15/_minted/9CB137DF8158A6389FA9F0E071717D56.highlight.minted)
[12] (./build/cap15/_minted/C1AA4962AF6D7FF791A8DEED60038F76.highlight.minted)
[13]
Underfull \vbox (badness 2809) has occurred while \output is active
[14]
[15]

LaTeX Font Warning: Font shape `TU/LibertinusMath-Regular.otf(1)/b/n' undefined

(Font)              using `TU/LibertinusMath-Regular.otf(1)/m/n' instead on inp
ut line 329.


LaTeX Font Warning: Font shape `TU/LibertinusMath-Regular.otf(2)/b/n' undefined

(Font)              using `TU/LibertinusMath-Regular.otf(2)/m/n' instead on inp
ut line 329.


LaTeX Font Warning: Font shape `TU/LibertinusMath-Regular.otf(3)/b/n' undefined

(Font)              using `TU/LibertinusMath-Regular.otf(3)/m/n' instead on inp
ut line 329.


Underfull \vbox (badness 10000) has occurred while \output is active
[16] (./figuras/cap15/kabsch.tex (./figuras/cap15/kabsch_pts.tex)
(./figuras/cap15/kabsch_pts.tex) (./figuras/cap15/kabsch_pts.tex))
Underfull \vbox (badness 10000) has occurred while \output is active
[17] (./build/cap15/_minted/F39BE17E4F9525CB6CC3B1B2B5D0CCC8.highlight.minted)
Underfull \vbox (badness 10000) has occurred while \output is active
[18]

LaTeX Warning: Reference `cap:03' on page 1 undefined on input line 410.


[19]

LaTeX Warning: Reference `cap:03' on page 1 undefined on input line 422.


Underfull \vbox (badness 10000) has occurred while \output is active
[20]
Overfull \hbox (7.6928pt too wide) in paragraph at lines 426--426
|[]\TU/SourceSansPro(2)/m/n/17 Pre-dic-ción de es-truc-tu-ra: de la ho-mo-lo-g
ía a Alpha-

Underfull \vbox (badness 10000) has occurred while \output is active
[21]
[22]
[23]

LaTeX Warning: Reference `cap:04' on page 1 undefined on input line 502.

(./figuras/cap15/coevolucion.tex)
[24]
Underfull \vbox (badness 10000) has occurred while \output is active
[25] (./figuras/cap15/alphafold.tex)

LaTeX Warning: Reference `cap:04' on page 1 undefined on input line 551.


[26]
[27]
Underfull \vbox (badness 10000) has occurred while \output is active
[28]
Underfull \vbox (badness 10000) has occurred while \output is active
[29]
[30] (./build/cap15/_minted/360DBF7EF858724A9D01BA91CCC521BF.highlight.minted)
[31<./figuras/cap15/pae_p53.pdf>]
[32] (./build/cap15/_minted/6DB825007B948C71A30DDF03EDC12ED8.highlight.minted)
[33]
Underfull \vbox (badness 1803) has occurred while \output is active
[34] (./figuras/cap15/docking_esquema.tex)
[35]
Underfull \vbox (badness 10000) has occurred while \output is active
[36]
Overfull \hbox (8.6793pt too wide) detected at line 752
[][][][][][]

Underfull \vbox (badness 7047) has occurred while \output is active
[37]
Underfull \vbox (badness 10000) has occurred while \output is active
[38]
[39] (./build/cap15/_minted/D0A6A6B4C1C1CB7681C7513C631A1C6E.highlight.minted)
[40]
Underfull \vbox (badness 10000) has occurred while \output is active
[41] (./build/cap15/_minted/82E519058A671269FC1C8DDBC425A727.highlight.minted)
[42]
Overfull \hbox (15.38777pt too wide) in paragraph at lines 906--907
[]\TU/LibertinusSerif(0)/m/n/10.95 ¿Hay evi-den-cia ex-pe-ri-men-tal in-de-pen
-dien-te (mu-ta-gé-ne-sis, re-la-ción estructura-

Underfull \vbox (badness 10000) has occurred while \output is active
[43]
[44] (./build/cap15/_minted/63FB111A674CD6D5CB99448DB4BEAAB3.highlight.minted)
(./build/cap15/_minted/96827E0634B8FDC7602F37E9ACD68124.highlight.minted)
[45]
[46]
[47])
[48] (./build/cap15/cap15.aux)

LaTeX Font Warning: Some font shapes were not available, defaults substituted.


LaTeX Warning: There were undefined references.


LaTeX Warning: Label(s) may have changed. Rerun to get cross-references right.


Package biblatex Warning: Please rerun LaTeX.
(biblatex)                Page breaks have changed.

)
(see the transcript file for additional information)
 1967 words of node memory still in use:
   31 hlist, 2 vlist, 14 rule, 4 glue, 4 kern, 1 glyph, 244 attribute, 81 glue_
spec, 160 attribute_list, 2 write, 24 pdf_literal, 6 pdf_action, 24 pdf_colorst
ack nodes
   avail lists: 1:38,2:14796,3:7457,4:845,5:767,6:85,7:8083,8:88,9:1574,10:31,1
1:947
</usr/local/texlive/2025/texmf-dist/fonts/opentype/adobe/sourcesanspro/SourceSa
nsPro-SemiboldIt.otf></usr/local/texlive/2025/texmf-dist/fonts/opentype/public/
fira/FiraMono-Oblique.otf></usr/local/texlive/2025/texmf-dist/fonts/opentype/pu
blic/fira/FiraMono-Medium.otf></usr/local/texlive/2025/texmf-dist/fonts/opentyp
e/public/fira/FiraMono-Regular.otf></usr/local/texlive/2025/texmf-dist/fonts/op
entype/public/libertinus-fonts/LibertinusSerif-Semibold.otf></usr/local/texlive
/2025/texmf-dist/fonts/opentype/public/libertinus-fonts/LibertinusSerif-Regular
.otf></usr/local/texlive/2025/texmf-dist/fonts/opentype/public/libertinus-fonts
/LibertinusMath-Regular.otf></usr/local/texlive/2025/texmf-dist/fonts/opentype/
public/libertinus-fonts/LibertinusMath-Regular.otf></usr/local/texlive/2025/tex
mf-dist/fonts/opentype/public/fontawesome5/FontAwesome5Brands-Regular-400.otf><
/usr/local/texlive/2025/texmf-dist/fonts/opentype/public/fontawesome5/FontAweso
me5Free-Solid-900.otf></usr/local/texlive/2025/texmf-dist/fonts/opentype/adobe/
sourcesanspro/SourceSansPro-Black.otf></usr/local/texlive/2025/texmf-dist/fonts
/opentype/public/libertinus-fonts/LibertinusSerif-Semibold.otf></usr/local/texl
ive/2025/texmf-dist/fonts/opentype/public/libertinus-fonts/LibertinusSerif-Regu
lar.otf></usr/local/texlive/2025/texmf-dist/fonts/opentype/adobe/sourcesanspro/
SourceSansPro-RegularIt.otf></usr/local/texlive/2025/texmf-dist/fonts/opentype/
public/libertinus-fonts/LibertinusMath-Regular.otf></usr/local/texlive/2025/tex
mf-dist/fonts/opentype/adobe/sourcesanspro/SourceSansPro-Regular.otf></usr/loca
l/texlive/2025/texmf-dist/fonts/opentype/public/libertinus-fonts/LibertinusSeri
f-Italic.otf></usr/local/texlive/2025/texmf-dist/fonts/opentype/adobe/sourcesan
spro/SourceSansPro-Light.otf></usr/local/texlive/2025/texmf-dist/fonts/opentype
/adobe/sourcesanspro/SourceSansPro-Semibold.otf></usr/local/texlive/2025/texmf-
dist/fonts/opentype/adobe/sourcesanspro/SourceSansPro-ExtraLight.otf>
Output written on cap15.pdf (48 pages, 651215 bytes).
Transcript written on cap15.log.
Latexmk: Getting log file 'build/cap15/cap15.log'
Latexmk: Examining 'build/cap15/cap15.fls'
Latexmk: Examining 'build/cap15/cap15.log'
Latexmk: Found input bbl file 'build/cap15/cap15.bbl'
Latexmk: References changed.
Latexmk: References changed.
Latexmk: Log file says output to 'cap15.pdf'
Latexmk: Bibliography file(s) from .bcf file:
  bib/cap15.bib
Latexmk: applying rule 'lualatex'...
Rule 'lualatex':  Reasons for rerun
Changed files or newly in use/created:
  build/cap15/cap15.aux
  build/cap15/cap15.run.xml

------------
Run number 2 of rule 'lualatex'
------------
------------
Running 'lualatex  -shell-escape -interaction=nonstopmode -halt-on-error -recorder -output-directory="build/cap15"  "build/cap15/cap15.tex"'
------------
This is LuaHBTeX, Version 1.21.0 (TeX Live 2025) 
 system commands enabled.
(./build/cap15/cap15.tex
LaTeX2e <2024-11-01> patch level 2
L3 programming layer <2025-01-18>
 (/usr/local/texlive/2025/texmf-dist/tex/latex/base/book.cls
Document Class: book 2024/06/29 v1.4n Standard LaTeX document class
(/usr/local/texlive/2025/texmf-dist/tex/latex/base/bk11.clo))
(./estilo/bioinfo.sty

LaTeX Warning: You have requested package `estilo/bioinfo',
               but the package provides `bioinfo'.

(/usr/local/texlive/2025/texmf-dist/tex/latex/geometry/geometry.sty
(/usr/local/texlive/2025/texmf-dist/tex/latex/graphics/keyval.sty)
(/usr/local/texlive/2025/texmf-dist/tex/generic/iftex/ifvtex.sty
(/usr/local/texlive/2025/texmf-dist/tex/generic/iftex/iftex.sty)))
(/usr/local/texlive/2025/texmf-dist/tex/generic/babel/babel.sty
(/usr/local/texlive/2025/texmf-dist/tex/generic/babel/luababel.def)
(/usr/local/texlive/2025/texmf-dist/tex/generic/babel/luababel.def)
(/usr/local/texlive/2025/texmf-dist/tex/generic/babel-spanish/spanish.ldf
(/usr/local/texlive/2025/texmf-dist/tex/generic/hyph-utf8/loadhyph/loadhyph-es.
tex UTF-8 Spanish hyphenation patterns
(/usr/local/texlive/2025/texmf-dist/tex/generic/hyph-utf8/patterns/tex/hyph-es.
tex))))
(/usr/local/texlive/2025/texmf-dist/tex/generic/babel/locale/es/babel-spanish.t
ex) (/usr/local/texlive/2025/texmf-dist/tex/latex/amsmath/amsmath.sty
For additional information on amsmath, use the `?' option.
(/usr/local/texlive/2025/texmf-dist/tex/latex/amsmath/amstext.sty
(/usr/local/texlive/2025/texmf-dist/tex/latex/amsmath/amsgen.sty))
(/usr/local/texlive/2025/texmf-dist/tex/latex/amsmath/amsbsy.sty)
(/usr/local/texlive/2025/texmf-dist/tex/latex/amsmath/amsopn.sty))
(/usr/local/texlive/2025/texmf-dist/tex/latex/amsfonts/amssymb.sty
(/usr/local/texlive/2025/texmf-dist/tex/latex/amsfonts/amsfonts.sty))
(/usr/local/texlive/2025/texmf-dist/tex/latex/mathtools/mathtools.sty
(/usr/local/texlive/2025/texmf-dist/tex/latex/tools/calc.sty)
(/usr/local/texlive/2025/texmf-dist/tex/latex/mathtools/mhsetup.sty))
(/usr/local/texlive/2025/texmf-dist/tex/latex/fontspec/fontspec.sty
(/usr/local/texlive/2025/texmf-dist/tex/latex/l3packages/xparse/xparse.sty
(/usr/local/texlive/2025/texmf-dist/tex/latex/l3kernel/expl3.sty
(/usr/local/texlive/2025/texmf-dist/tex/latex/l3backend/l3backend-luatex.def)))
 (/usr/local/texlive/2025/texmf-dist/tex/latex/fontspec/fontspec-luatex.sty
(/usr/local/texlive/2025/texmf-dist/tex/latex/base/fontenc.sty)
(/usr/local/texlive/2025/texmf-dist/tex/latex/fontspec/fontspec.cfg)))
(/usr/local/texlive/2025/texmf-dist/tex/latex/unicode-math/unicode-math.sty
(/usr/local/texlive/2025/texmf-dist/tex/latex/unicode-math/unicode-math-luatex.
sty
(/usr/local/texlive/2025/texmf-dist/tex/latex/l3packages/l3keys2e/l3keys2e.sty)
 (/usr/local/texlive/2025/texmf-dist/tex/latex/base/fix-cm.sty
(/usr/local/texlive/2025/texmf-dist/tex/latex/base/ts1enc.def))
(/usr/local/texlive/2025/texmf-dist/tex/lualatex/lualatex-math/lualatex-math.st
y (/usr/local/texlive/2025/texmf-dist/tex/latex/etoolbox/etoolbox.sty))
(/usr/local/texlive/2025/texmf-dist/tex/latex/unicode-math/unicode-math-table.t
ex))) (/usr/local/texlive/2025/texmf-dist/tex/latex/amsfonts/umsa.fd)
(/usr/local/texlive/2025/texmf-dist/tex/latex/amsfonts/umsb.fd)
(/usr/local/texlive/2025/texmf-dist/tex/latex/microtype/microtype.sty
(/usr/local/texlive/2025/texmf-dist/tex/latex/microtype/microtype-luatex.def)
(/usr/local/texlive/2025/texmf-dist/tex/latex/microtype/microtype.cfg))
(/usr/local/texlive/2025/texmf-dist/tex/latex/csquotes/csquotes.sty
(/usr/local/texlive/2025/texmf-dist/tex/latex/csquotes/csquotes.def)
(/usr/local/texlive/2025/texmf-dist/tex/latex/csquotes/csquotes.cfg))
(/usr/local/texlive/2025/texmf-dist/tex/latex/xcolor/xcolor.sty
(/usr/local/texlive/2025/texmf-dist/tex/latex/graphics-cfg/color.cfg)
(/usr/local/texlive/2025/texmf-dist/tex/latex/graphics-def/luatex.def)
(/usr/local/texlive/2025/texmf-dist/tex/latex/graphics/mathcolor.ltx))
(/usr/local/texlive/2025/texmf-dist/tex/latex/graphics/dvipsnam.def)
(/usr/local/texlive/2025/texmf-dist/tex/latex/colortbl/colortbl.sty
(/usr/local/texlive/2025/texmf-dist/tex/latex/tools/array.sty))
(/usr/local/texlive/2025/texmf-dist/tex/latex/graphics/graphicx.sty
(/usr/local/texlive/2025/texmf-dist/tex/latex/graphics/graphics.sty
(/usr/local/texlive/2025/texmf-dist/tex/latex/graphics/trig.sty)
(/usr/local/texlive/2025/texmf-dist/tex/latex/graphics-cfg/graphics.cfg)))
(/usr/local/texlive/2025/texmf-dist/tex/latex/pgf/frontendlayer/tikz.sty
(/usr/local/texlive/2025/texmf-dist/tex/latex/pgf/basiclayer/pgf.sty
(/usr/local/texlive/2025/texmf-dist/tex/latex/pgf/utilities/pgfrcs.sty
(/usr/local/texlive/2025/texmf-dist/tex/generic/pgf/utilities/pgfutil-common.te
x)
(/usr/local/texlive/2025/texmf-dist/tex/generic/pgf/utilities/pgfutil-latex.def
) (/usr/local/texlive/2025/texmf-dist/tex/generic/pgf/utilities/pgfrcs.code.tex
(/usr/local/texlive/2025/texmf-dist/tex/generic/pgf/pgf.revision.tex)))
(/usr/local/texlive/2025/texmf-dist/tex/latex/pgf/basiclayer/pgfcore.sty
(/usr/local/texlive/2025/texmf-dist/tex/latex/pgf/systemlayer/pgfsys.sty
(/usr/local/texlive/2025/texmf-dist/tex/generic/pgf/systemlayer/pgfsys.code.tex
(/usr/local/texlive/2025/texmf-dist/tex/generic/pgf/utilities/pgfkeys.code.tex
(/usr/local/texlive/2025/texmf-dist/tex/generic/pgf/utilities/pgfkeyslibraryfil
tered.code.tex))
(/usr/local/texlive/2025/texmf-dist/tex/generic/pgf/systemlayer/pgf.cfg)
(/usr/local/texlive/2025/texmf-dist/tex/generic/pgf/systemlayer/pgfsys-luatex.d
ef
(/usr/local/texlive/2025/texmf-dist/tex/generic/pgf/systemlayer/pgfsys-common-p
df.def)))
(/usr/local/texlive/2025/texmf-dist/tex/generic/pgf/systemlayer/pgfsyssoftpath.
code.tex)
(/usr/local/texlive/2025/texmf-dist/tex/generic/pgf/systemlayer/pgfsysprotocol.
code.tex))
(/usr/local/texlive/2025/texmf-dist/tex/generic/pgf/basiclayer/pgfcore.code.tex
(/usr/local/texlive/2025/texmf-dist/tex/generic/pgf/math/pgfmath.code.tex
(/usr/local/texlive/2025/texmf-dist/tex/generic/pgf/math/pgfmathutil.code.tex)
(/usr/local/texlive/2025/texmf-dist/tex/generic/pgf/math/pgfmathparser.code.tex
)
(/usr/local/texlive/2025/texmf-dist/tex/generic/pgf/math/pgfmathfunctions.code.
tex)
(/usr/local/texlive/2025/texmf-dist/tex/generic/pgf/math/pgfmathfunctions.basic
.code.tex)
(/usr/local/texlive/2025/texmf-dist/tex/generic/pgf/math/pgfmathfunctions.trigo
nometric.code.tex)
(/usr/local/texlive/2025/texmf-dist/tex/generic/pgf/math/pgfmathfunctions.rando
m.code.tex)
(/usr/local/texlive/2025/texmf-dist/tex/generic/pgf/math/pgfmathfunctions.compa
rison.code.tex)
(/usr/local/texlive/2025/texmf-dist/tex/generic/pgf/math/pgfmathfunctions.base.
code.tex)
(/usr/local/texlive/2025/texmf-dist/tex/generic/pgf/math/pgfmathfunctions.round
.code.tex)
(/usr/local/texlive/2025/texmf-dist/tex/generic/pgf/math/pgfmathfunctions.misc.
code.tex)
(/usr/local/texlive/2025/texmf-dist/tex/generic/pgf/math/pgfmathfunctions.integ
erarithmetics.code.tex)
(/usr/local/texlive/2025/texmf-dist/tex/generic/pgf/math/pgfmathcalc.code.tex)
(/usr/local/texlive/2025/texmf-dist/tex/generic/pgf/math/pgfmathfloat.code.tex)
) (/usr/local/texlive/2025/texmf-dist/tex/generic/pgf/math/pgfint.code.tex)
(/usr/local/texlive/2025/texmf-dist/tex/generic/pgf/basiclayer/pgfcorepoints.co
de.tex)
(/usr/local/texlive/2025/texmf-dist/tex/generic/pgf/basiclayer/pgfcorepathconst
ruct.code.tex)
(/usr/local/texlive/2025/texmf-dist/tex/generic/pgf/basiclayer/pgfcorepathusage
.code.tex)
(/usr/local/texlive/2025/texmf-dist/tex/generic/pgf/basiclayer/pgfcorescopes.co
de.tex)
(/usr/local/texlive/2025/texmf-dist/tex/generic/pgf/basiclayer/pgfcoregraphicst
ate.code.tex)
(/usr/local/texlive/2025/texmf-dist/tex/generic/pgf/basiclayer/pgfcoretransform
ations.code.tex)
(/usr/local/texlive/2025/texmf-dist/tex/generic/pgf/basiclayer/pgfcorequick.cod
e.tex)
(/usr/local/texlive/2025/texmf-dist/tex/generic/pgf/basiclayer/pgfcoreobjects.c
ode.tex)
(/usr/local/texlive/2025/texmf-dist/tex/generic/pgf/basiclayer/pgfcorepathproce
ssing.code.tex)
(/usr/local/texlive/2025/texmf-dist/tex/generic/pgf/basiclayer/pgfcorearrows.co
de.tex)
(/usr/local/texlive/2025/texmf-dist/tex/generic/pgf/basiclayer/pgfcoreshade.cod
e.tex)
(/usr/local/texlive/2025/texmf-dist/tex/generic/pgf/basiclayer/pgfcoreimage.cod
e.tex)
(/usr/local/texlive/2025/texmf-dist/tex/generic/pgf/basiclayer/pgfcoreexternal.
code.tex)
(/usr/local/texlive/2025/texmf-dist/tex/generic/pgf/basiclayer/pgfcorelayers.co
de.tex)
(/usr/local/texlive/2025/texmf-dist/tex/generic/pgf/basiclayer/pgfcoretranspare
ncy.code.tex)
(/usr/local/texlive/2025/texmf-dist/tex/generic/pgf/basiclayer/pgfcorepatterns.
code.tex)
(/usr/local/texlive/2025/texmf-dist/tex/generic/pgf/basiclayer/pgfcorerdf.code.
tex)))
(/usr/local/texlive/2025/texmf-dist/tex/generic/pgf/modules/pgfmoduleshapes.cod
e.tex)
(/usr/local/texlive/2025/texmf-dist/tex/generic/pgf/modules/pgfmoduleplot.code.
tex)
(/usr/local/texlive/2025/texmf-dist/tex/latex/pgf/compatibility/pgfcomp-version
-0-65.sty)
(/usr/local/texlive/2025/texmf-dist/tex/latex/pgf/compatibility/pgfcomp-version
-1-18.sty))
(/usr/local/texlive/2025/texmf-dist/tex/latex/pgf/utilities/pgffor.sty
(/usr/local/texlive/2025/texmf-dist/tex/latex/pgf/utilities/pgfkeys.sty
(/usr/local/texlive/2025/texmf-dist/tex/generic/pgf/utilities/pgfkeys.code.tex)
) (/usr/local/texlive/2025/texmf-dist/tex/latex/pgf/math/pgfmath.sty
(/usr/local/texlive/2025/texmf-dist/tex/generic/pgf/math/pgfmath.code.tex))
(/usr/local/texlive/2025/texmf-dist/tex/generic/pgf/utilities/pgffor.code.tex))

(/usr/local/texlive/2025/texmf-dist/tex/generic/pgf/frontendlayer/tikz/tikz.cod
e.tex
(/usr/local/texlive/2025/texmf-dist/tex/generic/pgf/libraries/pgflibraryplothan
dlers.code.tex)
(/usr/local/texlive/2025/texmf-dist/tex/generic/pgf/modules/pgfmodulematrix.cod
e.tex)
(/usr/local/texlive/2025/texmf-dist/tex/generic/pgf/frontendlayer/tikz/librarie
s/tikzlibrarytopaths.code.tex)))
(/usr/local/texlive/2025/texmf-dist/tex/generic/pgf/libraries/pgflibraryarrows.
meta.code.tex)
(/usr/local/texlive/2025/texmf-dist/tex/generic/pgf/frontendlayer/tikz/librarie
s/tikzlibrarypositioning.code.tex)
(/usr/local/texlive/2025/texmf-dist/tex/generic/pgf/frontendlayer/tikz/librarie
s/tikzlibrarycalc.code.tex)
(/usr/local/texlive/2025/texmf-dist/tex/generic/pgf/frontendlayer/tikz/librarie
s/tikzlibraryfit.code.tex)
(/usr/local/texlive/2025/texmf-dist/tex/generic/pgf/frontendlayer/tikz/librarie
s/tikzlibrarybackgrounds.code.tex)
(/usr/local/texlive/2025/texmf-dist/tex/generic/pgf/frontendlayer/tikz/librarie
s/tikzlibraryshapes.code.tex
(/usr/local/texlive/2025/texmf-dist/tex/generic/pgf/frontendlayer/tikz/librarie
s/tikzlibraryshapes.geometric.code.tex
(/usr/local/texlive/2025/texmf-dist/tex/generic/pgf/libraries/shapes/pgflibrary
shapes.geometric.code.tex))
(/usr/local/texlive/2025/texmf-dist/tex/generic/pgf/frontendlayer/tikz/librarie
s/tikzlibraryshapes.misc.code.tex
(/usr/local/texlive/2025/texmf-dist/tex/generic/pgf/libraries/shapes/pgflibrary
shapes.misc.code.tex))
(/usr/local/texlive/2025/texmf-dist/tex/generic/pgf/frontendlayer/tikz/librarie
s/tikzlibraryshapes.symbols.code.tex
(/usr/local/texlive/2025/texmf-dist/tex/generic/pgf/libraries/shapes/pgflibrary
shapes.symbols.code.tex))
(/usr/local/texlive/2025/texmf-dist/tex/generic/pgf/frontendlayer/tikz/librarie
s/tikzlibraryshapes.arrows.code.tex
(/usr/local/texlive/2025/texmf-dist/tex/generic/pgf/libraries/shapes/pgflibrary
shapes.arrows.code.tex))
(/usr/local/texlive/2025/texmf-dist/tex/generic/pgf/frontendlayer/tikz/librarie
s/tikzlibraryshapes.callouts.code.tex
(/usr/local/texlive/2025/texmf-dist/tex/generic/pgf/libraries/shapes/pgflibrary
shapes.callouts.code.tex))
(/usr/local/texlive/2025/texmf-dist/tex/generic/pgf/frontendlayer/tikz/librarie
s/tikzlibraryshapes.multipart.code.tex
(/usr/local/texlive/2025/texmf-dist/tex/generic/pgf/libraries/shapes/pgflibrary
shapes.multipart.code.tex)))
(/usr/local/texlive/2025/texmf-dist/tex/generic/pgf/frontendlayer/tikz/librarie
s/tikzlibrarydecorations.pathreplacing.code.tex
(/usr/local/texlive/2025/texmf-dist/tex/generic/pgf/frontendlayer/tikz/librarie
s/tikzlibrarydecorations.code.tex
(/usr/local/texlive/2025/texmf-dist/tex/generic/pgf/modules/pgfmoduledecoration
s.code.tex))
(/usr/local/texlive/2025/texmf-dist/tex/generic/pgf/libraries/decorations/pgfli
brarydecorations.pathreplacing.code.tex))
(/usr/local/texlive/2025/texmf-dist/tex/generic/pgf/frontendlayer/tikz/librarie
s/tikzlibrarydecorations.pathmorphing.code.tex
(/usr/local/texlive/2025/texmf-dist/tex/generic/pgf/libraries/decorations/pgfli
brarydecorations.pathmorphing.code.tex))
(/usr/local/texlive/2025/texmf-dist/tex/generic/pgf/frontendlayer/tikz/librarie
s/tikzlibrarydecorations.text.code.tex
(/usr/local/texlive/2025/texmf-dist/tex/generic/pgf/libraries/decorations/pgfli
brarydecorations.text.code.tex))
(/usr/local/texlive/2025/texmf-dist/tex/generic/pgf/frontendlayer/tikz/librarie
s/tikzlibrarypatterns.code.tex
(/usr/local/texlive/2025/texmf-dist/tex/generic/pgf/libraries/pgflibrarypattern
s.code.tex))
(/usr/local/texlive/2025/texmf-dist/tex/generic/pgf/frontendlayer/tikz/librarie
s/tikzlibraryshadows.code.tex
(/usr/local/texlive/2025/texmf-dist/tex/generic/pgf/frontendlayer/tikz/librarie
s/tikzlibraryfadings.code.tex
(/usr/local/texlive/2025/texmf-dist/tex/generic/pgf/libraries/pgflibraryfadings
.code.tex)))
(/usr/local/texlive/2025/texmf-dist/tex/latex/pgf-blur/tikzlibraryshadows.blur.
code.tex  v1.02, 2012/12/09)
(/usr/local/texlive/2025/texmf-dist/tex/generic/pgf/frontendlayer/tikz/librarie
s/tikzlibrarymatrix.code.tex)
(/usr/local/texlive/2025/texmf-dist/tex/generic/pgf/frontendlayer/tikz/librarie
s/tikzlibrarychains.code.tex)
(/usr/local/texlive/2025/texmf-dist/tex/generic/pgf/frontendlayer/tikz/librarie
s/tikzlibraryintersections.code.tex
(/usr/local/texlive/2025/texmf-dist/tex/generic/pgf/libraries/pgflibraryinterse
ctions.code.tex
(/usr/local/texlive/2025/texmf-dist/tex/generic/pgf/libraries/pgflibraryfpu.cod
e.tex)))
(/usr/local/texlive/2025/texmf-dist/tex/generic/pgf/frontendlayer/tikz/librarie
s/tikzlibrarytrees.code.tex)
(/usr/local/texlive/2025/texmf-dist/tex/generic/pgf/frontendlayer/tikz/librarie
s/graphs/tikzlibrarygraphs.code.tex)
(/usr/local/texlive/2025/texmf-dist/tex/generic/pgf/frontendlayer/tikz/librarie
s/tikzlibraryquotes.code.tex)
(/usr/local/texlive/2025/texmf-dist/tex/generic/pgf/frontendlayer/tikz/librarie
s/tikzlibraryspy.code.tex)
(/usr/local/texlive/2025/texmf-dist/tex/generic/pgf/frontendlayer/tikz/librarie
s/tikzlibrarybending.code.tex
(/usr/local/texlive/2025/texmf-dist/tex/generic/pgf/modules/pgfmodulebending.co
de.tex
(/usr/local/texlive/2025/texmf-dist/tex/generic/pgf/modules/pgfmodulenonlineart
ransformations.code.tex)
(/usr/local/texlive/2025/texmf-dist/tex/generic/pgf/libraries/pgflibrarycurvili
near.code.tex)))
(/usr/local/texlive/2025/texmf-dist/tex/generic/pgf/frontendlayer/tikz/librarie
s/tikzlibrarymath.code.tex
(/usr/local/texlive/2025/texmf-dist/tex/generic/pgf/frontendlayer/tikz/librarie
s/tikzlibraryfpu.code.tex))
(/usr/local/texlive/2025/texmf-dist/tex/latex/pgfplots/pgfplots.sty
(/usr/local/texlive/2025/texmf-dist/tex/generic/pgfplots/pgfplots.revision.tex)
(/usr/local/texlive/2025/texmf-dist/tex/generic/pgfplots/pgfplots.code.tex
(/usr/local/texlive/2025/texmf-dist/tex/generic/pgfplots/pgfplotscore.code.tex
(/usr/local/texlive/2025/texmf-dist/tex/generic/pgfplots/sys/pgfplotssysgeneric
.code.tex))
(/usr/local/texlive/2025/texmf-dist/tex/generic/pgfplots/libs/pgfplotslibrary.c
ode.tex)
(/usr/local/texlive/2025/texmf-dist/tex/generic/pgfplots/oldpgfcompatib/pgfplot
soldpgfsupp_loader.code.tex
Package pgfplots: loading complementary utilities for your pgf version...

(/usr/local/texlive/2025/texmf-dist/tex/generic/pgfplots/oldpgfcompatib/pgfplot
soldpgfsupp_pgfutil-common-lists.tex)
(/usr/local/texlive/2025/texmf-dist/tex/generic/pgf/libraries/luamath/pgflibrar
yluamath.code.tex))
(/usr/local/texlive/2025/texmf-dist/tex/generic/pgfplots/util/pgfplotsutil.code
.tex
(/usr/local/texlive/2025/texmf-dist/tex/generic/pgfplots/liststructure/pgfplots
liststructure.code.tex)
(/usr/local/texlive/2025/texmf-dist/tex/generic/pgfplots/liststructure/pgfplots
liststructureext.code.tex)
(/usr/local/texlive/2025/texmf-dist/tex/generic/pgfplots/liststructure/pgfplots
array.code.tex)
(/usr/local/texlive/2025/texmf-dist/tex/generic/pgfplots/liststructure/pgfplots
matrix.code.tex)
(/usr/local/texlive/2025/texmf-dist/tex/generic/pgfplots/numtable/pgfplotstable
shared.code.tex)
(/usr/local/texlive/2025/texmf-dist/tex/generic/pgfplots/liststructure/pgfplots
deque.code.tex)
(/usr/local/texlive/2025/texmf-dist/tex/generic/pgfplots/util/pgfplotsbinary.co
de.tex
(/usr/local/texlive/2025/texmf-dist/tex/generic/pgfplots/util/pgfplotsbinary.da
ta.code.tex))
(/usr/local/texlive/2025/texmf-dist/tex/generic/pgfplots/util/pgfplotsutil.verb
.code.tex)
(/usr/local/texlive/2025/texmf-dist/tex/generic/pgfplots/libs/pgflibrarypgfplot
s.surfshading.code.tex
(/usr/local/texlive/2025/texmf-dist/tex/generic/pgfplots/sys/pgflibrarypgfplots
.surfshading.pgfsys-luatex.def)))
(/usr/local/texlive/2025/texmf-dist/tex/generic/pgfplots/util/pgfplotscolormap.
code.tex
(/usr/local/texlive/2025/texmf-dist/tex/generic/pgfplots/util/pgfplotscolor.cod
e.tex))
(/usr/local/texlive/2025/texmf-dist/tex/generic/pgfplots/pgfplotsstackedplots.c
ode.tex)
(/usr/local/texlive/2025/texmf-dist/tex/generic/pgfplots/pgfplotsplothandlers.c
ode.tex
(/usr/local/texlive/2025/texmf-dist/tex/generic/pgfplots/pgfplotsmeshplothandle
r.code.tex
(/usr/local/texlive/2025/texmf-dist/tex/generic/pgfplots/pgfplotsmeshplotimage.
code.tex)))
(/usr/local/texlive/2025/texmf-dist/tex/generic/pgfplots/pgfplots.scaling.code.
tex)
(/usr/local/texlive/2025/texmf-dist/tex/generic/pgfplots/pgfplotscoordprocessin
g.code.tex)
(/usr/local/texlive/2025/texmf-dist/tex/generic/pgfplots/pgfplots.errorbars.cod
e.tex)
(/usr/local/texlive/2025/texmf-dist/tex/generic/pgfplots/pgfplots.markers.code.
tex)
(/usr/local/texlive/2025/texmf-dist/tex/generic/pgfplots/pgfplotsticks.code.tex
)
(/usr/local/texlive/2025/texmf-dist/tex/generic/pgfplots/pgfplots.paths.code.te
x)
(/usr/local/texlive/2025/texmf-dist/tex/generic/pgfplots/libs/tikzlibrarypgfplo
ts.contourlua.code.tex))
(/usr/local/texlive/2025/texmf-dist/tex/generic/pgf/frontendlayer/tikz/librarie
s/tikzlibraryplotmarks.code.tex
(/usr/local/texlive/2025/texmf-dist/tex/generic/pgf/libraries/pgflibraryplotmar
ks.code.tex)))
(/usr/local/texlive/2025/texmf-dist/tex/generic/pgfplots/libs/tikzlibrarypgfplo
ts.fillbetween.code.tex
(/usr/local/texlive/2025/texmf-dist/tex/generic/pgfplots/pgfcontrib/tikzlibrary
fillbetween.code.tex
(/usr/local/texlive/2025/texmf-dist/tex/generic/pgfplots/pgfcontrib/tikzlibrary
decorations.softclip.code.tex
(/usr/local/texlive/2025/texmf-dist/tex/generic/pgfplots/pgfcontrib/pgflibraryf
illbetween.code.tex)))
(/usr/local/texlive/2025/texmf-dist/tex/generic/pgfplots/libs/tikzlibrarypgfplo
ts.decorations.softclip.code.tex))
(/usr/local/texlive/2025/texmf-dist/tex/generic/pgfplots/libs/tikzlibrarypgfplo
ts.groupplots.code.tex)
(/usr/local/texlive/2025/texmf-dist/tex/generic/pgfplots/libs/tikzlibrarypgfplo
ts.colormaps.code.tex)
(/usr/local/texlive/2025/texmf-dist/tex/generic/pgfplots/libs/tikzlibrarypgfplo
ts.statistics.code.tex)
(/usr/local/texlive/2025/texmf-dist/tex/latex/booktabs/booktabs.sty)
(/usr/local/texlive/2025/texmf-dist/tex/latex/tools/tabularx.sty)
(/usr/local/texlive/2025/texmf-dist/tex/latex/multirow/multirow.sty)
(/usr/local/texlive/2025/texmf-dist/tex/latex/tools/longtable.sty)
(/usr/local/texlive/2025/texmf-dist/tex/latex/enumitem/enumitem.sty)
(/usr/local/texlive/2025/texmf-dist/tex/latex/caption/caption.sty
(/usr/local/texlive/2025/texmf-dist/tex/latex/caption/caption3.sty)
(/usr/local/texlive/2025/texmf-dist/tex/latex/caption/ltcaption.sty))
(/usr/local/texlive/2025/texmf-dist/tex/latex/caption/subcaption.sty)
(/usr/local/texlive/2025/texmf-dist/tex/latex/siunitx/siunitx.sty
(/usr/local/texlive/2025/texmf-dist/tex/latex/translations/translations.sty
(/usr/local/texlive/2025/texmf-dist/tex/generic/pdftexcmds/pdftexcmds.sty
(/usr/local/texlive/2025/texmf-dist/tex/generic/infwarerr/infwarerr.sty)
(/usr/local/texlive/2025/texmf-dist/tex/generic/ltxcmds/ltxcmds.sty))))
(/usr/local/texlive/2025/texmf-dist/tex/latex/float/float.sty)
(/usr/local/texlive/2025/texmf-dist/tex/latex/wrapfig/wrapfig.sty)
(/usr/local/texlive/2025/texmf-dist/tex/latex/marginnote/marginnote.sty)
(/usr/local/texlive/2025/texmf-dist/tex/latex/pdfpages/pdfpages.sty
(/usr/local/texlive/2025/texmf-dist/tex/latex/base/ifthen.sty)
(/usr/local/texlive/2025/texmf-dist/tex/latex/eso-pic/eso-pic.sty)
(/usr/local/texlive/2025/texmf-dist/tex/latex/pdfpages/ppluatex.def))
(/usr/local/texlive/2025/texmf-dist/tex/latex/tools/multicol.sty)
(/usr/local/texlive/2025/texmf-dist/tex/latex/tools/afterpage.sty)
(/usr/local/texlive/2025/texmf-dist/tex/latex/lipsum/lipsum.sty
(/usr/local/texlive/2025/texmf-dist/tex/latex/lipsum/lipsum.ltd.tex))
(/usr/local/texlive/2025/texmf-dist/tex/latex/emptypage/emptypage.sty)
(/usr/local/texlive/2025/texmf-dist/tex/latex/tcolorbox/tcolorbox.sty
(/usr/local/texlive/2025/texmf-dist/tex/latex/tools/verbatim.sty)
(/usr/local/texlive/2025/texmf-dist/tex/latex/environ/environ.sty
(/usr/local/texlive/2025/texmf-dist/tex/latex/trimspaces/trimspaces.sty))
(/usr/local/texlive/2025/texmf-dist/tex/latex/tcolorbox/tcbraster.code.tex
Library (tcolorbox): 'tcbraster.code.tex' version '6.4.1'
) (/usr/local/texlive/2025/texmf-dist/tex/latex/tcolorbox/tcbskins.code.tex
Library (tcolorbox): 'tcbskins.code.tex' version '6.4.1'
(/usr/local/texlive/2025/texmf-dist/tex/latex/tikzfill/tikzfill.image.sty
(/usr/local/texlive/2025/texmf-dist/tex/latex/tikzfill/tikzfill-common.sty)
(/usr/local/texlive/2025/texmf-dist/tex/latex/tikzfill/tikzlibraryfill.image.co
de.tex))
(/usr/local/texlive/2025/texmf-dist/tex/latex/tcolorbox/tcbskinsjigsaw.code.tex
Library (tcolorbox): 'tcbskinsjigsaw.code.tex' version '6.4.1'
))
(/usr/local/texlive/2025/texmf-dist/tex/latex/tcolorbox/tcbbreakable.code.tex
Library (tcolorbox): 'tcbbreakable.code.tex' version '6.4.1'
(/usr/local/texlive/2025/texmf-dist/tex/latex/pdfcol/pdfcol.sty)
(/usr/local/texlive/2025/texmf-dist/tex/generic/iftex/ifluatex.sty))
(/usr/local/texlive/2025/texmf-dist/tex/latex/tcolorbox/tcbhooks.code.tex
Library (tcolorbox): 'tcbhooks.code.tex' version '6.4.1'
) (/usr/local/texlive/2025/texmf-dist/tex/latex/tcolorbox/tcbtheorems.code.tex
Library (tcolorbox): 'tcbtheorems.code.tex' version '6.4.1'
) (/usr/local/texlive/2025/texmf-dist/tex/latex/tcolorbox/tcbfitting.code.tex
Library (tcolorbox): 'tcbfitting.code.tex' version '6.4.1'
)
(/usr/local/texlive/2025/texmf-dist/tex/latex/tcolorbox/tcblistingsutf8.code.te
x
Library (tcolorbox): 'tcblistingsutf8.code.tex' version '6.4.1'
(/usr/local/texlive/2025/texmf-dist/tex/latex/tcolorbox/tcblistings.code.tex
Library (tcolorbox): 'tcblistings.code.tex' version '6.4.1'
(/usr/local/texlive/2025/texmf-dist/tex/latex/listings/listings.sty
(/usr/local/texlive/2025/texmf-dist/tex/latex/listings/lstpatch.sty)
(/usr/local/texlive/2025/texmf-dist/tex/latex/listings/lstmisc.sty)
(/usr/local/texlive/2025/texmf-dist/tex/latex/listings/listings.cfg))
(/usr/local/texlive/2025/texmf-dist/tex/latex/tcolorbox/tcblistingscore.code.te
x
Library (tcolorbox): 'tcblistingscore.code.tex' version '6.4.1'
(/usr/local/texlive/2025/texmf-dist/tex/latex/tcolorbox/tcbprocessing.code.tex
Library (tcolorbox): 'tcbprocessing.code.tex' version '6.4.1'
))))
(/usr/local/texlive/2025/texmf-dist/tex/latex/tcolorbox/tcbexternal.code.tex
Library (tcolorbox): 'tcbexternal.code.tex' version '6.4.1'
) (/usr/local/texlive/2025/texmf-dist/tex/latex/tcolorbox/tcbmagazine.code.tex
Library (tcolorbox): 'tcbmagazine.code.tex' version '6.4.1'
) (/usr/local/texlive/2025/texmf-dist/tex/latex/tcolorbox/tcbvignette.code.tex
Library (tcolorbox): 'tcbvignette.code.tex' version '6.4.1'
) (/usr/local/texlive/2025/texmf-dist/tex/latex/tcolorbox/tcbposter.code.tex
Library (tcolorbox): 'tcbposter.code.tex' version '6.4.1'
) (/usr/local/texlive/2025/texmf-dist/tex/latex/tcolorbox/tcbminted.code.tex
Library (tcolorbox): 'tcbminted.code.tex' version '6.4.1'
(/usr/local/texlive/2025/texmf-dist/tex/latex/minted/minted.sty
(/usr/local/texlive/2025/texmf-dist/tex/generic/catchfile/catchfile.sty
(/usr/local/texlive/2025/texmf-dist/tex/generic/etexcmds/etexcmds.sty))
(/usr/local/texlive/2025/texmf-dist/tex/latex/fvextra/fvextra.sty
(/usr/local/texlive/2025/texmf-dist/tex/latex/fancyvrb/fancyvrb.sty)
(/usr/local/texlive/2025/texmf-dist/tex/latex/upquote/upquote.sty
(/usr/local/texlive/2025/texmf-dist/tex/latex/base/textcomp.sty))
(/usr/local/texlive/2025/texmf-dist/tex/latex/lineno/lineno.sty
(/usr/local/texlive/2025/texmf-dist/tex/latex/kvoptions/kvoptions.sty
(/usr/local/texlive/2025/texmf-dist/tex/latex/kvsetkeys/kvsetkeys.sty))

LaTeX Warning: Command \@parboxrestore  has changed.
               Check if current package is valid.

)

Package fvextra Warning: csquotes should be loaded after fvextra, to avoid a wa
rning from the lineno package on input line 37.

) (/usr/local/texlive/2025/texmf-dist/tex/latex/latex2pydata/latex2pydata.sty)
(/usr/local/texlive/2025/texmf-dist/tex/latex/pgfopts/pgfopts.sty)
(/usr/local/texlive/2025/texmf-dist/tex/latex/tools/shellesc.sty))))
(/usr/local/texlive/2025/texmf-dist/tex/latex/fontawesome5/fontawesome5.sty
(/usr/local/texlive/2025/texmf-dist/tex/latex/fontawesome5/fontawesome5-utex-he
lper.sty
(/usr/local/texlive/2025/texmf-dist/tex/luatex/luatexbase/luatexbase.sty
(/usr/local/texlive/2025/texmf-dist/tex/luatex/ctablestack/ctablestack.sty))
(/usr/local/texlive/2025/texmf-dist/tex/latex/fontawesome5/tufontawesomefree.fd
)
(/usr/local/texlive/2025/texmf-dist/tex/latex/fontawesome5/tufontawesomebrands.
fd))) (/usr/local/texlive/2025/texmf-dist/tex/latex/titlesec/titlesec.sty)
(/usr/local/texlive/2025/texmf-dist/tex/latex/fancyhdr/fancyhdr.sty)
(/usr/local/texlive/2025/texmf-dist/tex/latex/titlesec/titletoc.sty)
(/usr/local/texlive/2025/texmf-dist/tex/latex/biblatex/biblatex.sty
(/usr/local/texlive/2025/texmf-dist/tex/latex/logreq/logreq.sty
(/usr/local/texlive/2025/texmf-dist/tex/latex/logreq/logreq.def))
(/usr/local/texlive/2025/texmf-dist/tex/latex/url/url.sty)
(/usr/local/texlive/2025/texmf-dist/tex/latex/biblatex/blx-dm.def)
(/usr/local/texlive/2025/texmf-dist/tex/latex/biblatex-apa/apa.dbx)
(/usr/local/texlive/2025/texmf-dist/tex/latex/biblatex/blx-unicode.def)
(/usr/local/texlive/2025/texmf-dist/tex/latex/biblatex/blx-compat.def)
(/usr/local/texlive/2025/texmf-dist/tex/latex/biblatex/biblatex.def)
(/usr/local/texlive/2025/texmf-dist/tex/latex/biblatex-apa/apa.bbx
(/usr/local/texlive/2025/texmf-dist/tex/latex/biblatex/bbx/standard.bbx))
(/usr/local/texlive/2025/texmf-dist/tex/latex/biblatex-apa/apa.cbx)
(/usr/local/texlive/2025/texmf-dist/tex/latex/biblatex/biblatex.cfg)
(/usr/local/texlive/2025/texmf-dist/tex/latex/biblatex/blx-case-expl3.sty))
(/usr/local/texlive/2025/texmf-dist/tex/latex/hyperref/hyperref.sty
(/usr/local/texlive/2025/texmf-dist/tex/generic/kvdefinekeys/kvdefinekeys.sty)
(/usr/local/texlive/2025/texmf-dist/tex/generic/pdfescape/pdfescape.sty)
(/usr/local/texlive/2025/texmf-dist/tex/latex/hycolor/hycolor.sty)
(/usr/local/texlive/2025/texmf-dist/tex/latex/hyperref/nameref.sty
(/usr/local/texlive/2025/texmf-dist/tex/latex/refcount/refcount.sty)
(/usr/local/texlive/2025/texmf-dist/tex/generic/gettitlestring/gettitlestring.s
ty)) (/usr/local/texlive/2025/texmf-dist/tex/generic/stringenc/stringenc.sty)
(/usr/local/texlive/2025/texmf-dist/tex/latex/hyperref/pd1enc.def)
(/usr/local/texlive/2025/texmf-dist/tex/generic/intcalc/intcalc.sty)
(/usr/local/texlive/2025/texmf-dist/tex/latex/hyperref/puenc.def)
(/usr/local/texlive/2025/texmf-dist/tex/generic/bitset/bitset.sty
(/usr/local/texlive/2025/texmf-dist/tex/generic/bigintcalc/bigintcalc.sty))
(/usr/local/texlive/2025/texmf-dist/tex/latex/base/atbegshi-ltx.sty))
(/usr/local/texlive/2025/texmf-dist/tex/latex/hyperref/hluatex.def
(/usr/local/texlive/2025/texmf-dist/tex/latex/base/atveryend-ltx.sty)
(/usr/local/texlive/2025/texmf-dist/tex/latex/rerunfilecheck/rerunfilecheck.sty

(/usr/local/texlive/2025/texmf-dist/tex/generic/uniquecounter/uniquecounter.sty
))) (/usr/local/texlive/2025/texmf-dist/tex/latex/bookmark/bookmark.sty
(/usr/local/texlive/2025/texmf-dist/tex/latex/bookmark/bkm-pdftex.def))
(/usr/local/texlive/2025/texmf-dist/tex/latex/cleveref/cleveref.sty))
(./build/cap15/cap15.aux)
*geometry* driver: auto-detecting
*geometry* detected driver: luatex

Package unicode-math Warning: Using \overbracket and \underbracket from
(unicode-math)                `mathtools' package.
(unicode-math)                 
(unicode-math)                 Use \Uoverbracket and \Uunderbracket for
(unicode-math)                original `unicode-math' definition.


Package unicode-math Warning: I'm going to overwrite the following commands
(unicode-math)                from the `mathtools' package: 
(unicode-math)                 
(unicode-math)                     \dblcolon, \coloneqq, \Coloneqq, \eqqcolon.
(unicode-math)                
(unicode-math)                 
(unicode-math)                 Note that since I won't overwrite the other
(unicode-math)                colon-like commands, using them will lead to
(unicode-math)                inconsistencies.

(/usr/local/texlive/2025/texmf-dist/tex/context/base/mkii/supp-pdf.mkii
[Loading MPS to PDF converter (version 2006.09.02).]
) (/usr/local/texlive/2025/texmf-dist/tex/latex/epstopdf-pkg/epstopdf-base.sty
(/usr/local/texlive/2025/texmf-dist/tex/latex/latexconfig/epstopdf-sys.cfg))
Package pgfplots notification 'compat/show suggested version=true': document ha
s been generated with the most recent feature set (\pgfplotsset{compat=1.18}).


(/usr/local/texlive/2025/texmf-dist/tex/latex/translations/translations-basic-d
ictionary-spanish.trsl)
(/usr/local/texlive/2025/texmf-dist/tex/latex/pdflscape/pdflscape.sty
(/usr/local/texlive/2025/texmf-dist/tex/latex/pdflscape/pdflscape-nometadata.st
y (/usr/local/texlive/2025/texmf-dist/tex/latex/graphics/lscape.sty)))
(/usr/local/texlive/2025/texmf-dist/tex/latex/biblatex-apa/spanish-apa.lbx
(/usr/local/texlive/2025/texmf-dist/tex/latex/biblatex/lbx/spanish.lbx)
(/usr/local/texlive/2025/texmf-dist/tex/latex/biblatex/lbx/spanish.lbx))
(./build/cap15/cap15.bbl) (./capitulos/cap15.tex
Capítulo 15.
(/usr/local/texlive/2025/texmf-dist/tex/latex/microtype/mt-msa.cfg)
(/usr/local/texlive/2025/texmf-dist/tex/latex/microtype/mt-msb.cfg)
[1{/usr/local/texlive/2025/texmf-var/fonts/map/pdftex/updmap/pdftex.map}]

LaTeX Warning: Reference `cap:02' on page 1 undefined on input line 32.


LaTeX Warning: Reference `cap:04' on page 1 undefined on input line 32.

(/usr/local/texlive/2025/texmf-dist/tex/latex/microtype/mt-TU-empty.cfg)
Underfull \vbox (badness 10000) has occurred while \output is active
[2]
[3]

Package siunitx Warning: Unit macro \angstrom has been deprecated in this
(siunitx)                release.
(siunitx)                
(siunitx)                The BIPM have removed this unit from the SI Brochure.
(siunitx)                You should define it yourself using \DeclareSIUnit in
(siunitx)                your source. The current definition is
(siunitx)                
(siunitx)                \DeclareSIUnit\angstrom{Å}

(./figuras/cap15/peptido.tex)
Underfull \vbox (badness 10000) has occurred while \output is active
[4]
[5]
[6<./figuras/cap15/ramachandran.pdf>]
Underfull \vbox (badness 1331) has occurred while \output is active
[7] (./build/cap15/_C0B4BBE241FEA1DCFCCCEB7DAC23E984.config.minted)
(./build/cap15/_minted/friendly.style.minted)
(./build/cap15/_minted/03021548F38310ABF887A011A96039CF.highlight.minted)
Underfull \vbox (badness 10000) has occurred while \output is active
[8]
Underfull \vbox (badness 10000) has occurred while \output is active
[9]
[10]

LaTeX Warning: Reference `cap:02' on page 1 undefined on input line 221.


Underfull \vbox (badness 2644) has occurred while \output is active
[11] (./build/cap15/_minted/monokai.style.minted)
(./build/cap15/_minted/9CB137DF8158A6389FA9F0E071717D56.highlight.minted)
[12] (./build/cap15/_minted/C1AA4962AF6D7FF791A8DEED60038F76.highlight.minted)
[13]
Underfull \vbox (badness 2809) has occurred while \output is active
[14]
[15]

LaTeX Font Warning: Font shape `TU/LibertinusMath-Regular.otf(1)/b/n' undefined

(Font)              using `TU/LibertinusMath-Regular.otf(1)/m/n' instead on inp
ut line 329.


LaTeX Font Warning: Font shape `TU/LibertinusMath-Regular.otf(2)/b/n' undefined

(Font)              using `TU/LibertinusMath-Regular.otf(2)/m/n' instead on inp
ut line 329.


LaTeX Font Warning: Font shape `TU/LibertinusMath-Regular.otf(3)/b/n' undefined

(Font)              using `TU/LibertinusMath-Regular.otf(3)/m/n' instead on inp
ut line 329.


Underfull \vbox (badness 10000) has occurred while \output is active
[16] (./figuras/cap15/kabsch.tex (./figuras/cap15/kabsch_pts.tex)
(./figuras/cap15/kabsch_pts.tex) (./figuras/cap15/kabsch_pts.tex))
Underfull \vbox (badness 10000) has occurred while \output is active
[17] (./build/cap15/_minted/F39BE17E4F9525CB6CC3B1B2B5D0CCC8.highlight.minted)
Underfull \vbox (badness 10000) has occurred while \output is active
[18]

LaTeX Warning: Reference `cap:03' on page 1 undefined on input line 410.


[19]

LaTeX Warning: Reference `cap:03' on page 1 undefined on input line 422.


Underfull \vbox (badness 10000) has occurred while \output is active
[20]
Overfull \hbox (7.6928pt too wide) in paragraph at lines 426--426
|[]\TU/SourceSansPro(2)/m/n/17 Pre-dic-ción de es-truc-tu-ra: de la ho-mo-lo-g
ía a Alpha-

Underfull \vbox (badness 10000) has occurred while \output is active
[21]
[22]
[23]

LaTeX Warning: Reference `cap:04' on page 1 undefined on input line 502.

(./figuras/cap15/coevolucion.tex)
[24]
Underfull \vbox (badness 10000) has occurred while \output is active
[25] (./figuras/cap15/alphafold.tex)

LaTeX Warning: Reference `cap:04' on page 1 undefined on input line 551.


[26]
[27]
Underfull \vbox (badness 10000) has occurred while \output is active
[28]
Underfull \vbox (badness 10000) has occurred while \output is active
[29]
[30] (./build/cap15/_minted/360DBF7EF858724A9D01BA91CCC521BF.highlight.minted)
[31<./figuras/cap15/pae_p53.pdf>]
[32] (./build/cap15/_minted/6DB825007B948C71A30DDF03EDC12ED8.highlight.minted)
[33]
Underfull \vbox (badness 1803) has occurred while \output is active
[34] (./figuras/cap15/docking_esquema.tex)
[35]
Underfull \vbox (badness 10000) has occurred while \output is active
[36]
Overfull \hbox (8.6793pt too wide) detected at line 752
[][][][][][]

Underfull \vbox (badness 7047) has occurred while \output is active
[37]
Underfull \vbox (badness 10000) has occurred while \output is active
[38]
[39] (./build/cap15/_minted/D0A6A6B4C1C1CB7681C7513C631A1C6E.highlight.minted)
[40]
Underfull \vbox (badness 10000) has occurred while \output is active
[41] (./build/cap15/_minted/82E519058A671269FC1C8DDBC425A727.highlight.minted)
[42]
Overfull \hbox (15.38777pt too wide) in paragraph at lines 906--907
[]\TU/LibertinusSerif(0)/m/n/10.95 ¿Hay evi-den-cia ex-pe-ri-men-tal in-de-pen
-dien-te (mu-ta-gé-ne-sis, re-la-ción estructura-

Underfull \vbox (badness 10000) has occurred while \output is active
[43]
[44] (./build/cap15/_minted/63FB111A674CD6D5CB99448DB4BEAAB3.highlight.minted)
(./build/cap15/_minted/96827E0634B8FDC7602F37E9ACD68124.highlight.minted)
[45]
[46]
[47])
[48] (./build/cap15/cap15.aux)

LaTeX Font Warning: Some font shapes were not available, defaults substituted.


LaTeX Warning: There were undefined references.

)
(see the transcript file for additional information)
 1967 words of node memory still in use:
   31 hlist, 2 vlist, 14 rule, 4 glue, 4 kern, 1 glyph, 244 attribute, 81 glue_
spec, 160 attribute_list, 2 write, 24 pdf_literal, 6 pdf_action, 24 pdf_colorst
ack nodes
   avail lists: 1:38,2:14796,3:7457,4:845,5:767,6:85,7:8083,8:88,9:1574,10:31,1
1:947
</usr/local/texlive/2025/texmf-dist/fonts/opentype/adobe/sourcesanspro/SourceSa
nsPro-SemiboldIt.otf></usr/local/texlive/2025/texmf-dist/fonts/opentype/public/
fira/FiraMono-Oblique.otf></usr/local/texlive/2025/texmf-dist/fonts/opentype/pu
blic/fira/FiraMono-Medium.otf></usr/local/texlive/2025/texmf-dist/fonts/opentyp
e/public/fira/FiraMono-Regular.otf></usr/local/texlive/2025/texmf-dist/fonts/op
entype/public/libertinus-fonts/LibertinusSerif-Semibold.otf></usr/local/texlive
/2025/texmf-dist/fonts/opentype/public/libertinus-fonts/LibertinusSerif-Regular
.otf></usr/local/texlive/2025/texmf-dist/fonts/opentype/public/libertinus-fonts
/LibertinusMath-Regular.otf></usr/local/texlive/2025/texmf-dist/fonts/opentype/
public/libertinus-fonts/LibertinusMath-Regular.otf></usr/local/texlive/2025/tex
mf-dist/fonts/opentype/public/fontawesome5/FontAwesome5Brands-Regular-400.otf><
/usr/local/texlive/2025/texmf-dist/fonts/opentype/public/fontawesome5/FontAweso
me5Free-Solid-900.otf></usr/local/texlive/2025/texmf-dist/fonts/opentype/adobe/
sourcesanspro/SourceSansPro-Black.otf></usr/local/texlive/2025/texmf-dist/fonts
/opentype/public/libertinus-fonts/LibertinusSerif-Semibold.otf></usr/local/texl
ive/2025/texmf-dist/fonts/opentype/public/libertinus-fonts/LibertinusSerif-Regu
lar.otf></usr/local/texlive/2025/texmf-dist/fonts/opentype/adobe/sourcesanspro/
SourceSansPro-RegularIt.otf></usr/local/texlive/2025/texmf-dist/fonts/opentype/
public/libertinus-fonts/LibertinusMath-Regular.otf></usr/local/texlive/2025/tex
mf-dist/fonts/opentype/adobe/sourcesanspro/SourceSansPro-Regular.otf></usr/loca
l/texlive/2025/texmf-dist/fonts/opentype/public/libertinus-fonts/LibertinusSeri
f-Italic.otf></usr/local/texlive/2025/texmf-dist/fonts/opentype/adobe/sourcesan
spro/SourceSansPro-Light.otf></usr/local/texlive/2025/texmf-dist/fonts/opentype
/adobe/sourcesanspro/SourceSansPro-Semibold.otf></usr/local/texlive/2025/texmf-
dist/fonts/opentype/adobe/sourcesanspro/SourceSansPro-ExtraLight.otf>
Output written on cap15.pdf (48 pages, 651215 bytes).
Transcript written on cap15.log.
Latexmk: Getting log file 'build/cap15/cap15.log'
Latexmk: Examining 'build/cap15/cap15.fls'
Latexmk: Examining 'build/cap15/cap15.log'
Latexmk: Found input bbl file 'build/cap15/cap15.bbl'
Latexmk: Log file says output to 'cap15.pdf'
Latexmk: Bibliography file(s) from .bcf file:
  bib/cap15.bib
Latexmk: applying rule 'lualatex'...
Rule 'lualatex':  Reasons for rerun
Changed files or newly in use/created:
  build/cap15/cap15.run.xml

------------
Run number 3 of rule 'lualatex'
------------
------------
Running 'lualatex  -shell-escape -interaction=nonstopmode -halt-on-error -recorder -output-directory="build/cap15"  "build/cap15/cap15.tex"'
------------
This is LuaHBTeX, Version 1.21.0 (TeX Live 2025) 
 system commands enabled.
(./build/cap15/cap15.tex
LaTeX2e <2024-11-01> patch level 2
L3 programming layer <2025-01-18>
 (/usr/local/texlive/2025/texmf-dist/tex/latex/base/book.cls
Document Class: book 2024/06/29 v1.4n Standard LaTeX document class
(/usr/local/texlive/2025/texmf-dist/tex/latex/base/bk11.clo))
(./estilo/bioinfo.sty

LaTeX Warning: You have requested package `estilo/bioinfo',
               but the package provides `bioinfo'.

(/usr/local/texlive/2025/texmf-dist/tex/latex/geometry/geometry.sty
(/usr/local/texlive/2025/texmf-dist/tex/latex/graphics/keyval.sty)
(/usr/local/texlive/2025/texmf-dist/tex/generic/iftex/ifvtex.sty
(/usr/local/texlive/2025/texmf-dist/tex/generic/iftex/iftex.sty)))
(/usr/local/texlive/2025/texmf-dist/tex/generic/babel/babel.sty
(/usr/local/texlive/2025/texmf-dist/tex/generic/babel/luababel.def)
(/usr/local/texlive/2025/texmf-dist/tex/generic/babel/luababel.def)
(/usr/local/texlive/2025/texmf-dist/tex/generic/babel-spanish/spanish.ldf
(/usr/local/texlive/2025/texmf-dist/tex/generic/hyph-utf8/loadhyph/loadhyph-es.
tex UTF-8 Spanish hyphenation patterns
(/usr/local/texlive/2025/texmf-dist/tex/generic/hyph-utf8/patterns/tex/hyph-es.
tex))))
(/usr/local/texlive/2025/texmf-dist/tex/generic/babel/locale/es/babel-spanish.t
ex) (/usr/local/texlive/2025/texmf-dist/tex/latex/amsmath/amsmath.sty
For additional information on amsmath, use the `?' option.
(/usr/local/texlive/2025/texmf-dist/tex/latex/amsmath/amstext.sty
(/usr/local/texlive/2025/texmf-dist/tex/latex/amsmath/amsgen.sty))
(/usr/local/texlive/2025/texmf-dist/tex/latex/amsmath/amsbsy.sty)
(/usr/local/texlive/2025/texmf-dist/tex/latex/amsmath/amsopn.sty))
(/usr/local/texlive/2025/texmf-dist/tex/latex/amsfonts/amssymb.sty
(/usr/local/texlive/2025/texmf-dist/tex/latex/amsfonts/amsfonts.sty))
(/usr/local/texlive/2025/texmf-dist/tex/latex/mathtools/mathtools.sty
(/usr/local/texlive/2025/texmf-dist/tex/latex/tools/calc.sty)
(/usr/local/texlive/2025/texmf-dist/tex/latex/mathtools/mhsetup.sty))
(/usr/local/texlive/2025/texmf-dist/tex/latex/fontspec/fontspec.sty
(/usr/local/texlive/2025/texmf-dist/tex/latex/l3packages/xparse/xparse.sty
(/usr/local/texlive/2025/texmf-dist/tex/latex/l3kernel/expl3.sty
(/usr/local/texlive/2025/texmf-dist/tex/latex/l3backend/l3backend-luatex.def)))
 (/usr/local/texlive/2025/texmf-dist/tex/latex/fontspec/fontspec-luatex.sty
(/usr/local/texlive/2025/texmf-dist/tex/latex/base/fontenc.sty)
(/usr/local/texlive/2025/texmf-dist/tex/latex/fontspec/fontspec.cfg)))
(/usr/local/texlive/2025/texmf-dist/tex/latex/unicode-math/unicode-math.sty
(/usr/local/texlive/2025/texmf-dist/tex/latex/unicode-math/unicode-math-luatex.
sty
(/usr/local/texlive/2025/texmf-dist/tex/latex/l3packages/l3keys2e/l3keys2e.sty)
 (/usr/local/texlive/2025/texmf-dist/tex/latex/base/fix-cm.sty
(/usr/local/texlive/2025/texmf-dist/tex/latex/base/ts1enc.def))
(/usr/local/texlive/2025/texmf-dist/tex/lualatex/lualatex-math/lualatex-math.st
y (/usr/local/texlive/2025/texmf-dist/tex/latex/etoolbox/etoolbox.sty))
(/usr/local/texlive/2025/texmf-dist/tex/latex/unicode-math/unicode-math-table.t
ex))) (/usr/local/texlive/2025/texmf-dist/tex/latex/amsfonts/umsa.fd)
(/usr/local/texlive/2025/texmf-dist/tex/latex/amsfonts/umsb.fd)
(/usr/local/texlive/2025/texmf-dist/tex/latex/microtype/microtype.sty
(/usr/local/texlive/2025/texmf-dist/tex/latex/microtype/microtype-luatex.def)
(/usr/local/texlive/2025/texmf-dist/tex/latex/microtype/microtype.cfg))
(/usr/local/texlive/2025/texmf-dist/tex/latex/csquotes/csquotes.sty
(/usr/local/texlive/2025/texmf-dist/tex/latex/csquotes/csquotes.def)
(/usr/local/texlive/2025/texmf-dist/tex/latex/csquotes/csquotes.cfg))
(/usr/local/texlive/2025/texmf-dist/tex/latex/xcolor/xcolor.sty
(/usr/local/texlive/2025/texmf-dist/tex/latex/graphics-cfg/color.cfg)
(/usr/local/texlive/2025/texmf-dist/tex/latex/graphics-def/luatex.def)
(/usr/local/texlive/2025/texmf-dist/tex/latex/graphics/mathcolor.ltx))
(/usr/local/texlive/2025/texmf-dist/tex/latex/graphics/dvipsnam.def)
(/usr/local/texlive/2025/texmf-dist/tex/latex/colortbl/colortbl.sty
(/usr/local/texlive/2025/texmf-dist/tex/latex/tools/array.sty))
(/usr/local/texlive/2025/texmf-dist/tex/latex/graphics/graphicx.sty
(/usr/local/texlive/2025/texmf-dist/tex/latex/graphics/graphics.sty
(/usr/local/texlive/2025/texmf-dist/tex/latex/graphics/trig.sty)
(/usr/local/texlive/2025/texmf-dist/tex/latex/graphics-cfg/graphics.cfg)))
(/usr/local/texlive/2025/texmf-dist/tex/latex/pgf/frontendlayer/tikz.sty
(/usr/local/texlive/2025/texmf-dist/tex/latex/pgf/basiclayer/pgf.sty
(/usr/local/texlive/2025/texmf-dist/tex/latex/pgf/utilities/pgfrcs.sty
(/usr/local/texlive/2025/texmf-dist/tex/generic/pgf/utilities/pgfutil-common.te
x)
(/usr/local/texlive/2025/texmf-dist/tex/generic/pgf/utilities/pgfutil-latex.def
) (/usr/local/texlive/2025/texmf-dist/tex/generic/pgf/utilities/pgfrcs.code.tex
(/usr/local/texlive/2025/texmf-dist/tex/generic/pgf/pgf.revision.tex)))
(/usr/local/texlive/2025/texmf-dist/tex/latex/pgf/basiclayer/pgfcore.sty
(/usr/local/texlive/2025/texmf-dist/tex/latex/pgf/systemlayer/pgfsys.sty
(/usr/local/texlive/2025/texmf-dist/tex/generic/pgf/systemlayer/pgfsys.code.tex
(/usr/local/texlive/2025/texmf-dist/tex/generic/pgf/utilities/pgfkeys.code.tex
(/usr/local/texlive/2025/texmf-dist/tex/generic/pgf/utilities/pgfkeyslibraryfil
tered.code.tex))
(/usr/local/texlive/2025/texmf-dist/tex/generic/pgf/systemlayer/pgf.cfg)
(/usr/local/texlive/2025/texmf-dist/tex/generic/pgf/systemlayer/pgfsys-luatex.d
ef
(/usr/local/texlive/2025/texmf-dist/tex/generic/pgf/systemlayer/pgfsys-common-p
df.def)))
(/usr/local/texlive/2025/texmf-dist/tex/generic/pgf/systemlayer/pgfsyssoftpath.
code.tex)
(/usr/local/texlive/2025/texmf-dist/tex/generic/pgf/systemlayer/pgfsysprotocol.
code.tex))
(/usr/local/texlive/2025/texmf-dist/tex/generic/pgf/basiclayer/pgfcore.code.tex
(/usr/local/texlive/2025/texmf-dist/tex/generic/pgf/math/pgfmath.code.tex
(/usr/local/texlive/2025/texmf-dist/tex/generic/pgf/math/pgfmathutil.code.tex)
(/usr/local/texlive/2025/texmf-dist/tex/generic/pgf/math/pgfmathparser.code.tex
)
(/usr/local/texlive/2025/texmf-dist/tex/generic/pgf/math/pgfmathfunctions.code.
tex)
(/usr/local/texlive/2025/texmf-dist/tex/generic/pgf/math/pgfmathfunctions.basic
.code.tex)
(/usr/local/texlive/2025/texmf-dist/tex/generic/pgf/math/pgfmathfunctions.trigo
nometric.code.tex)
(/usr/local/texlive/2025/texmf-dist/tex/generic/pgf/math/pgfmathfunctions.rando
m.code.tex)
(/usr/local/texlive/2025/texmf-dist/tex/generic/pgf/math/pgfmathfunctions.compa
rison.code.tex)
(/usr/local/texlive/2025/texmf-dist/tex/generic/pgf/math/pgfmathfunctions.base.
code.tex)
(/usr/local/texlive/2025/texmf-dist/tex/generic/pgf/math/pgfmathfunctions.round
.code.tex)
(/usr/local/texlive/2025/texmf-dist/tex/generic/pgf/math/pgfmathfunctions.misc.
code.tex)
(/usr/local/texlive/2025/texmf-dist/tex/generic/pgf/math/pgfmathfunctions.integ
erarithmetics.code.tex)
(/usr/local/texlive/2025/texmf-dist/tex/generic/pgf/math/pgfmathcalc.code.tex)
(/usr/local/texlive/2025/texmf-dist/tex/generic/pgf/math/pgfmathfloat.code.tex)
) (/usr/local/texlive/2025/texmf-dist/tex/generic/pgf/math/pgfint.code.tex)
(/usr/local/texlive/2025/texmf-dist/tex/generic/pgf/basiclayer/pgfcorepoints.co
de.tex)
(/usr/local/texlive/2025/texmf-dist/tex/generic/pgf/basiclayer/pgfcorepathconst
ruct.code.tex)
(/usr/local/texlive/2025/texmf-dist/tex/generic/pgf/basiclayer/pgfcorepathusage
.code.tex)
(/usr/local/texlive/2025/texmf-dist/tex/generic/pgf/basiclayer/pgfcorescopes.co
de.tex)
(/usr/local/texlive/2025/texmf-dist/tex/generic/pgf/basiclayer/pgfcoregraphicst
ate.code.tex)
(/usr/local/texlive/2025/texmf-dist/tex/generic/pgf/basiclayer/pgfcoretransform
ations.code.tex)
(/usr/local/texlive/2025/texmf-dist/tex/generic/pgf/basiclayer/pgfcorequick.cod
e.tex)
(/usr/local/texlive/2025/texmf-dist/tex/generic/pgf/basiclayer/pgfcoreobjects.c
ode.tex)
(/usr/local/texlive/2025/texmf-dist/tex/generic/pgf/basiclayer/pgfcorepathproce
ssing.code.tex)
(/usr/local/texlive/2025/texmf-dist/tex/generic/pgf/basiclayer/pgfcorearrows.co
de.tex)
(/usr/local/texlive/2025/texmf-dist/tex/generic/pgf/basiclayer/pgfcoreshade.cod
e.tex)
(/usr/local/texlive/2025/texmf-dist/tex/generic/pgf/basiclayer/pgfcoreimage.cod
e.tex)
(/usr/local/texlive/2025/texmf-dist/tex/generic/pgf/basiclayer/pgfcoreexternal.
code.tex)
(/usr/local/texlive/2025/texmf-dist/tex/generic/pgf/basiclayer/pgfcorelayers.co
de.tex)
(/usr/local/texlive/2025/texmf-dist/tex/generic/pgf/basiclayer/pgfcoretranspare
ncy.code.tex)
(/usr/local/texlive/2025/texmf-dist/tex/generic/pgf/basiclayer/pgfcorepatterns.
code.tex)
(/usr/local/texlive/2025/texmf-dist/tex/generic/pgf/basiclayer/pgfcorerdf.code.
tex)))
(/usr/local/texlive/2025/texmf-dist/tex/generic/pgf/modules/pgfmoduleshapes.cod
e.tex)
(/usr/local/texlive/2025/texmf-dist/tex/generic/pgf/modules/pgfmoduleplot.code.
tex)
(/usr/local/texlive/2025/texmf-dist/tex/latex/pgf/compatibility/pgfcomp-version
-0-65.sty)
(/usr/local/texlive/2025/texmf-dist/tex/latex/pgf/compatibility/pgfcomp-version
-1-18.sty))
(/usr/local/texlive/2025/texmf-dist/tex/latex/pgf/utilities/pgffor.sty
(/usr/local/texlive/2025/texmf-dist/tex/latex/pgf/utilities/pgfkeys.sty
(/usr/local/texlive/2025/texmf-dist/tex/generic/pgf/utilities/pgfkeys.code.tex)
) (/usr/local/texlive/2025/texmf-dist/tex/latex/pgf/math/pgfmath.sty
(/usr/local/texlive/2025/texmf-dist/tex/generic/pgf/math/pgfmath.code.tex))
(/usr/local/texlive/2025/texmf-dist/tex/generic/pgf/utilities/pgffor.code.tex))

(/usr/local/texlive/2025/texmf-dist/tex/generic/pgf/frontendlayer/tikz/tikz.cod
e.tex
(/usr/local/texlive/2025/texmf-dist/tex/generic/pgf/libraries/pgflibraryplothan
dlers.code.tex)
(/usr/local/texlive/2025/texmf-dist/tex/generic/pgf/modules/pgfmodulematrix.cod
e.tex)
(/usr/local/texlive/2025/texmf-dist/tex/generic/pgf/frontendlayer/tikz/librarie
s/tikzlibrarytopaths.code.tex)))
(/usr/local/texlive/2025/texmf-dist/tex/generic/pgf/libraries/pgflibraryarrows.
meta.code.tex)
(/usr/local/texlive/2025/texmf-dist/tex/generic/pgf/frontendlayer/tikz/librarie
s/tikzlibrarypositioning.code.tex)
(/usr/local/texlive/2025/texmf-dist/tex/generic/pgf/frontendlayer/tikz/librarie
s/tikzlibrarycalc.code.tex)
(/usr/local/texlive/2025/texmf-dist/tex/generic/pgf/frontendlayer/tikz/librarie
s/tikzlibraryfit.code.tex)
(/usr/local/texlive/2025/texmf-dist/tex/generic/pgf/frontendlayer/tikz/librarie
s/tikzlibrarybackgrounds.code.tex)
(/usr/local/texlive/2025/texmf-dist/tex/generic/pgf/frontendlayer/tikz/librarie
s/tikzlibraryshapes.code.tex
(/usr/local/texlive/2025/texmf-dist/tex/generic/pgf/frontendlayer/tikz/librarie
s/tikzlibraryshapes.geometric.code.tex
(/usr/local/texlive/2025/texmf-dist/tex/generic/pgf/libraries/shapes/pgflibrary
shapes.geometric.code.tex))
(/usr/local/texlive/2025/texmf-dist/tex/generic/pgf/frontendlayer/tikz/librarie
s/tikzlibraryshapes.misc.code.tex
(/usr/local/texlive/2025/texmf-dist/tex/generic/pgf/libraries/shapes/pgflibrary
shapes.misc.code.tex))
(/usr/local/texlive/2025/texmf-dist/tex/generic/pgf/frontendlayer/tikz/librarie
s/tikzlibraryshapes.symbols.code.tex
(/usr/local/texlive/2025/texmf-dist/tex/generic/pgf/libraries/shapes/pgflibrary
shapes.symbols.code.tex))
(/usr/local/texlive/2025/texmf-dist/tex/generic/pgf/frontendlayer/tikz/librarie
s/tikzlibraryshapes.arrows.code.tex
(/usr/local/texlive/2025/texmf-dist/tex/generic/pgf/libraries/shapes/pgflibrary
shapes.arrows.code.tex))
(/usr/local/texlive/2025/texmf-dist/tex/generic/pgf/frontendlayer/tikz/librarie
s/tikzlibraryshapes.callouts.code.tex
(/usr/local/texlive/2025/texmf-dist/tex/generic/pgf/libraries/shapes/pgflibrary
shapes.callouts.code.tex))
(/usr/local/texlive/2025/texmf-dist/tex/generic/pgf/frontendlayer/tikz/librarie
s/tikzlibraryshapes.multipart.code.tex
(/usr/local/texlive/2025/texmf-dist/tex/generic/pgf/libraries/shapes/pgflibrary
shapes.multipart.code.tex)))
(/usr/local/texlive/2025/texmf-dist/tex/generic/pgf/frontendlayer/tikz/librarie
s/tikzlibrarydecorations.pathreplacing.code.tex
(/usr/local/texlive/2025/texmf-dist/tex/generic/pgf/frontendlayer/tikz/librarie
s/tikzlibrarydecorations.code.tex
(/usr/local/texlive/2025/texmf-dist/tex/generic/pgf/modules/pgfmoduledecoration
s.code.tex))
(/usr/local/texlive/2025/texmf-dist/tex/generic/pgf/libraries/decorations/pgfli
brarydecorations.pathreplacing.code.tex))
(/usr/local/texlive/2025/texmf-dist/tex/generic/pgf/frontendlayer/tikz/librarie
s/tikzlibrarydecorations.pathmorphing.code.tex
(/usr/local/texlive/2025/texmf-dist/tex/generic/pgf/libraries/decorations/pgfli
brarydecorations.pathmorphing.code.tex))
(/usr/local/texlive/2025/texmf-dist/tex/generic/pgf/frontendlayer/tikz/librarie
s/tikzlibrarydecorations.text.code.tex
(/usr/local/texlive/2025/texmf-dist/tex/generic/pgf/libraries/decorations/pgfli
brarydecorations.text.code.tex))
(/usr/local/texlive/2025/texmf-dist/tex/generic/pgf/frontendlayer/tikz/librarie
s/tikzlibrarypatterns.code.tex
(/usr/local/texlive/2025/texmf-dist/tex/generic/pgf/libraries/pgflibrarypattern
s.code.tex))
(/usr/local/texlive/2025/texmf-dist/tex/generic/pgf/frontendlayer/tikz/librarie
s/tikzlibraryshadows.code.tex
(/usr/local/texlive/2025/texmf-dist/tex/generic/pgf/frontendlayer/tikz/librarie
s/tikzlibraryfadings.code.tex
(/usr/local/texlive/2025/texmf-dist/tex/generic/pgf/libraries/pgflibraryfadings
.code.tex)))
(/usr/local/texlive/2025/texmf-dist/tex/latex/pgf-blur/tikzlibraryshadows.blur.
code.tex  v1.02, 2012/12/09)
(/usr/local/texlive/2025/texmf-dist/tex/generic/pgf/frontendlayer/tikz/librarie
s/tikzlibrarymatrix.code.tex)
(/usr/local/texlive/2025/texmf-dist/tex/generic/pgf/frontendlayer/tikz/librarie
s/tikzlibrarychains.code.tex)
(/usr/local/texlive/2025/texmf-dist/tex/generic/pgf/frontendlayer/tikz/librarie
s/tikzlibraryintersections.code.tex
(/usr/local/texlive/2025/texmf-dist/tex/generic/pgf/libraries/pgflibraryinterse
ctions.code.tex
(/usr/local/texlive/2025/texmf-dist/tex/generic/pgf/libraries/pgflibraryfpu.cod
e.tex)))
(/usr/local/texlive/2025/texmf-dist/tex/generic/pgf/frontendlayer/tikz/librarie
s/tikzlibrarytrees.code.tex)
(/usr/local/texlive/2025/texmf-dist/tex/generic/pgf/frontendlayer/tikz/librarie
s/graphs/tikzlibrarygraphs.code.tex)
(/usr/local/texlive/2025/texmf-dist/tex/generic/pgf/frontendlayer/tikz/librarie
s/tikzlibraryquotes.code.tex)
(/usr/local/texlive/2025/texmf-dist/tex/generic/pgf/frontendlayer/tikz/librarie
s/tikzlibraryspy.code.tex)
(/usr/local/texlive/2025/texmf-dist/tex/generic/pgf/frontendlayer/tikz/librarie
s/tikzlibrarybending.code.tex
(/usr/local/texlive/2025/texmf-dist/tex/generic/pgf/modules/pgfmodulebending.co
de.tex
(/usr/local/texlive/2025/texmf-dist/tex/generic/pgf/modules/pgfmodulenonlineart
ransformations.code.tex)
(/usr/local/texlive/2025/texmf-dist/tex/generic/pgf/libraries/pgflibrarycurvili
near.code.tex)))
(/usr/local/texlive/2025/texmf-dist/tex/generic/pgf/frontendlayer/tikz/librarie
s/tikzlibrarymath.code.tex
(/usr/local/texlive/2025/texmf-dist/tex/generic/pgf/frontendlayer/tikz/librarie
s/tikzlibraryfpu.code.tex))
(/usr/local/texlive/2025/texmf-dist/tex/latex/pgfplots/pgfplots.sty
(/usr/local/texlive/2025/texmf-dist/tex/generic/pgfplots/pgfplots.revision.tex)
(/usr/local/texlive/2025/texmf-dist/tex/generic/pgfplots/pgfplots.code.tex
(/usr/local/texlive/2025/texmf-dist/tex/generic/pgfplots/pgfplotscore.code.tex
(/usr/local/texlive/2025/texmf-dist/tex/generic/pgfplots/sys/pgfplotssysgeneric
.code.tex))
(/usr/local/texlive/2025/texmf-dist/tex/generic/pgfplots/libs/pgfplotslibrary.c
ode.tex)
(/usr/local/texlive/2025/texmf-dist/tex/generic/pgfplots/oldpgfcompatib/pgfplot
soldpgfsupp_loader.code.tex
Package pgfplots: loading complementary utilities for your pgf version...

(/usr/local/texlive/2025/texmf-dist/tex/generic/pgfplots/oldpgfcompatib/pgfplot
soldpgfsupp_pgfutil-common-lists.tex)
(/usr/local/texlive/2025/texmf-dist/tex/generic/pgf/libraries/luamath/pgflibrar
yluamath.code.tex))
(/usr/local/texlive/2025/texmf-dist/tex/generic/pgfplots/util/pgfplotsutil.code
.tex
(/usr/local/texlive/2025/texmf-dist/tex/generic/pgfplots/liststructure/pgfplots
liststructure.code.tex)
(/usr/local/texlive/2025/texmf-dist/tex/generic/pgfplots/liststructure/pgfplots
liststructureext.code.tex)
(/usr/local/texlive/2025/texmf-dist/tex/generic/pgfplots/liststructure/pgfplots
array.code.tex)
(/usr/local/texlive/2025/texmf-dist/tex/generic/pgfplots/liststructure/pgfplots
matrix.code.tex)
(/usr/local/texlive/2025/texmf-dist/tex/generic/pgfplots/numtable/pgfplotstable
shared.code.tex)
(/usr/local/texlive/2025/texmf-dist/tex/generic/pgfplots/liststructure/pgfplots
deque.code.tex)
(/usr/local/texlive/2025/texmf-dist/tex/generic/pgfplots/util/pgfplotsbinary.co
de.tex
(/usr/local/texlive/2025/texmf-dist/tex/generic/pgfplots/util/pgfplotsbinary.da
ta.code.tex))
(/usr/local/texlive/2025/texmf-dist/tex/generic/pgfplots/util/pgfplotsutil.verb
.code.tex)
(/usr/local/texlive/2025/texmf-dist/tex/generic/pgfplots/libs/pgflibrarypgfplot
s.surfshading.code.tex
(/usr/local/texlive/2025/texmf-dist/tex/generic/pgfplots/sys/pgflibrarypgfplots
.surfshading.pgfsys-luatex.def)))
(/usr/local/texlive/2025/texmf-dist/tex/generic/pgfplots/util/pgfplotscolormap.
code.tex
(/usr/local/texlive/2025/texmf-dist/tex/generic/pgfplots/util/pgfplotscolor.cod
e.tex))
(/usr/local/texlive/2025/texmf-dist/tex/generic/pgfplots/pgfplotsstackedplots.c
ode.tex)
(/usr/local/texlive/2025/texmf-dist/tex/generic/pgfplots/pgfplotsplothandlers.c
ode.tex
(/usr/local/texlive/2025/texmf-dist/tex/generic/pgfplots/pgfplotsmeshplothandle
r.code.tex
(/usr/local/texlive/2025/texmf-dist/tex/generic/pgfplots/pgfplotsmeshplotimage.
code.tex)))
(/usr/local/texlive/2025/texmf-dist/tex/generic/pgfplots/pgfplots.scaling.code.
tex)
(/usr/local/texlive/2025/texmf-dist/tex/generic/pgfplots/pgfplotscoordprocessin
g.code.tex)
(/usr/local/texlive/2025/texmf-dist/tex/generic/pgfplots/pgfplots.errorbars.cod
e.tex)
(/usr/local/texlive/2025/texmf-dist/tex/generic/pgfplots/pgfplots.markers.code.
tex)
(/usr/local/texlive/2025/texmf-dist/tex/generic/pgfplots/pgfplotsticks.code.tex
)
(/usr/local/texlive/2025/texmf-dist/tex/generic/pgfplots/pgfplots.paths.code.te
x)
(/usr/local/texlive/2025/texmf-dist/tex/generic/pgfplots/libs/tikzlibrarypgfplo
ts.contourlua.code.tex))
(/usr/local/texlive/2025/texmf-dist/tex/generic/pgf/frontendlayer/tikz/librarie
s/tikzlibraryplotmarks.code.tex
(/usr/local/texlive/2025/texmf-dist/tex/generic/pgf/libraries/pgflibraryplotmar
ks.code.tex)))
(/usr/local/texlive/2025/texmf-dist/tex/generic/pgfplots/libs/tikzlibrarypgfplo
ts.fillbetween.code.tex
(/usr/local/texlive/2025/texmf-dist/tex/generic/pgfplots/pgfcontrib/tikzlibrary
fillbetween.code.tex
(/usr/local/texlive/2025/texmf-dist/tex/generic/pgfplots/pgfcontrib/tikzlibrary
decorations.softclip.code.tex
(/usr/local/texlive/2025/texmf-dist/tex/generic/pgfplots/pgfcontrib/pgflibraryf
illbetween.code.tex)))
(/usr/local/texlive/2025/texmf-dist/tex/generic/pgfplots/libs/tikzlibrarypgfplo
ts.decorations.softclip.code.tex))
(/usr/local/texlive/2025/texmf-dist/tex/generic/pgfplots/libs/tikzlibrarypgfplo
ts.groupplots.code.tex)
(/usr/local/texlive/2025/texmf-dist/tex/generic/pgfplots/libs/tikzlibrarypgfplo
ts.colormaps.code.tex)
(/usr/local/texlive/2025/texmf-dist/tex/generic/pgfplots/libs/tikzlibrarypgfplo
ts.statistics.code.tex)
(/usr/local/texlive/2025/texmf-dist/tex/latex/booktabs/booktabs.sty)
(/usr/local/texlive/2025/texmf-dist/tex/latex/tools/tabularx.sty)
(/usr/local/texlive/2025/texmf-dist/tex/latex/multirow/multirow.sty)
(/usr/local/texlive/2025/texmf-dist/tex/latex/tools/longtable.sty)
(/usr/local/texlive/2025/texmf-dist/tex/latex/enumitem/enumitem.sty)
(/usr/local/texlive/2025/texmf-dist/tex/latex/caption/caption.sty
(/usr/local/texlive/2025/texmf-dist/tex/latex/caption/caption3.sty)
(/usr/local/texlive/2025/texmf-dist/tex/latex/caption/ltcaption.sty))
(/usr/local/texlive/2025/texmf-dist/tex/latex/caption/subcaption.sty)
(/usr/local/texlive/2025/texmf-dist/tex/latex/siunitx/siunitx.sty
(/usr/local/texlive/2025/texmf-dist/tex/latex/translations/translations.sty
(/usr/local/texlive/2025/texmf-dist/tex/generic/pdftexcmds/pdftexcmds.sty
(/usr/local/texlive/2025/texmf-dist/tex/generic/infwarerr/infwarerr.sty)
(/usr/local/texlive/2025/texmf-dist/tex/generic/ltxcmds/ltxcmds.sty))))
(/usr/local/texlive/2025/texmf-dist/tex/latex/float/float.sty)
(/usr/local/texlive/2025/texmf-dist/tex/latex/wrapfig/wrapfig.sty)
(/usr/local/texlive/2025/texmf-dist/tex/latex/marginnote/marginnote.sty)
(/usr/local/texlive/2025/texmf-dist/tex/latex/pdfpages/pdfpages.sty
(/usr/local/texlive/2025/texmf-dist/tex/latex/base/ifthen.sty)
(/usr/local/texlive/2025/texmf-dist/tex/latex/eso-pic/eso-pic.sty)
(/usr/local/texlive/2025/texmf-dist/tex/latex/pdfpages/ppluatex.def))
(/usr/local/texlive/2025/texmf-dist/tex/latex/tools/multicol.sty)
(/usr/local/texlive/2025/texmf-dist/tex/latex/tools/afterpage.sty)
(/usr/local/texlive/2025/texmf-dist/tex/latex/lipsum/lipsum.sty
(/usr/local/texlive/2025/texmf-dist/tex/latex/lipsum/lipsum.ltd.tex))
(/usr/local/texlive/2025/texmf-dist/tex/latex/emptypage/emptypage.sty)
(/usr/local/texlive/2025/texmf-dist/tex/latex/tcolorbox/tcolorbox.sty
(/usr/local/texlive/2025/texmf-dist/tex/latex/tools/verbatim.sty)
(/usr/local/texlive/2025/texmf-dist/tex/latex/environ/environ.sty
(/usr/local/texlive/2025/texmf-dist/tex/latex/trimspaces/trimspaces.sty))
(/usr/local/texlive/2025/texmf-dist/tex/latex/tcolorbox/tcbraster.code.tex
Library (tcolorbox): 'tcbraster.code.tex' version '6.4.1'
) (/usr/local/texlive/2025/texmf-dist/tex/latex/tcolorbox/tcbskins.code.tex
Library (tcolorbox): 'tcbskins.code.tex' version '6.4.1'
(/usr/local/texlive/2025/texmf-dist/tex/latex/tikzfill/tikzfill.image.sty
(/usr/local/texlive/2025/texmf-dist/tex/latex/tikzfill/tikzfill-common.sty)
(/usr/local/texlive/2025/texmf-dist/tex/latex/tikzfill/tikzlibraryfill.image.co
de.tex))
(/usr/local/texlive/2025/texmf-dist/tex/latex/tcolorbox/tcbskinsjigsaw.code.tex
Library (tcolorbox): 'tcbskinsjigsaw.code.tex' version '6.4.1'
))
(/usr/local/texlive/2025/texmf-dist/tex/latex/tcolorbox/tcbbreakable.code.tex
Library (tcolorbox): 'tcbbreakable.code.tex' version '6.4.1'
(/usr/local/texlive/2025/texmf-dist/tex/latex/pdfcol/pdfcol.sty)
(/usr/local/texlive/2025/texmf-dist/tex/generic/iftex/ifluatex.sty))
(/usr/local/texlive/2025/texmf-dist/tex/latex/tcolorbox/tcbhooks.code.tex
Library (tcolorbox): 'tcbhooks.code.tex' version '6.4.1'
) (/usr/local/texlive/2025/texmf-dist/tex/latex/tcolorbox/tcbtheorems.code.tex
Library (tcolorbox): 'tcbtheorems.code.tex' version '6.4.1'
) (/usr/local/texlive/2025/texmf-dist/tex/latex/tcolorbox/tcbfitting.code.tex
Library (tcolorbox): 'tcbfitting.code.tex' version '6.4.1'
)
(/usr/local/texlive/2025/texmf-dist/tex/latex/tcolorbox/tcblistingsutf8.code.te
x
Library (tcolorbox): 'tcblistingsutf8.code.tex' version '6.4.1'
(/usr/local/texlive/2025/texmf-dist/tex/latex/tcolorbox/tcblistings.code.tex
Library (tcolorbox): 'tcblistings.code.tex' version '6.4.1'
(/usr/local/texlive/2025/texmf-dist/tex/latex/listings/listings.sty
(/usr/local/texlive/2025/texmf-dist/tex/latex/listings/lstpatch.sty)
(/usr/local/texlive/2025/texmf-dist/tex/latex/listings/lstmisc.sty)
(/usr/local/texlive/2025/texmf-dist/tex/latex/listings/listings.cfg))
(/usr/local/texlive/2025/texmf-dist/tex/latex/tcolorbox/tcblistingscore.code.te
x
Library (tcolorbox): 'tcblistingscore.code.tex' version '6.4.1'
(/usr/local/texlive/2025/texmf-dist/tex/latex/tcolorbox/tcbprocessing.code.tex
Library (tcolorbox): 'tcbprocessing.code.tex' version '6.4.1'
))))
(/usr/local/texlive/2025/texmf-dist/tex/latex/tcolorbox/tcbexternal.code.tex
Library (tcolorbox): 'tcbexternal.code.tex' version '6.4.1'
) (/usr/local/texlive/2025/texmf-dist/tex/latex/tcolorbox/tcbmagazine.code.tex
Library (tcolorbox): 'tcbmagazine.code.tex' version '6.4.1'
) (/usr/local/texlive/2025/texmf-dist/tex/latex/tcolorbox/tcbvignette.code.tex
Library (tcolorbox): 'tcbvignette.code.tex' version '6.4.1'
) (/usr/local/texlive/2025/texmf-dist/tex/latex/tcolorbox/tcbposter.code.tex
Library (tcolorbox): 'tcbposter.code.tex' version '6.4.1'
) (/usr/local/texlive/2025/texmf-dist/tex/latex/tcolorbox/tcbminted.code.tex
Library (tcolorbox): 'tcbminted.code.tex' version '6.4.1'
(/usr/local/texlive/2025/texmf-dist/tex/latex/minted/minted.sty
(/usr/local/texlive/2025/texmf-dist/tex/generic/catchfile/catchfile.sty
(/usr/local/texlive/2025/texmf-dist/tex/generic/etexcmds/etexcmds.sty))
(/usr/local/texlive/2025/texmf-dist/tex/latex/fvextra/fvextra.sty
(/usr/local/texlive/2025/texmf-dist/tex/latex/fancyvrb/fancyvrb.sty)
(/usr/local/texlive/2025/texmf-dist/tex/latex/upquote/upquote.sty
(/usr/local/texlive/2025/texmf-dist/tex/latex/base/textcomp.sty))
(/usr/local/texlive/2025/texmf-dist/tex/latex/lineno/lineno.sty
(/usr/local/texlive/2025/texmf-dist/tex/latex/kvoptions/kvoptions.sty
(/usr/local/texlive/2025/texmf-dist/tex/latex/kvsetkeys/kvsetkeys.sty))

LaTeX Warning: Command \@parboxrestore  has changed.
               Check if current package is valid.

)

Package fvextra Warning: csquotes should be loaded after fvextra, to avoid a wa
rning from the lineno package on input line 37.

) (/usr/local/texlive/2025/texmf-dist/tex/latex/latex2pydata/latex2pydata.sty)
(/usr/local/texlive/2025/texmf-dist/tex/latex/pgfopts/pgfopts.sty)
(/usr/local/texlive/2025/texmf-dist/tex/latex/tools/shellesc.sty))))
(/usr/local/texlive/2025/texmf-dist/tex/latex/fontawesome5/fontawesome5.sty
(/usr/local/texlive/2025/texmf-dist/tex/latex/fontawesome5/fontawesome5-utex-he
lper.sty
(/usr/local/texlive/2025/texmf-dist/tex/luatex/luatexbase/luatexbase.sty
(/usr/local/texlive/2025/texmf-dist/tex/luatex/ctablestack/ctablestack.sty))
(/usr/local/texlive/2025/texmf-dist/tex/latex/fontawesome5/tufontawesomefree.fd
)
(/usr/local/texlive/2025/texmf-dist/tex/latex/fontawesome5/tufontawesomebrands.
fd))) (/usr/local/texlive/2025/texmf-dist/tex/latex/titlesec/titlesec.sty)
(/usr/local/texlive/2025/texmf-dist/tex/latex/fancyhdr/fancyhdr.sty)
(/usr/local/texlive/2025/texmf-dist/tex/latex/titlesec/titletoc.sty)
(/usr/local/texlive/2025/texmf-dist/tex/latex/biblatex/biblatex.sty
(/usr/local/texlive/2025/texmf-dist/tex/latex/logreq/logreq.sty
(/usr/local/texlive/2025/texmf-dist/tex/latex/logreq/logreq.def))
(/usr/local/texlive/2025/texmf-dist/tex/latex/url/url.sty)
(/usr/local/texlive/2025/texmf-dist/tex/latex/biblatex/blx-dm.def)
(/usr/local/texlive/2025/texmf-dist/tex/latex/biblatex-apa/apa.dbx)
(/usr/local/texlive/2025/texmf-dist/tex/latex/biblatex/blx-unicode.def)
(/usr/local/texlive/2025/texmf-dist/tex/latex/biblatex/blx-compat.def)
(/usr/local/texlive/2025/texmf-dist/tex/latex/biblatex/biblatex.def)
(/usr/local/texlive/2025/texmf-dist/tex/latex/biblatex-apa/apa.bbx
(/usr/local/texlive/2025/texmf-dist/tex/latex/biblatex/bbx/standard.bbx))
(/usr/local/texlive/2025/texmf-dist/tex/latex/biblatex-apa/apa.cbx)
(/usr/local/texlive/2025/texmf-dist/tex/latex/biblatex/biblatex.cfg)
(/usr/local/texlive/2025/texmf-dist/tex/latex/biblatex/blx-case-expl3.sty))
(/usr/local/texlive/2025/texmf-dist/tex/latex/hyperref/hyperref.sty
(/usr/local/texlive/2025/texmf-dist/tex/generic/kvdefinekeys/kvdefinekeys.sty)
(/usr/local/texlive/2025/texmf-dist/tex/generic/pdfescape/pdfescape.sty)
(/usr/local/texlive/2025/texmf-dist/tex/latex/hycolor/hycolor.sty)
(/usr/local/texlive/2025/texmf-dist/tex/latex/hyperref/nameref.sty
(/usr/local/texlive/2025/texmf-dist/tex/latex/refcount/refcount.sty)
(/usr/local/texlive/2025/texmf-dist/tex/generic/gettitlestring/gettitlestring.s
ty)) (/usr/local/texlive/2025/texmf-dist/tex/generic/stringenc/stringenc.sty)
(/usr/local/texlive/2025/texmf-dist/tex/latex/hyperref/pd1enc.def)
(/usr/local/texlive/2025/texmf-dist/tex/generic/intcalc/intcalc.sty)
(/usr/local/texlive/2025/texmf-dist/tex/latex/hyperref/puenc.def)
(/usr/local/texlive/2025/texmf-dist/tex/generic/bitset/bitset.sty
(/usr/local/texlive/2025/texmf-dist/tex/generic/bigintcalc/bigintcalc.sty))
(/usr/local/texlive/2025/texmf-dist/tex/latex/base/atbegshi-ltx.sty))
(/usr/local/texlive/2025/texmf-dist/tex/latex/hyperref/hluatex.def
(/usr/local/texlive/2025/texmf-dist/tex/latex/base/atveryend-ltx.sty)
(/usr/local/texlive/2025/texmf-dist/tex/latex/rerunfilecheck/rerunfilecheck.sty

(/usr/local/texlive/2025/texmf-dist/tex/generic/uniquecounter/uniquecounter.sty
))) (/usr/local/texlive/2025/texmf-dist/tex/latex/bookmark/bookmark.sty
(/usr/local/texlive/2025/texmf-dist/tex/latex/bookmark/bkm-pdftex.def))
(/usr/local/texlive/2025/texmf-dist/tex/latex/cleveref/cleveref.sty))
(./build/cap15/cap15.aux)
*geometry* driver: auto-detecting
*geometry* detected driver: luatex

Package unicode-math Warning: Using \overbracket and \underbracket from
(unicode-math)                `mathtools' package.
(unicode-math)                 
(unicode-math)                 Use \Uoverbracket and \Uunderbracket for
(unicode-math)                original `unicode-math' definition.


Package unicode-math Warning: I'm going to overwrite the following commands
(unicode-math)                from the `mathtools' package: 
(unicode-math)                 
(unicode-math)                     \dblcolon, \coloneqq, \Coloneqq, \eqqcolon.
(unicode-math)                
(unicode-math)                 
(unicode-math)                 Note that since I won't overwrite the other
(unicode-math)                colon-like commands, using them will lead to
(unicode-math)                inconsistencies.

(/usr/local/texlive/2025/texmf-dist/tex/context/base/mkii/supp-pdf.mkii
[Loading MPS to PDF converter (version 2006.09.02).]
) (/usr/local/texlive/2025/texmf-dist/tex/latex/epstopdf-pkg/epstopdf-base.sty
(/usr/local/texlive/2025/texmf-dist/tex/latex/latexconfig/epstopdf-sys.cfg))
Package pgfplots notification 'compat/show suggested version=true': document ha
s been generated with the most recent feature set (\pgfplotsset{compat=1.18}).


(/usr/local/texlive/2025/texmf-dist/tex/latex/translations/translations-basic-d
ictionary-spanish.trsl)
(/usr/local/texlive/2025/texmf-dist/tex/latex/pdflscape/pdflscape.sty
(/usr/local/texlive/2025/texmf-dist/tex/latex/pdflscape/pdflscape-nometadata.st
y (/usr/local/texlive/2025/texmf-dist/tex/latex/graphics/lscape.sty)))
(/usr/local/texlive/2025/texmf-dist/tex/latex/biblatex-apa/spanish-apa.lbx
(/usr/local/texlive/2025/texmf-dist/tex/latex/biblatex/lbx/spanish.lbx)
(/usr/local/texlive/2025/texmf-dist/tex/latex/biblatex/lbx/spanish.lbx))
(./build/cap15/cap15.bbl) (./capitulos/cap15.tex
Capítulo 15.
(/usr/local/texlive/2025/texmf-dist/tex/latex/microtype/mt-msa.cfg)
(/usr/local/texlive/2025/texmf-dist/tex/latex/microtype/mt-msb.cfg)
[1{/usr/local/texlive/2025/texmf-var/fonts/map/pdftex/updmap/pdftex.map}]

LaTeX Warning: Reference `cap:02' on page 1 undefined on input line 32.


LaTeX Warning: Reference `cap:04' on page 1 undefined on input line 32.

(/usr/local/texlive/2025/texmf-dist/tex/latex/microtype/mt-TU-empty.cfg)
Underfull \vbox (badness 10000) has occurred while \output is active
[2]
[3]

Package siunitx Warning: Unit macro \angstrom has been deprecated in this
(siunitx)                release.
(siunitx)                
(siunitx)                The BIPM have removed this unit from the SI Brochure.
(siunitx)                You should define it yourself using \DeclareSIUnit in
(siunitx)                your source. The current definition is
(siunitx)                
(siunitx)                \DeclareSIUnit\angstrom{Å}

(./figuras/cap15/peptido.tex)
Underfull \vbox (badness 10000) has occurred while \output is active
[4]
[5]
[6<./figuras/cap15/ramachandran.pdf>]
Underfull \vbox (badness 1331) has occurred while \output is active
[7] (./build/cap15/_C0B4BBE241FEA1DCFCCCEB7DAC23E984.config.minted)
(./build/cap15/_minted/friendly.style.minted)
(./build/cap15/_minted/03021548F38310ABF887A011A96039CF.highlight.minted)
Underfull \vbox (badness 10000) has occurred while \output is active
[8]
Underfull \vbox (badness 10000) has occurred while \output is active
[9]
[10]

LaTeX Warning: Reference `cap:02' on page 1 undefined on input line 221.


Underfull \vbox (badness 2644) has occurred while \output is active
[11] (./build/cap15/_minted/monokai.style.minted)
(./build/cap15/_minted/9CB137DF8158A6389FA9F0E071717D56.highlight.minted)
[12] (./build/cap15/_minted/C1AA4962AF6D7FF791A8DEED60038F76.highlight.minted)
[13]
Underfull \vbox (badness 2809) has occurred while \output is active
[14]
[15]

LaTeX Font Warning: Font shape `TU/LibertinusMath-Regular.otf(1)/b/n' undefined

(Font)              using `TU/LibertinusMath-Regular.otf(1)/m/n' instead on inp
ut line 329.


LaTeX Font Warning: Font shape `TU/LibertinusMath-Regular.otf(2)/b/n' undefined

(Font)              using `TU/LibertinusMath-Regular.otf(2)/m/n' instead on inp
ut line 329.


LaTeX Font Warning: Font shape `TU/LibertinusMath-Regular.otf(3)/b/n' undefined

(Font)              using `TU/LibertinusMath-Regular.otf(3)/m/n' instead on inp
ut line 329.


Underfull \vbox (badness 10000) has occurred while \output is active
[16] (./figuras/cap15/kabsch.tex (./figuras/cap15/kabsch_pts.tex)
(./figuras/cap15/kabsch_pts.tex) (./figuras/cap15/kabsch_pts.tex))
Underfull \vbox (badness 10000) has occurred while \output is active
[17] (./build/cap15/_minted/F39BE17E4F9525CB6CC3B1B2B5D0CCC8.highlight.minted)
Underfull \vbox (badness 10000) has occurred while \output is active
[18]

LaTeX Warning: Reference `cap:03' on page 1 undefined on input line 410.


[19]

LaTeX Warning: Reference `cap:03' on page 1 undefined on input line 422.


Underfull \vbox (badness 10000) has occurred while \output is active
[20]
Overfull \hbox (7.6928pt too wide) in paragraph at lines 426--426
|[]\TU/SourceSansPro(2)/m/n/17 Pre-dic-ción de es-truc-tu-ra: de la ho-mo-lo-g
ía a Alpha-

Underfull \vbox (badness 10000) has occurred while \output is active
[21]
[22]
[23]

LaTeX Warning: Reference `cap:04' on page 1 undefined on input line 502.

(./figuras/cap15/coevolucion.tex)
[24]
Underfull \vbox (badness 10000) has occurred while \output is active
[25] (./figuras/cap15/alphafold.tex)

LaTeX Warning: Reference `cap:04' on page 1 undefined on input line 551.


[26]
[27]
Underfull \vbox (badness 10000) has occurred while \output is active
[28]
Underfull \vbox (badness 10000) has occurred while \output is active
[29]
[30] (./build/cap15/_minted/360DBF7EF858724A9D01BA91CCC521BF.highlight.minted)
[31<./figuras/cap15/pae_p53.pdf>]
[32] (./build/cap15/_minted/6DB825007B948C71A30DDF03EDC12ED8.highlight.minted)
[33]
Underfull \vbox (badness 1803) has occurred while \output is active
[34] (./figuras/cap15/docking_esquema.tex)
[35]
Underfull \vbox (badness 10000) has occurred while \output is active
[36]
Overfull \hbox (8.6793pt too wide) detected at line 752
[][][][][][]

Underfull \vbox (badness 7047) has occurred while \output is active
[37]
Underfull \vbox (badness 10000) has occurred while \output is active
[38]
[39] (./build/cap15/_minted/D0A6A6B4C1C1CB7681C7513C631A1C6E.highlight.minted)
[40]
Underfull \vbox (badness 10000) has occurred while \output is active
[41] (./build/cap15/_minted/82E519058A671269FC1C8DDBC425A727.highlight.minted)
[42]
Overfull \hbox (15.38777pt too wide) in paragraph at lines 906--907
[]\TU/LibertinusSerif(0)/m/n/10.95 ¿Hay evi-den-cia ex-pe-ri-men-tal in-de-pen
-dien-te (mu-ta-gé-ne-sis, re-la-ción estructura-

Underfull \vbox (badness 10000) has occurred while \output is active
[43]
[44] (./build/cap15/_minted/63FB111A674CD6D5CB99448DB4BEAAB3.highlight.minted)
(./build/cap15/_minted/96827E0634B8FDC7602F37E9ACD68124.highlight.minted)
[45]
[46]
[47])
[48] (./build/cap15/cap15.aux)

LaTeX Font Warning: Some font shapes were not available, defaults substituted.


LaTeX Warning: There were undefined references.

)
(see the transcript file for additional information)
 1967 words of node memory still in use:
   31 hlist, 2 vlist, 14 rule, 4 glue, 4 kern, 1 glyph, 244 attribute, 81 glue_
spec, 160 attribute_list, 2 write, 24 pdf_literal, 6 pdf_action, 24 pdf_colorst
ack nodes
   avail lists: 1:38,2:14796,3:7457,4:845,5:767,6:85,7:8083,8:88,9:1574,10:31,1
1:947
</usr/local/texlive/2025/texmf-dist/fonts/opentype/adobe/sourcesanspro/SourceSa
nsPro-SemiboldIt.otf></usr/local/texlive/2025/texmf-dist/fonts/opentype/public/
fira/FiraMono-Oblique.otf></usr/local/texlive/2025/texmf-dist/fonts/opentype/pu
blic/fira/FiraMono-Medium.otf></usr/local/texlive/2025/texmf-dist/fonts/opentyp
e/public/fira/FiraMono-Regular.otf></usr/local/texlive/2025/texmf-dist/fonts/op
entype/public/libertinus-fonts/LibertinusSerif-Semibold.otf></usr/local/texlive
/2025/texmf-dist/fonts/opentype/public/libertinus-fonts/LibertinusSerif-Regular
.otf></usr/local/texlive/2025/texmf-dist/fonts/opentype/public/libertinus-fonts
/LibertinusMath-Regular.otf></usr/local/texlive/2025/texmf-dist/fonts/opentype/
public/libertinus-fonts/LibertinusMath-Regular.otf></usr/local/texlive/2025/tex
mf-dist/fonts/opentype/public/fontawesome5/FontAwesome5Brands-Regular-400.otf><
/usr/local/texlive/2025/texmf-dist/fonts/opentype/public/fontawesome5/FontAweso
me5Free-Solid-900.otf></usr/local/texlive/2025/texmf-dist/fonts/opentype/adobe/
sourcesanspro/SourceSansPro-Black.otf></usr/local/texlive/2025/texmf-dist/fonts
/opentype/public/libertinus-fonts/LibertinusSerif-Semibold.otf></usr/local/texl
ive/2025/texmf-dist/fonts/opentype/public/libertinus-fonts/LibertinusSerif-Regu
lar.otf></usr/local/texlive/2025/texmf-dist/fonts/opentype/adobe/sourcesanspro/
SourceSansPro-RegularIt.otf></usr/local/texlive/2025/texmf-dist/fonts/opentype/
public/libertinus-fonts/LibertinusMath-Regular.otf></usr/local/texlive/2025/tex
mf-dist/fonts/opentype/adobe/sourcesanspro/SourceSansPro-Regular.otf></usr/loca
l/texlive/2025/texmf-dist/fonts/opentype/public/libertinus-fonts/LibertinusSeri
f-Italic.otf></usr/local/texlive/2025/texmf-dist/fonts/opentype/adobe/sourcesan
spro/SourceSansPro-Light.otf></usr/local/texlive/2025/texmf-dist/fonts/opentype
/adobe/sourcesanspro/SourceSansPro-Semibold.otf></usr/local/texlive/2025/texmf-
dist/fonts/opentype/adobe/sourcesanspro/SourceSansPro-ExtraLight.otf>
Output written on cap15.pdf (48 pages, 651215 bytes).
Transcript written on cap15.log.
Latexmk: Getting log file 'build/cap15/cap15.log'
Latexmk: Examining 'build/cap15/cap15.fls'
Latexmk: Examining 'build/cap15/cap15.log'
Latexmk: Found input bbl file 'build/cap15/cap15.bbl'
Latexmk: Log file says output to 'cap15.pdf'
Latexmk: Bibliography file(s) from .bcf file:
  bib/cap15.bib
Latexmk: Summary of warnings from last run of *latex:
  Latex failed to resolve 7 reference(s)
Latexmk: ====Undefined refs and citations with line #s in .tex file:
  Reference `cap:02' on page 1 undefined on input line 32
  Reference `cap:04' on page 1 undefined on input line 32
  Reference `cap:02' on page 1 undefined on input line 221
  Reference `cap:03' on page 1 undefined on input line 410
  Reference `cap:03' on page 1 undefined on input line 422
  Reference `cap:04' on page 1 undefined on input line 502
  Reference `cap:04' on page 1 undefined on input line 551
Latexmk: All targets (build/cap15/cap15.pdf) are up-to-date

