Rc files read:
  NONE
Latexmk: This is Latexmk, John Collins, 27 Dec. 2024. Version 4.86a.
Latexmk: applying rule 'lualatex'...
Rule 'lualatex':  Reasons for rerun
Changed files or newly in use/created:
  capitulos/cap08.tex
Category 'changed_user':
  capitulos/cap08.tex

------------
Run number 1 of rule 'lualatex'
------------
------------
Running 'lualatex  -shell-escape -interaction=nonstopmode -halt-on-error -recorder -output-directory="build/cap08"  "build/cap08/cap08.tex"'
------------
This is LuaHBTeX, Version 1.21.0 (TeX Live 2025) 
 system commands enabled.
(./build/cap08/cap08.tex
LaTeX2e <2024-11-01> patch level 2
L3 programming layer <2025-01-18>
 (/usr/local/texlive/2025/texmf-dist/tex/latex/base/book.cls
Document Class: book 2024/06/29 v1.4n Standard LaTeX document class
(/usr/local/texlive/2025/texmf-dist/tex/latex/base/bk11.clo))
(./estilo/bioinfo.sty

LaTeX Warning: You have requested package `estilo/bioinfo',
               but the package provides `bioinfo'.

(/usr/local/texlive/2025/texmf-dist/tex/latex/geometry/geometry.sty
(/usr/local/texlive/2025/texmf-dist/tex/latex/graphics/keyval.sty)
(/usr/local/texlive/2025/texmf-dist/tex/generic/iftex/ifvtex.sty
(/usr/local/texlive/2025/texmf-dist/tex/generic/iftex/iftex.sty)))
(/usr/local/texlive/2025/texmf-dist/tex/generic/babel/babel.sty
(/usr/local/texlive/2025/texmf-dist/tex/generic/babel/luababel.def)
(/usr/local/texlive/2025/texmf-dist/tex/generic/babel/luababel.def)
(/usr/local/texlive/2025/texmf-dist/tex/generic/babel-spanish/spanish.ldf
(/usr/local/texlive/2025/texmf-dist/tex/generic/hyph-utf8/loadhyph/loadhyph-es.
tex UTF-8 Spanish hyphenation patterns
(/usr/local/texlive/2025/texmf-dist/tex/generic/hyph-utf8/patterns/tex/hyph-es.
tex))))
(/usr/local/texlive/2025/texmf-dist/tex/generic/babel/locale/es/babel-spanish.t
ex) (/usr/local/texlive/2025/texmf-dist/tex/latex/amsmath/amsmath.sty
For additional information on amsmath, use the `?' option.
(/usr/local/texlive/2025/texmf-dist/tex/latex/amsmath/amstext.sty
(/usr/local/texlive/2025/texmf-dist/tex/latex/amsmath/amsgen.sty))
(/usr/local/texlive/2025/texmf-dist/tex/latex/amsmath/amsbsy.sty)
(/usr/local/texlive/2025/texmf-dist/tex/latex/amsmath/amsopn.sty))
(/usr/local/texlive/2025/texmf-dist/tex/latex/amsfonts/amssymb.sty
(/usr/local/texlive/2025/texmf-dist/tex/latex/amsfonts/amsfonts.sty))
(/usr/local/texlive/2025/texmf-dist/tex/latex/mathtools/mathtools.sty
(/usr/local/texlive/2025/texmf-dist/tex/latex/tools/calc.sty)
(/usr/local/texlive/2025/texmf-dist/tex/latex/mathtools/mhsetup.sty))
(/usr/local/texlive/2025/texmf-dist/tex/latex/fontspec/fontspec.sty
(/usr/local/texlive/2025/texmf-dist/tex/latex/l3packages/xparse/xparse.sty
(/usr/local/texlive/2025/texmf-dist/tex/latex/l3kernel/expl3.sty
(/usr/local/texlive/2025/texmf-dist/tex/latex/l3backend/l3backend-luatex.def)))
 (/usr/local/texlive/2025/texmf-dist/tex/latex/fontspec/fontspec-luatex.sty
(/usr/local/texlive/2025/texmf-dist/tex/latex/base/fontenc.sty)
(/usr/local/texlive/2025/texmf-dist/tex/latex/fontspec/fontspec.cfg)))
(/usr/local/texlive/2025/texmf-dist/tex/latex/unicode-math/unicode-math.sty
(/usr/local/texlive/2025/texmf-dist/tex/latex/unicode-math/unicode-math-luatex.
sty
(/usr/local/texlive/2025/texmf-dist/tex/latex/l3packages/l3keys2e/l3keys2e.sty)
 (/usr/local/texlive/2025/texmf-dist/tex/latex/base/fix-cm.sty
(/usr/local/texlive/2025/texmf-dist/tex/latex/base/ts1enc.def))
(/usr/local/texlive/2025/texmf-dist/tex/lualatex/lualatex-math/lualatex-math.st
y (/usr/local/texlive/2025/texmf-dist/tex/latex/etoolbox/etoolbox.sty))
(/usr/local/texlive/2025/texmf-dist/tex/latex/unicode-math/unicode-math-table.t
ex))) (/usr/local/texlive/2025/texmf-dist/tex/latex/amsfonts/umsa.fd)
(/usr/local/texlive/2025/texmf-dist/tex/latex/amsfonts/umsb.fd)
(/usr/local/texlive/2025/texmf-dist/tex/latex/microtype/microtype.sty
(/usr/local/texlive/2025/texmf-dist/tex/latex/microtype/microtype-luatex.def)
(/usr/local/texlive/2025/texmf-dist/tex/latex/microtype/microtype.cfg))
(/usr/local/texlive/2025/texmf-dist/tex/latex/csquotes/csquotes.sty
(/usr/local/texlive/2025/texmf-dist/tex/latex/csquotes/csquotes.def)
(/usr/local/texlive/2025/texmf-dist/tex/latex/csquotes/csquotes.cfg))
(/usr/local/texlive/2025/texmf-dist/tex/latex/xcolor/xcolor.sty
(/usr/local/texlive/2025/texmf-dist/tex/latex/graphics-cfg/color.cfg)
(/usr/local/texlive/2025/texmf-dist/tex/latex/graphics-def/luatex.def)
(/usr/local/texlive/2025/texmf-dist/tex/latex/graphics/mathcolor.ltx))
(/usr/local/texlive/2025/texmf-dist/tex/latex/graphics/dvipsnam.def)
(/usr/local/texlive/2025/texmf-dist/tex/latex/colortbl/colortbl.sty
(/usr/local/texlive/2025/texmf-dist/tex/latex/tools/array.sty))
(/usr/local/texlive/2025/texmf-dist/tex/latex/graphics/graphicx.sty
(/usr/local/texlive/2025/texmf-dist/tex/latex/graphics/graphics.sty
(/usr/local/texlive/2025/texmf-dist/tex/latex/graphics/trig.sty)
(/usr/local/texlive/2025/texmf-dist/tex/latex/graphics-cfg/graphics.cfg)))
(/usr/local/texlive/2025/texmf-dist/tex/latex/pgf/frontendlayer/tikz.sty
(/usr/local/texlive/2025/texmf-dist/tex/latex/pgf/basiclayer/pgf.sty
(/usr/local/texlive/2025/texmf-dist/tex/latex/pgf/utilities/pgfrcs.sty
(/usr/local/texlive/2025/texmf-dist/tex/generic/pgf/utilities/pgfutil-common.te
x)
(/usr/local/texlive/2025/texmf-dist/tex/generic/pgf/utilities/pgfutil-latex.def
) (/usr/local/texlive/2025/texmf-dist/tex/generic/pgf/utilities/pgfrcs.code.tex
(/usr/local/texlive/2025/texmf-dist/tex/generic/pgf/pgf.revision.tex)))
(/usr/local/texlive/2025/texmf-dist/tex/latex/pgf/basiclayer/pgfcore.sty
(/usr/local/texlive/2025/texmf-dist/tex/latex/pgf/systemlayer/pgfsys.sty
(/usr/local/texlive/2025/texmf-dist/tex/generic/pgf/systemlayer/pgfsys.code.tex
(/usr/local/texlive/2025/texmf-dist/tex/generic/pgf/utilities/pgfkeys.code.tex
(/usr/local/texlive/2025/texmf-dist/tex/generic/pgf/utilities/pgfkeyslibraryfil
tered.code.tex))
(/usr/local/texlive/2025/texmf-dist/tex/generic/pgf/systemlayer/pgf.cfg)
(/usr/local/texlive/2025/texmf-dist/tex/generic/pgf/systemlayer/pgfsys-luatex.d
ef
(/usr/local/texlive/2025/texmf-dist/tex/generic/pgf/systemlayer/pgfsys-common-p
df.def)))
(/usr/local/texlive/2025/texmf-dist/tex/generic/pgf/systemlayer/pgfsyssoftpath.
code.tex)
(/usr/local/texlive/2025/texmf-dist/tex/generic/pgf/systemlayer/pgfsysprotocol.
code.tex))
(/usr/local/texlive/2025/texmf-dist/tex/generic/pgf/basiclayer/pgfcore.code.tex
(/usr/local/texlive/2025/texmf-dist/tex/generic/pgf/math/pgfmath.code.tex
(/usr/local/texlive/2025/texmf-dist/tex/generic/pgf/math/pgfmathutil.code.tex)
(/usr/local/texlive/2025/texmf-dist/tex/generic/pgf/math/pgfmathparser.code.tex
)
(/usr/local/texlive/2025/texmf-dist/tex/generic/pgf/math/pgfmathfunctions.code.
tex)
(/usr/local/texlive/2025/texmf-dist/tex/generic/pgf/math/pgfmathfunctions.basic
.code.tex)
(/usr/local/texlive/2025/texmf-dist/tex/generic/pgf/math/pgfmathfunctions.trigo
nometric.code.tex)
(/usr/local/texlive/2025/texmf-dist/tex/generic/pgf/math/pgfmathfunctions.rando
m.code.tex)
(/usr/local/texlive/2025/texmf-dist/tex/generic/pgf/math/pgfmathfunctions.compa
rison.code.tex)
(/usr/local/texlive/2025/texmf-dist/tex/generic/pgf/math/pgfmathfunctions.base.
code.tex)
(/usr/local/texlive/2025/texmf-dist/tex/generic/pgf/math/pgfmathfunctions.round
.code.tex)
(/usr/local/texlive/2025/texmf-dist/tex/generic/pgf/math/pgfmathfunctions.misc.
code.tex)
(/usr/local/texlive/2025/texmf-dist/tex/generic/pgf/math/pgfmathfunctions.integ
erarithmetics.code.tex)
(/usr/local/texlive/2025/texmf-dist/tex/generic/pgf/math/pgfmathcalc.code.tex)
(/usr/local/texlive/2025/texmf-dist/tex/generic/pgf/math/pgfmathfloat.code.tex)
) (/usr/local/texlive/2025/texmf-dist/tex/generic/pgf/math/pgfint.code.tex)
(/usr/local/texlive/2025/texmf-dist/tex/generic/pgf/basiclayer/pgfcorepoints.co
de.tex)
(/usr/local/texlive/2025/texmf-dist/tex/generic/pgf/basiclayer/pgfcorepathconst
ruct.code.tex)
(/usr/local/texlive/2025/texmf-dist/tex/generic/pgf/basiclayer/pgfcorepathusage
.code.tex)
(/usr/local/texlive/2025/texmf-dist/tex/generic/pgf/basiclayer/pgfcorescopes.co
de.tex)
(/usr/local/texlive/2025/texmf-dist/tex/generic/pgf/basiclayer/pgfcoregraphicst
ate.code.tex)
(/usr/local/texlive/2025/texmf-dist/tex/generic/pgf/basiclayer/pgfcoretransform
ations.code.tex)
(/usr/local/texlive/2025/texmf-dist/tex/generic/pgf/basiclayer/pgfcorequick.cod
e.tex)
(/usr/local/texlive/2025/texmf-dist/tex/generic/pgf/basiclayer/pgfcoreobjects.c
ode.tex)
(/usr/local/texlive/2025/texmf-dist/tex/generic/pgf/basiclayer/pgfcorepathproce
ssing.code.tex)
(/usr/local/texlive/2025/texmf-dist/tex/generic/pgf/basiclayer/pgfcorearrows.co
de.tex)
(/usr/local/texlive/2025/texmf-dist/tex/generic/pgf/basiclayer/pgfcoreshade.cod
e.tex)
(/usr/local/texlive/2025/texmf-dist/tex/generic/pgf/basiclayer/pgfcoreimage.cod
e.tex)
(/usr/local/texlive/2025/texmf-dist/tex/generic/pgf/basiclayer/pgfcoreexternal.
code.tex)
(/usr/local/texlive/2025/texmf-dist/tex/generic/pgf/basiclayer/pgfcorelayers.co
de.tex)
(/usr/local/texlive/2025/texmf-dist/tex/generic/pgf/basiclayer/pgfcoretranspare
ncy.code.tex)
(/usr/local/texlive/2025/texmf-dist/tex/generic/pgf/basiclayer/pgfcorepatterns.
code.tex)
(/usr/local/texlive/2025/texmf-dist/tex/generic/pgf/basiclayer/pgfcorerdf.code.
tex)))
(/usr/local/texlive/2025/texmf-dist/tex/generic/pgf/modules/pgfmoduleshapes.cod
e.tex)
(/usr/local/texlive/2025/texmf-dist/tex/generic/pgf/modules/pgfmoduleplot.code.
tex)
(/usr/local/texlive/2025/texmf-dist/tex/latex/pgf/compatibility/pgfcomp-version
-0-65.sty)
(/usr/local/texlive/2025/texmf-dist/tex/latex/pgf/compatibility/pgfcomp-version
-1-18.sty))
(/usr/local/texlive/2025/texmf-dist/tex/latex/pgf/utilities/pgffor.sty
(/usr/local/texlive/2025/texmf-dist/tex/latex/pgf/utilities/pgfkeys.sty
(/usr/local/texlive/2025/texmf-dist/tex/generic/pgf/utilities/pgfkeys.code.tex)
) (/usr/local/texlive/2025/texmf-dist/tex/latex/pgf/math/pgfmath.sty
(/usr/local/texlive/2025/texmf-dist/tex/generic/pgf/math/pgfmath.code.tex))
(/usr/local/texlive/2025/texmf-dist/tex/generic/pgf/utilities/pgffor.code.tex))

(/usr/local/texlive/2025/texmf-dist/tex/generic/pgf/frontendlayer/tikz/tikz.cod
e.tex
(/usr/local/texlive/2025/texmf-dist/tex/generic/pgf/libraries/pgflibraryplothan
dlers.code.tex)
(/usr/local/texlive/2025/texmf-dist/tex/generic/pgf/modules/pgfmodulematrix.cod
e.tex)
(/usr/local/texlive/2025/texmf-dist/tex/generic/pgf/frontendlayer/tikz/librarie
s/tikzlibrarytopaths.code.tex)))
(/usr/local/texlive/2025/texmf-dist/tex/generic/pgf/libraries/pgflibraryarrows.
meta.code.tex)
(/usr/local/texlive/2025/texmf-dist/tex/generic/pgf/frontendlayer/tikz/librarie
s/tikzlibrarypositioning.code.tex)
(/usr/local/texlive/2025/texmf-dist/tex/generic/pgf/frontendlayer/tikz/librarie
s/tikzlibrarycalc.code.tex)
(/usr/local/texlive/2025/texmf-dist/tex/generic/pgf/frontendlayer/tikz/librarie
s/tikzlibraryfit.code.tex)
(/usr/local/texlive/2025/texmf-dist/tex/generic/pgf/frontendlayer/tikz/librarie
s/tikzlibrarybackgrounds.code.tex)
(/usr/local/texlive/2025/texmf-dist/tex/generic/pgf/frontendlayer/tikz/librarie
s/tikzlibraryshapes.code.tex
(/usr/local/texlive/2025/texmf-dist/tex/generic/pgf/frontendlayer/tikz/librarie
s/tikzlibraryshapes.geometric.code.tex
(/usr/local/texlive/2025/texmf-dist/tex/generic/pgf/libraries/shapes/pgflibrary
shapes.geometric.code.tex))
(/usr/local/texlive/2025/texmf-dist/tex/generic/pgf/frontendlayer/tikz/librarie
s/tikzlibraryshapes.misc.code.tex
(/usr/local/texlive/2025/texmf-dist/tex/generic/pgf/libraries/shapes/pgflibrary
shapes.misc.code.tex))
(/usr/local/texlive/2025/texmf-dist/tex/generic/pgf/frontendlayer/tikz/librarie
s/tikzlibraryshapes.symbols.code.tex
(/usr/local/texlive/2025/texmf-dist/tex/generic/pgf/libraries/shapes/pgflibrary
shapes.symbols.code.tex))
(/usr/local/texlive/2025/texmf-dist/tex/generic/pgf/frontendlayer/tikz/librarie
s/tikzlibraryshapes.arrows.code.tex
(/usr/local/texlive/2025/texmf-dist/tex/generic/pgf/libraries/shapes/pgflibrary
shapes.arrows.code.tex))
(/usr/local/texlive/2025/texmf-dist/tex/generic/pgf/frontendlayer/tikz/librarie
s/tikzlibraryshapes.callouts.code.tex
(/usr/local/texlive/2025/texmf-dist/tex/generic/pgf/libraries/shapes/pgflibrary
shapes.callouts.code.tex))
(/usr/local/texlive/2025/texmf-dist/tex/generic/pgf/frontendlayer/tikz/librarie
s/tikzlibraryshapes.multipart.code.tex
(/usr/local/texlive/2025/texmf-dist/tex/generic/pgf/libraries/shapes/pgflibrary
shapes.multipart.code.tex)))
(/usr/local/texlive/2025/texmf-dist/tex/generic/pgf/frontendlayer/tikz/librarie
s/tikzlibrarydecorations.pathreplacing.code.tex
(/usr/local/texlive/2025/texmf-dist/tex/generic/pgf/frontendlayer/tikz/librarie
s/tikzlibrarydecorations.code.tex
(/usr/local/texlive/2025/texmf-dist/tex/generic/pgf/modules/pgfmoduledecoration
s.code.tex))
(/usr/local/texlive/2025/texmf-dist/tex/generic/pgf/libraries/decorations/pgfli
brarydecorations.pathreplacing.code.tex))
(/usr/local/texlive/2025/texmf-dist/tex/generic/pgf/frontendlayer/tikz/librarie
s/tikzlibrarydecorations.pathmorphing.code.tex
(/usr/local/texlive/2025/texmf-dist/tex/generic/pgf/libraries/decorations/pgfli
brarydecorations.pathmorphing.code.tex))
(/usr/local/texlive/2025/texmf-dist/tex/generic/pgf/frontendlayer/tikz/librarie
s/tikzlibrarydecorations.text.code.tex
(/usr/local/texlive/2025/texmf-dist/tex/generic/pgf/libraries/decorations/pgfli
brarydecorations.text.code.tex))
(/usr/local/texlive/2025/texmf-dist/tex/generic/pgf/frontendlayer/tikz/librarie
s/tikzlibrarypatterns.code.tex
(/usr/local/texlive/2025/texmf-dist/tex/generic/pgf/libraries/pgflibrarypattern
s.code.tex))
(/usr/local/texlive/2025/texmf-dist/tex/generic/pgf/frontendlayer/tikz/librarie
s/tikzlibraryshadows.code.tex
(/usr/local/texlive/2025/texmf-dist/tex/generic/pgf/frontendlayer/tikz/librarie
s/tikzlibraryfadings.code.tex
(/usr/local/texlive/2025/texmf-dist/tex/generic/pgf/libraries/pgflibraryfadings
.code.tex)))
(/usr/local/texlive/2025/texmf-dist/tex/latex/pgf-blur/tikzlibraryshadows.blur.
code.tex  v1.02, 2012/12/09)
(/usr/local/texlive/2025/texmf-dist/tex/generic/pgf/frontendlayer/tikz/librarie
s/tikzlibrarymatrix.code.tex)
(/usr/local/texlive/2025/texmf-dist/tex/generic/pgf/frontendlayer/tikz/librarie
s/tikzlibrarychains.code.tex)
(/usr/local/texlive/2025/texmf-dist/tex/generic/pgf/frontendlayer/tikz/librarie
s/tikzlibraryintersections.code.tex
(/usr/local/texlive/2025/texmf-dist/tex/generic/pgf/libraries/pgflibraryinterse
ctions.code.tex
(/usr/local/texlive/2025/texmf-dist/tex/generic/pgf/libraries/pgflibraryfpu.cod
e.tex)))
(/usr/local/texlive/2025/texmf-dist/tex/generic/pgf/frontendlayer/tikz/librarie
s/tikzlibrarytrees.code.tex)
(/usr/local/texlive/2025/texmf-dist/tex/generic/pgf/frontendlayer/tikz/librarie
s/graphs/tikzlibrarygraphs.code.tex)
(/usr/local/texlive/2025/texmf-dist/tex/generic/pgf/frontendlayer/tikz/librarie
s/tikzlibraryquotes.code.tex)
(/usr/local/texlive/2025/texmf-dist/tex/generic/pgf/frontendlayer/tikz/librarie
s/tikzlibraryspy.code.tex)
(/usr/local/texlive/2025/texmf-dist/tex/generic/pgf/frontendlayer/tikz/librarie
s/tikzlibrarybending.code.tex
(/usr/local/texlive/2025/texmf-dist/tex/generic/pgf/modules/pgfmodulebending.co
de.tex
(/usr/local/texlive/2025/texmf-dist/tex/generic/pgf/modules/pgfmodulenonlineart
ransformations.code.tex)
(/usr/local/texlive/2025/texmf-dist/tex/generic/pgf/libraries/pgflibrarycurvili
near.code.tex)))
(/usr/local/texlive/2025/texmf-dist/tex/generic/pgf/frontendlayer/tikz/librarie
s/tikzlibrarymath.code.tex
(/usr/local/texlive/2025/texmf-dist/tex/generic/pgf/frontendlayer/tikz/librarie
s/tikzlibraryfpu.code.tex))
(/usr/local/texlive/2025/texmf-dist/tex/latex/pgfplots/pgfplots.sty
(/usr/local/texlive/2025/texmf-dist/tex/generic/pgfplots/pgfplots.revision.tex)
(/usr/local/texlive/2025/texmf-dist/tex/generic/pgfplots/pgfplots.code.tex
(/usr/local/texlive/2025/texmf-dist/tex/generic/pgfplots/pgfplotscore.code.tex
(/usr/local/texlive/2025/texmf-dist/tex/generic/pgfplots/sys/pgfplotssysgeneric
.code.tex))
(/usr/local/texlive/2025/texmf-dist/tex/generic/pgfplots/libs/pgfplotslibrary.c
ode.tex)
(/usr/local/texlive/2025/texmf-dist/tex/generic/pgfplots/oldpgfcompatib/pgfplot
soldpgfsupp_loader.code.tex
Package pgfplots: loading complementary utilities for your pgf version...

(/usr/local/texlive/2025/texmf-dist/tex/generic/pgfplots/oldpgfcompatib/pgfplot
soldpgfsupp_pgfutil-common-lists.tex)
(/usr/local/texlive/2025/texmf-dist/tex/generic/pgf/libraries/luamath/pgflibrar
yluamath.code.tex))
(/usr/local/texlive/2025/texmf-dist/tex/generic/pgfplots/util/pgfplotsutil.code
.tex
(/usr/local/texlive/2025/texmf-dist/tex/generic/pgfplots/liststructure/pgfplots
liststructure.code.tex)
(/usr/local/texlive/2025/texmf-dist/tex/generic/pgfplots/liststructure/pgfplots
liststructureext.code.tex)
(/usr/local/texlive/2025/texmf-dist/tex/generic/pgfplots/liststructure/pgfplots
array.code.tex)
(/usr/local/texlive/2025/texmf-dist/tex/generic/pgfplots/liststructure/pgfplots
matrix.code.tex)
(/usr/local/texlive/2025/texmf-dist/tex/generic/pgfplots/numtable/pgfplotstable
shared.code.tex)
(/usr/local/texlive/2025/texmf-dist/tex/generic/pgfplots/liststructure/pgfplots
deque.code.tex)
(/usr/local/texlive/2025/texmf-dist/tex/generic/pgfplots/util/pgfplotsbinary.co
de.tex
(/usr/local/texlive/2025/texmf-dist/tex/generic/pgfplots/util/pgfplotsbinary.da
ta.code.tex))
(/usr/local/texlive/2025/texmf-dist/tex/generic/pgfplots/util/pgfplotsutil.verb
.code.tex)
(/usr/local/texlive/2025/texmf-dist/tex/generic/pgfplots/libs/pgflibrarypgfplot
s.surfshading.code.tex
(/usr/local/texlive/2025/texmf-dist/tex/generic/pgfplots/sys/pgflibrarypgfplots
.surfshading.pgfsys-luatex.def)))
(/usr/local/texlive/2025/texmf-dist/tex/generic/pgfplots/util/pgfplotscolormap.
code.tex
(/usr/local/texlive/2025/texmf-dist/tex/generic/pgfplots/util/pgfplotscolor.cod
e.tex))
(/usr/local/texlive/2025/texmf-dist/tex/generic/pgfplots/pgfplotsstackedplots.c
ode.tex)
(/usr/local/texlive/2025/texmf-dist/tex/generic/pgfplots/pgfplotsplothandlers.c
ode.tex
(/usr/local/texlive/2025/texmf-dist/tex/generic/pgfplots/pgfplotsmeshplothandle
r.code.tex
(/usr/local/texlive/2025/texmf-dist/tex/generic/pgfplots/pgfplotsmeshplotimage.
code.tex)))
(/usr/local/texlive/2025/texmf-dist/tex/generic/pgfplots/pgfplots.scaling.code.
tex)
(/usr/local/texlive/2025/texmf-dist/tex/generic/pgfplots/pgfplotscoordprocessin
g.code.tex)
(/usr/local/texlive/2025/texmf-dist/tex/generic/pgfplots/pgfplots.errorbars.cod
e.tex)
(/usr/local/texlive/2025/texmf-dist/tex/generic/pgfplots/pgfplots.markers.code.
tex)
(/usr/local/texlive/2025/texmf-dist/tex/generic/pgfplots/pgfplotsticks.code.tex
)
(/usr/local/texlive/2025/texmf-dist/tex/generic/pgfplots/pgfplots.paths.code.te
x)
(/usr/local/texlive/2025/texmf-dist/tex/generic/pgfplots/libs/tikzlibrarypgfplo
ts.contourlua.code.tex))
(/usr/local/texlive/2025/texmf-dist/tex/generic/pgf/frontendlayer/tikz/librarie
s/tikzlibraryplotmarks.code.tex
(/usr/local/texlive/2025/texmf-dist/tex/generic/pgf/libraries/pgflibraryplotmar
ks.code.tex)))
(/usr/local/texlive/2025/texmf-dist/tex/generic/pgfplots/libs/tikzlibrarypgfplo
ts.fillbetween.code.tex
(/usr/local/texlive/2025/texmf-dist/tex/generic/pgfplots/pgfcontrib/tikzlibrary
fillbetween.code.tex
(/usr/local/texlive/2025/texmf-dist/tex/generic/pgfplots/pgfcontrib/tikzlibrary
decorations.softclip.code.tex
(/usr/local/texlive/2025/texmf-dist/tex/generic/pgfplots/pgfcontrib/pgflibraryf
illbetween.code.tex)))
(/usr/local/texlive/2025/texmf-dist/tex/generic/pgfplots/libs/tikzlibrarypgfplo
ts.decorations.softclip.code.tex))
(/usr/local/texlive/2025/texmf-dist/tex/generic/pgfplots/libs/tikzlibrarypgfplo
ts.groupplots.code.tex)
(/usr/local/texlive/2025/texmf-dist/tex/generic/pgfplots/libs/tikzlibrarypgfplo
ts.colormaps.code.tex)
(/usr/local/texlive/2025/texmf-dist/tex/generic/pgfplots/libs/tikzlibrarypgfplo
ts.statistics.code.tex)
(/usr/local/texlive/2025/texmf-dist/tex/latex/booktabs/booktabs.sty)
(/usr/local/texlive/2025/texmf-dist/tex/latex/tools/tabularx.sty)
(/usr/local/texlive/2025/texmf-dist/tex/latex/multirow/multirow.sty)
(/usr/local/texlive/2025/texmf-dist/tex/latex/tools/longtable.sty)
(/usr/local/texlive/2025/texmf-dist/tex/latex/enumitem/enumitem.sty)
(/usr/local/texlive/2025/texmf-dist/tex/latex/caption/caption.sty
(/usr/local/texlive/2025/texmf-dist/tex/latex/caption/caption3.sty)
(/usr/local/texlive/2025/texmf-dist/tex/latex/caption/ltcaption.sty))
(/usr/local/texlive/2025/texmf-dist/tex/latex/caption/subcaption.sty)
(/usr/local/texlive/2025/texmf-dist/tex/latex/siunitx/siunitx.sty
(/usr/local/texlive/2025/texmf-dist/tex/latex/translations/translations.sty
(/usr/local/texlive/2025/texmf-dist/tex/generic/pdftexcmds/pdftexcmds.sty
(/usr/local/texlive/2025/texmf-dist/tex/generic/infwarerr/infwarerr.sty)
(/usr/local/texlive/2025/texmf-dist/tex/generic/ltxcmds/ltxcmds.sty))))
(/usr/local/texlive/2025/texmf-dist/tex/latex/float/float.sty)
(/usr/local/texlive/2025/texmf-dist/tex/latex/wrapfig/wrapfig.sty)
(/usr/local/texlive/2025/texmf-dist/tex/latex/marginnote/marginnote.sty)
(/usr/local/texlive/2025/texmf-dist/tex/latex/pdfpages/pdfpages.sty
(/usr/local/texlive/2025/texmf-dist/tex/latex/base/ifthen.sty)
(/usr/local/texlive/2025/texmf-dist/tex/latex/eso-pic/eso-pic.sty)
(/usr/local/texlive/2025/texmf-dist/tex/latex/pdfpages/ppluatex.def))
(/usr/local/texlive/2025/texmf-dist/tex/latex/tools/multicol.sty)
(/usr/local/texlive/2025/texmf-dist/tex/latex/tools/afterpage.sty)
(/usr/local/texlive/2025/texmf-dist/tex/latex/lipsum/lipsum.sty
(/usr/local/texlive/2025/texmf-dist/tex/latex/lipsum/lipsum.ltd.tex))
(/usr/local/texlive/2025/texmf-dist/tex/latex/emptypage/emptypage.sty)
(/usr/local/texlive/2025/texmf-dist/tex/latex/tcolorbox/tcolorbox.sty
(/usr/local/texlive/2025/texmf-dist/tex/latex/tools/verbatim.sty)
(/usr/local/texlive/2025/texmf-dist/tex/latex/environ/environ.sty
(/usr/local/texlive/2025/texmf-dist/tex/latex/trimspaces/trimspaces.sty))
(/usr/local/texlive/2025/texmf-dist/tex/latex/tcolorbox/tcbraster.code.tex
Library (tcolorbox): 'tcbraster.code.tex' version '6.4.1'
) (/usr/local/texlive/2025/texmf-dist/tex/latex/tcolorbox/tcbskins.code.tex
Library (tcolorbox): 'tcbskins.code.tex' version '6.4.1'
(/usr/local/texlive/2025/texmf-dist/tex/latex/tikzfill/tikzfill.image.sty
(/usr/local/texlive/2025/texmf-dist/tex/latex/tikzfill/tikzfill-common.sty)
(/usr/local/texlive/2025/texmf-dist/tex/latex/tikzfill/tikzlibraryfill.image.co
de.tex))
(/usr/local/texlive/2025/texmf-dist/tex/latex/tcolorbox/tcbskinsjigsaw.code.tex
Library (tcolorbox): 'tcbskinsjigsaw.code.tex' version '6.4.1'
))
(/usr/local/texlive/2025/texmf-dist/tex/latex/tcolorbox/tcbbreakable.code.tex
Library (tcolorbox): 'tcbbreakable.code.tex' version '6.4.1'
(/usr/local/texlive/2025/texmf-dist/tex/latex/pdfcol/pdfcol.sty)
(/usr/local/texlive/2025/texmf-dist/tex/generic/iftex/ifluatex.sty))
(/usr/local/texlive/2025/texmf-dist/tex/latex/tcolorbox/tcbhooks.code.tex
Library (tcolorbox): 'tcbhooks.code.tex' version '6.4.1'
) (/usr/local/texlive/2025/texmf-dist/tex/latex/tcolorbox/tcbtheorems.code.tex
Library (tcolorbox): 'tcbtheorems.code.tex' version '6.4.1'
) (/usr/local/texlive/2025/texmf-dist/tex/latex/tcolorbox/tcbfitting.code.tex
Library (tcolorbox): 'tcbfitting.code.tex' version '6.4.1'
)
(/usr/local/texlive/2025/texmf-dist/tex/latex/tcolorbox/tcblistingsutf8.code.te
x
Library (tcolorbox): 'tcblistingsutf8.code.tex' version '6.4.1'
(/usr/local/texlive/2025/texmf-dist/tex/latex/tcolorbox/tcblistings.code.tex
Library (tcolorbox): 'tcblistings.code.tex' version '6.4.1'
(/usr/local/texlive/2025/texmf-dist/tex/latex/listings/listings.sty
(/usr/local/texlive/2025/texmf-dist/tex/latex/listings/lstpatch.sty)
(/usr/local/texlive/2025/texmf-dist/tex/latex/listings/lstmisc.sty)
(/usr/local/texlive/2025/texmf-dist/tex/latex/listings/listings.cfg))
(/usr/local/texlive/2025/texmf-dist/tex/latex/tcolorbox/tcblistingscore.code.te
x
Library (tcolorbox): 'tcblistingscore.code.tex' version '6.4.1'
(/usr/local/texlive/2025/texmf-dist/tex/latex/tcolorbox/tcbprocessing.code.tex
Library (tcolorbox): 'tcbprocessing.code.tex' version '6.4.1'
))))
(/usr/local/texlive/2025/texmf-dist/tex/latex/tcolorbox/tcbexternal.code.tex
Library (tcolorbox): 'tcbexternal.code.tex' version '6.4.1'
) (/usr/local/texlive/2025/texmf-dist/tex/latex/tcolorbox/tcbmagazine.code.tex
Library (tcolorbox): 'tcbmagazine.code.tex' version '6.4.1'
) (/usr/local/texlive/2025/texmf-dist/tex/latex/tcolorbox/tcbvignette.code.tex
Library (tcolorbox): 'tcbvignette.code.tex' version '6.4.1'
) (/usr/local/texlive/2025/texmf-dist/tex/latex/tcolorbox/tcbposter.code.tex
Library (tcolorbox): 'tcbposter.code.tex' version '6.4.1'
) (/usr/local/texlive/2025/texmf-dist/tex/latex/tcolorbox/tcbminted.code.tex
Library (tcolorbox): 'tcbminted.code.tex' version '6.4.1'
(/usr/local/texlive/2025/texmf-dist/tex/latex/minted/minted.sty
(/usr/local/texlive/2025/texmf-dist/tex/generic/catchfile/catchfile.sty
(/usr/local/texlive/2025/texmf-dist/tex/generic/etexcmds/etexcmds.sty))
(/usr/local/texlive/2025/texmf-dist/tex/latex/fvextra/fvextra.sty
(/usr/local/texlive/2025/texmf-dist/tex/latex/fancyvrb/fancyvrb.sty)
(/usr/local/texlive/2025/texmf-dist/tex/latex/upquote/upquote.sty
(/usr/local/texlive/2025/texmf-dist/tex/latex/base/textcomp.sty))
(/usr/local/texlive/2025/texmf-dist/tex/latex/lineno/lineno.sty
(/usr/local/texlive/2025/texmf-dist/tex/latex/kvoptions/kvoptions.sty
(/usr/local/texlive/2025/texmf-dist/tex/latex/kvsetkeys/kvsetkeys.sty))

LaTeX Warning: Command \@parboxrestore  has changed.
               Check if current package is valid.

)

Package fvextra Warning: csquotes should be loaded after fvextra, to avoid a wa
rning from the lineno package on input line 37.

) (/usr/local/texlive/2025/texmf-dist/tex/latex/latex2pydata/latex2pydata.sty)
(/usr/local/texlive/2025/texmf-dist/tex/latex/pgfopts/pgfopts.sty)
(/usr/local/texlive/2025/texmf-dist/tex/latex/tools/shellesc.sty))))
(/usr/local/texlive/2025/texmf-dist/tex/latex/fontawesome5/fontawesome5.sty
(/usr/local/texlive/2025/texmf-dist/tex/latex/fontawesome5/fontawesome5-utex-he
lper.sty
(/usr/local/texlive/2025/texmf-dist/tex/luatex/luatexbase/luatexbase.sty
(/usr/local/texlive/2025/texmf-dist/tex/luatex/ctablestack/ctablestack.sty))
(/usr/local/texlive/2025/texmf-dist/tex/latex/fontawesome5/tufontawesomefree.fd
)
(/usr/local/texlive/2025/texmf-dist/tex/latex/fontawesome5/tufontawesomebrands.
fd))) (/usr/local/texlive/2025/texmf-dist/tex/latex/titlesec/titlesec.sty)
(/usr/local/texlive/2025/texmf-dist/tex/latex/fancyhdr/fancyhdr.sty)
(/usr/local/texlive/2025/texmf-dist/tex/latex/titlesec/titletoc.sty)
(/usr/local/texlive/2025/texmf-dist/tex/latex/biblatex/biblatex.sty
(/usr/local/texlive/2025/texmf-dist/tex/latex/logreq/logreq.sty
(/usr/local/texlive/2025/texmf-dist/tex/latex/logreq/logreq.def))
(/usr/local/texlive/2025/texmf-dist/tex/latex/url/url.sty)
(/usr/local/texlive/2025/texmf-dist/tex/latex/biblatex/blx-dm.def)
(/usr/local/texlive/2025/texmf-dist/tex/latex/biblatex-apa/apa.dbx)
(/usr/local/texlive/2025/texmf-dist/tex/latex/biblatex/blx-unicode.def)
(/usr/local/texlive/2025/texmf-dist/tex/latex/biblatex/blx-compat.def)
(/usr/local/texlive/2025/texmf-dist/tex/latex/biblatex/biblatex.def)
(/usr/local/texlive/2025/texmf-dist/tex/latex/biblatex-apa/apa.bbx
(/usr/local/texlive/2025/texmf-dist/tex/latex/biblatex/bbx/standard.bbx))
(/usr/local/texlive/2025/texmf-dist/tex/latex/biblatex-apa/apa.cbx)
(/usr/local/texlive/2025/texmf-dist/tex/latex/biblatex/biblatex.cfg)
(/usr/local/texlive/2025/texmf-dist/tex/latex/biblatex/blx-case-expl3.sty))
(/usr/local/texlive/2025/texmf-dist/tex/latex/hyperref/hyperref.sty
(/usr/local/texlive/2025/texmf-dist/tex/generic/kvdefinekeys/kvdefinekeys.sty)
(/usr/local/texlive/2025/texmf-dist/tex/generic/pdfescape/pdfescape.sty)
(/usr/local/texlive/2025/texmf-dist/tex/latex/hycolor/hycolor.sty)
(/usr/local/texlive/2025/texmf-dist/tex/latex/hyperref/nameref.sty
(/usr/local/texlive/2025/texmf-dist/tex/latex/refcount/refcount.sty)
(/usr/local/texlive/2025/texmf-dist/tex/generic/gettitlestring/gettitlestring.s
ty)) (/usr/local/texlive/2025/texmf-dist/tex/generic/stringenc/stringenc.sty)
(/usr/local/texlive/2025/texmf-dist/tex/latex/hyperref/pd1enc.def)
(/usr/local/texlive/2025/texmf-dist/tex/generic/intcalc/intcalc.sty)
(/usr/local/texlive/2025/texmf-dist/tex/latex/hyperref/puenc.def)
(/usr/local/texlive/2025/texmf-dist/tex/generic/bitset/bitset.sty
(/usr/local/texlive/2025/texmf-dist/tex/generic/bigintcalc/bigintcalc.sty))
(/usr/local/texlive/2025/texmf-dist/tex/latex/base/atbegshi-ltx.sty))
(/usr/local/texlive/2025/texmf-dist/tex/latex/hyperref/hluatex.def
(/usr/local/texlive/2025/texmf-dist/tex/latex/base/atveryend-ltx.sty)
(/usr/local/texlive/2025/texmf-dist/tex/latex/rerunfilecheck/rerunfilecheck.sty

(/usr/local/texlive/2025/texmf-dist/tex/generic/uniquecounter/uniquecounter.sty
))) (/usr/local/texlive/2025/texmf-dist/tex/latex/bookmark/bookmark.sty
(/usr/local/texlive/2025/texmf-dist/tex/latex/bookmark/bkm-pdftex.def))
(/usr/local/texlive/2025/texmf-dist/tex/latex/cleveref/cleveref.sty))
(./build/cap08/cap08.aux)
*geometry* driver: auto-detecting
*geometry* detected driver: luatex

Package unicode-math Warning: Using \overbracket and \underbracket from
(unicode-math)                `mathtools' package.
(unicode-math)                 
(unicode-math)                 Use \Uoverbracket and \Uunderbracket for
(unicode-math)                original `unicode-math' definition.


Package unicode-math Warning: I'm going to overwrite the following commands
(unicode-math)                from the `mathtools' package: 
(unicode-math)                 
(unicode-math)                     \dblcolon, \coloneqq, \Coloneqq, \eqqcolon.
(unicode-math)                
(unicode-math)                 
(unicode-math)                 Note that since I won't overwrite the other
(unicode-math)                colon-like commands, using them will lead to
(unicode-math)                inconsistencies.

(/usr/local/texlive/2025/texmf-dist/tex/context/base/mkii/supp-pdf.mkii
[Loading MPS to PDF converter (version 2006.09.02).]
) (/usr/local/texlive/2025/texmf-dist/tex/latex/epstopdf-pkg/epstopdf-base.sty
(/usr/local/texlive/2025/texmf-dist/tex/latex/latexconfig/epstopdf-sys.cfg))
Package pgfplots notification 'compat/show suggested version=true': document ha
s been generated with the most recent feature set (\pgfplotsset{compat=1.18}).


(/usr/local/texlive/2025/texmf-dist/tex/latex/translations/translations-basic-d
ictionary-spanish.trsl)
(/usr/local/texlive/2025/texmf-dist/tex/latex/pdflscape/pdflscape.sty
(/usr/local/texlive/2025/texmf-dist/tex/latex/pdflscape/pdflscape-nometadata.st
y (/usr/local/texlive/2025/texmf-dist/tex/latex/graphics/lscape.sty)))
(/usr/local/texlive/2025/texmf-dist/tex/latex/biblatex-apa/spanish-apa.lbx
(/usr/local/texlive/2025/texmf-dist/tex/latex/biblatex/lbx/spanish.lbx)
(/usr/local/texlive/2025/texmf-dist/tex/latex/biblatex/lbx/spanish.lbx))
(./build/cap08/cap08.bbl) (./capitulos/cap08.tex
Capítulo 8.
(/usr/local/texlive/2025/texmf-dist/tex/latex/microtype/mt-msa.cfg)
(/usr/local/texlive/2025/texmf-dist/tex/latex/microtype/mt-msb.cfg)
[1{/usr/local/texlive/2025/texmf-var/fonts/map/pdftex/updmap/pdftex.map}]

LaTeX Warning: Reference `cap:06' on page 1 undefined on input line 18.

(/usr/local/texlive/2025/texmf-dist/tex/latex/microtype/mt-TU-empty.cfg)
Underfull \vbox (badness 10000) has occurred while \output is active
[2]
Underfull \vbox (badness 10000) has occurred while \output is active
[3]

LaTeX Warning: Reference `cap:06' on page 1 undefined on input line 102.


Underfull \vbox (badness 10000) has occurred while \output is active
[4]

LaTeX Warning: Reference `cap:06' on page 1 undefined on input line 117.


[5]

LaTeX Warning: Citation 'c08-lander1988' on page 6 undefined on input line 139.



LaTeX Warning: Reference `cap:06' on page 1 undefined on input line 139.


Underfull \vbox (badness 10000) has occurred while \output is active
[6]
Underfull \vbox (badness 10000) has occurred while \output is active
[7]
Underfull \vbox (badness 5260) has occurred while \output is active
[8] (./figuras/cap08/espectro_param.tex)
Overfull \hbox (0.56628pt too wide) in paragraph at lines 230--232
[]\TU/LibertinusSerif(0)/m/n/10.95 To-ma-mos el con-jun-to si-mu-la-do de la []
fi-gu-ra 󰂿.󰀫[]. El con-teo pro-du-ce $\TU/LibertinusMath-Regular.otf(1)/m
/n/10.95 34 666 580$

[9]
Underfull \vbox (badness 2608) has occurred while \output is active
[10] (./build/cap08/_3DC22A645D3D7C1CAA2118D8CE4FE99E.config.minted)
(./build/cap08/_minted/friendly.style.minted)
(./build/cap08/_minted/06EBC989D44C16E14935369CB2A7BDDF.highlight.minted)
Underfull \vbox (badness 3364) has occurred while \output is active
[11] (./build/cap08/_minted/monokai.style.minted)
(./build/cap08/_minted/C7BF51C34C1D17AC235767DFDFBE054A.highlight.minted)
Underfull \vbox (badness 10000) has occurred while \output is active
[12]
Underfull \vbox (badness 10000) has occurred while \output is active
[13]
[14]
Underfull \vbox (badness 1867) has occurred while \output is active
[15]
Underfull \vbox (badness 10000) has occurred while \output is active
[16]
[17] (./build/cap08/_minted/0B136EBBE856FA18681B411C7B2709D4.highlight.minted)
[18]
[19]
Underfull \vbox (badness 4608) has occurred while \output is active
[20]

LaTeX Warning: Reference `cap:06' on page 1 undefined on input line 612.


[21]

LaTeX Warning: Reference `cap:06' on page 1 undefined on input line 623.


LaTeX Warning: Reference `cap:06' on page 1 undefined on input line 626.


Underfull \vbox (badness 1939) has occurred while \output is active
[22]

LaTeX Warning: Reference `cap:06' on page 1 undefined on input line 644.


LaTeX Warning: Reference `cap:06' on page 1 undefined on input line 656.


[23] (./build/cap08/_minted/55DF049BBCB2094B6ECBBE9120C913A5.highlight.minted)
Underfull \vbox (badness 10000) has occurred while \output is active
[24]
[25]
[26]
[27] (./build/cap08/_minted/8373D8280EF6E0FDA1282451D6DD2E19.highlight.minted)
NOTE: coordinate (97,0.00) has been dropped because it is unbounded (in y). (se
e also unbounded coords=jump). 
NOTE: coordinate (98,0.00) has been dropped because it is unbounded (in y). (se
e also unbounded coords=jump). 
NOTE: coordinate (99,0.00) has been dropped because it is unbounded (in y). (se
e also unbounded coords=jump). 
NOTE: coordinate (100,0.00) has been dropped because it is unbounded (in y). (s
ee also unbounded coords=jump). 

[28]
[29] (./build/cap08/_minted/E62348A378A97A2F12CB819085F7C837.highlight.minted)
[30]
[31]

LaTeX Warning: Reference `cap:06' on page 1 undefined on input line 927.


[32]

LaTeX Warning: Reference `cap:02' on page 1 undefined on input line 946.


[33]
[34]
Underfull \vbox (badness 10000) has occurred while \output is active
[35]

LaTeX Warning: Reference `cap:03' on page 1 undefined on input line 1035.


Underfull \vbox (badness 10000) has occurred while \output is active
[36]
[37]

LaTeX Warning: Reference `cap:03' on page 1 undefined on input line 1126.


[38]
[39] (./build/cap08/_minted/FC62CED28D65188DD12D52BF1D4095DD.highlight.minted)
[40] (./build/cap08/_minted/944AD14B094454790B6A2FDFBC47EA8D.highlight.minted)
[41]
Overfull \hbox (0.11537pt too wide) in paragraph at lines 1175--1176
 \TU/SourceSansPro(0)/m/n/12 HMM. En eu-ca-rio-tas, en-mas-ca-rar re-pe-ti-cio-
nes y aña-dir evi-den- 

Underfull \vbox (badness 10000) has occurred while \output is active
[42]
[43]
[44]
[45])
[46] (./build/cap08/cap08.aux)

LaTeX Warning: There were undefined references.


Package biblatex Warning: Please (re)run Biber on the file:
(biblatex)                cap08
(biblatex)                and rerun LaTeX afterwards.

)
(see the transcript file for additional information)
 1883 words of node memory still in use:
   31 hlist, 2 vlist, 14 rule, 4 glue, 4 kern, 1 glyph, 204 attribute, 81 glue_
spec, 140 attribute_list, 2 write, 24 pdf_literal, 12 pdf_action, 24 pdf_colors
tack nodes
   avail lists: 1:13,2:9061,3:4142,4:830,5:711,6:83,7:8273,8:78,9:1521,10:31,11
:982
</usr/local/texlive/2025/texmf-dist/fonts/opentype/public/fira/FiraMono-Oblique
.otf></usr/local/texlive/2025/texmf-dist/fonts/opentype/public/libertinus-fonts
/LibertinusMath-Regular.otf></usr/local/texlive/2025/texmf-dist/fonts/opentype/
adobe/sourcesanspro/SourceSansPro-SemiboldIt.otf></usr/local/texlive/2025/texmf
-dist/fonts/opentype/adobe/sourcesanspro/SourceSansPro-RegularIt.otf></usr/loca
l/texlive/2025/texmf-dist/fonts/opentype/public/fira/FiraMono-Medium.otf></usr/
local/texlive/2025/texmf-dist/fonts/opentype/public/fira/FiraMono-Regular.otf><
/usr/local/texlive/2025/texmf-dist/fonts/opentype/public/libertinus-fonts/Liber
tinusSerif-Regular.otf></usr/local/texlive/2025/texmf-dist/fonts/opentype/publi
c/libertinus-fonts/LibertinusMath-Regular.otf></usr/local/texlive/2025/texmf-di
st/fonts/opentype/public/fontawesome5/FontAwesome5Brands-Regular-400.otf></usr/
local/texlive/2025/texmf-dist/fonts/opentype/public/fontawesome5/FontAwesome5Fr
ee-Solid-900.otf></usr/local/texlive/2025/texmf-dist/fonts/opentype/adobe/sourc
esanspro/SourceSansPro-Black.otf></usr/local/texlive/2025/texmf-dist/fonts/open
type/public/libertinus-fonts/LibertinusSerif-Semibold.otf></usr/local/texlive/2
025/texmf-dist/fonts/opentype/public/libertinus-fonts/LibertinusSerif-Regular.o
tf></usr/local/texlive/2025/texmf-dist/fonts/opentype/public/libertinus-fonts/L
ibertinusMath-Regular.otf></usr/local/texlive/2025/texmf-dist/fonts/opentype/ad
obe/sourcesanspro/SourceSansPro-Regular.otf></usr/local/texlive/2025/texmf-dist
/fonts/opentype/public/libertinus-fonts/LibertinusSerif-Italic.otf></usr/local/
texlive/2025/texmf-dist/fonts/opentype/adobe/sourcesanspro/SourceSansPro-Light.
otf></usr/local/texlive/2025/texmf-dist/fonts/opentype/adobe/sourcesanspro/Sour
ceSansPro-Semibold.otf></usr/local/texlive/2025/texmf-dist/fonts/opentype/adobe
/sourcesanspro/SourceSansPro-ExtraLight.otf></usr/local/texlive/2025/texmf-dist
/fonts/type1/public/amsfonts/symbols/msam10.pfb>
Output written on cap08.pdf (46 pages, 352587 bytes).
Transcript written on cap08.log.
Latexmk: Getting log file 'build/cap08/cap08.log'
Latexmk: Examining 'build/cap08/cap08.fls'
Latexmk: Examining 'build/cap08/cap08.log'
Latexmk: Found input bbl file 'build/cap08/cap08.bbl'
Latexmk: Log file says output to 'cap08.pdf'
Latexmk: Bibliography file(s) from .bcf file:
  bib/cap08.bib
Latexmk: applying rule 'biber build/cap08/cap08'...
Rule 'biber build/cap08/cap08':  Reasons for rerun
Changed files or newly in use/created:
  build/cap08/cap08.bcf

------------
Run number 1 of rule 'biber build/cap08/cap08'
------------
------------
Running 'biber  "build/cap08/cap08.bcf"'
------------
INFO - This is Biber 2.20
INFO - Logfile is 'build/cap08/cap08.blg'
INFO - Reading 'build/cap08/cap08.bcf'
INFO - Found 0 citekeys in bib section 0
INFO - Found 29 citekeys in bib section 1
INFO - Found 0 citekeys in bib section 0
INFO - Processing section 1
INFO - Looking for bibtex file 'bib/cap08.bib' for section 1
INFO - LaTeX decoding ...
INFO - Found BibTeX data source 'bib/cap08.bib'
INFO - Overriding locale 'es-ES' defaults 'normalization = NFD' with 'normalization = prenormalized'
INFO - Overriding locale 'es-ES' defaults 'variable = shifted' with 'variable = non-ignorable'
INFO - Sorting list 'apa/apasortcite//global/global/global' of type 'entry' with template 'apa' and locale 'es-ES'
INFO - Overriding locale 'es-ES' defaults 'normalization = NFD' with 'normalization = prenormalized'
INFO - Overriding locale 'es-ES' defaults 'variable = shifted' with 'variable = non-ignorable'
INFO - Sorting list 'apa/global//global/global/global' of type 'entry' with template 'apa' and locale 'es-ES'
INFO - Writing 'build/cap08/cap08.bbl' with encoding 'UTF-8'
INFO - Output to build/cap08/cap08.bbl
Latexmk: Found biber source file(s) [bib/cap08.bib, build/cap08/cap08.bcf]
Latexmk: applying rule 'lualatex'...
Rule 'lualatex':  Reasons for rerun
Changed files or newly in use/created:
  build/cap08/cap08.aux
  build/cap08/cap08.bbl
  build/cap08/cap08.run.xml

------------
Run number 2 of rule 'lualatex'
------------
------------
Running 'lualatex  -shell-escape -interaction=nonstopmode -halt-on-error -recorder -output-directory="build/cap08"  "build/cap08/cap08.tex"'
------------
This is LuaHBTeX, Version 1.21.0 (TeX Live 2025) 
 system commands enabled.
(./build/cap08/cap08.tex
LaTeX2e <2024-11-01> patch level 2
L3 programming layer <2025-01-18>
 (/usr/local/texlive/2025/texmf-dist/tex/latex/base/book.cls
Document Class: book 2024/06/29 v1.4n Standard LaTeX document class
(/usr/local/texlive/2025/texmf-dist/tex/latex/base/bk11.clo))
(./estilo/bioinfo.sty

LaTeX Warning: You have requested package `estilo/bioinfo',
               but the package provides `bioinfo'.

(/usr/local/texlive/2025/texmf-dist/tex/latex/geometry/geometry.sty
(/usr/local/texlive/2025/texmf-dist/tex/latex/graphics/keyval.sty)
(/usr/local/texlive/2025/texmf-dist/tex/generic/iftex/ifvtex.sty
(/usr/local/texlive/2025/texmf-dist/tex/generic/iftex/iftex.sty)))
(/usr/local/texlive/2025/texmf-dist/tex/generic/babel/babel.sty
(/usr/local/texlive/2025/texmf-dist/tex/generic/babel/luababel.def)
(/usr/local/texlive/2025/texmf-dist/tex/generic/babel/luababel.def)
(/usr/local/texlive/2025/texmf-dist/tex/generic/babel-spanish/spanish.ldf
(/usr/local/texlive/2025/texmf-dist/tex/generic/hyph-utf8/loadhyph/loadhyph-es.
tex UTF-8 Spanish hyphenation patterns
(/usr/local/texlive/2025/texmf-dist/tex/generic/hyph-utf8/patterns/tex/hyph-es.
tex))))
(/usr/local/texlive/2025/texmf-dist/tex/generic/babel/locale/es/babel-spanish.t
ex) (/usr/local/texlive/2025/texmf-dist/tex/latex/amsmath/amsmath.sty
For additional information on amsmath, use the `?' option.
(/usr/local/texlive/2025/texmf-dist/tex/latex/amsmath/amstext.sty
(/usr/local/texlive/2025/texmf-dist/tex/latex/amsmath/amsgen.sty))
(/usr/local/texlive/2025/texmf-dist/tex/latex/amsmath/amsbsy.sty)
(/usr/local/texlive/2025/texmf-dist/tex/latex/amsmath/amsopn.sty))
(/usr/local/texlive/2025/texmf-dist/tex/latex/amsfonts/amssymb.sty
(/usr/local/texlive/2025/texmf-dist/tex/latex/amsfonts/amsfonts.sty))
(/usr/local/texlive/2025/texmf-dist/tex/latex/mathtools/mathtools.sty
(/usr/local/texlive/2025/texmf-dist/tex/latex/tools/calc.sty)
(/usr/local/texlive/2025/texmf-dist/tex/latex/mathtools/mhsetup.sty))
(/usr/local/texlive/2025/texmf-dist/tex/latex/fontspec/fontspec.sty
(/usr/local/texlive/2025/texmf-dist/tex/latex/l3packages/xparse/xparse.sty
(/usr/local/texlive/2025/texmf-dist/tex/latex/l3kernel/expl3.sty
(/usr/local/texlive/2025/texmf-dist/tex/latex/l3backend/l3backend-luatex.def)))
 (/usr/local/texlive/2025/texmf-dist/tex/latex/fontspec/fontspec-luatex.sty
(/usr/local/texlive/2025/texmf-dist/tex/latex/base/fontenc.sty)
(/usr/local/texlive/2025/texmf-dist/tex/latex/fontspec/fontspec.cfg)))
(/usr/local/texlive/2025/texmf-dist/tex/latex/unicode-math/unicode-math.sty
(/usr/local/texlive/2025/texmf-dist/tex/latex/unicode-math/unicode-math-luatex.
sty
(/usr/local/texlive/2025/texmf-dist/tex/latex/l3packages/l3keys2e/l3keys2e.sty)
 (/usr/local/texlive/2025/texmf-dist/tex/latex/base/fix-cm.sty
(/usr/local/texlive/2025/texmf-dist/tex/latex/base/ts1enc.def))
(/usr/local/texlive/2025/texmf-dist/tex/lualatex/lualatex-math/lualatex-math.st
y (/usr/local/texlive/2025/texmf-dist/tex/latex/etoolbox/etoolbox.sty))
(/usr/local/texlive/2025/texmf-dist/tex/latex/unicode-math/unicode-math-table.t
ex))) (/usr/local/texlive/2025/texmf-dist/tex/latex/amsfonts/umsa.fd)
(/usr/local/texlive/2025/texmf-dist/tex/latex/amsfonts/umsb.fd)
(/usr/local/texlive/2025/texmf-dist/tex/latex/microtype/microtype.sty
(/usr/local/texlive/2025/texmf-dist/tex/latex/microtype/microtype-luatex.def)
(/usr/local/texlive/2025/texmf-dist/tex/latex/microtype/microtype.cfg))
(/usr/local/texlive/2025/texmf-dist/tex/latex/csquotes/csquotes.sty
(/usr/local/texlive/2025/texmf-dist/tex/latex/csquotes/csquotes.def)
(/usr/local/texlive/2025/texmf-dist/tex/latex/csquotes/csquotes.cfg))
(/usr/local/texlive/2025/texmf-dist/tex/latex/xcolor/xcolor.sty
(/usr/local/texlive/2025/texmf-dist/tex/latex/graphics-cfg/color.cfg)
(/usr/local/texlive/2025/texmf-dist/tex/latex/graphics-def/luatex.def)
(/usr/local/texlive/2025/texmf-dist/tex/latex/graphics/mathcolor.ltx))
(/usr/local/texlive/2025/texmf-dist/tex/latex/graphics/dvipsnam.def)
(/usr/local/texlive/2025/texmf-dist/tex/latex/colortbl/colortbl.sty
(/usr/local/texlive/2025/texmf-dist/tex/latex/tools/array.sty))
(/usr/local/texlive/2025/texmf-dist/tex/latex/graphics/graphicx.sty
(/usr/local/texlive/2025/texmf-dist/tex/latex/graphics/graphics.sty
(/usr/local/texlive/2025/texmf-dist/tex/latex/graphics/trig.sty)
(/usr/local/texlive/2025/texmf-dist/tex/latex/graphics-cfg/graphics.cfg)))
(/usr/local/texlive/2025/texmf-dist/tex/latex/pgf/frontendlayer/tikz.sty
(/usr/local/texlive/2025/texmf-dist/tex/latex/pgf/basiclayer/pgf.sty
(/usr/local/texlive/2025/texmf-dist/tex/latex/pgf/utilities/pgfrcs.sty
(/usr/local/texlive/2025/texmf-dist/tex/generic/pgf/utilities/pgfutil-common.te
x)
(/usr/local/texlive/2025/texmf-dist/tex/generic/pgf/utilities/pgfutil-latex.def
) (/usr/local/texlive/2025/texmf-dist/tex/generic/pgf/utilities/pgfrcs.code.tex
(/usr/local/texlive/2025/texmf-dist/tex/generic/pgf/pgf.revision.tex)))
(/usr/local/texlive/2025/texmf-dist/tex/latex/pgf/basiclayer/pgfcore.sty
(/usr/local/texlive/2025/texmf-dist/tex/latex/pgf/systemlayer/pgfsys.sty
(/usr/local/texlive/2025/texmf-dist/tex/generic/pgf/systemlayer/pgfsys.code.tex
(/usr/local/texlive/2025/texmf-dist/tex/generic/pgf/utilities/pgfkeys.code.tex
(/usr/local/texlive/2025/texmf-dist/tex/generic/pgf/utilities/pgfkeyslibraryfil
tered.code.tex))
(/usr/local/texlive/2025/texmf-dist/tex/generic/pgf/systemlayer/pgf.cfg)
(/usr/local/texlive/2025/texmf-dist/tex/generic/pgf/systemlayer/pgfsys-luatex.d
ef
(/usr/local/texlive/2025/texmf-dist/tex/generic/pgf/systemlayer/pgfsys-common-p
df.def)))
(/usr/local/texlive/2025/texmf-dist/tex/generic/pgf/systemlayer/pgfsyssoftpath.
code.tex)
(/usr/local/texlive/2025/texmf-dist/tex/generic/pgf/systemlayer/pgfsysprotocol.
code.tex))
(/usr/local/texlive/2025/texmf-dist/tex/generic/pgf/basiclayer/pgfcore.code.tex
(/usr/local/texlive/2025/texmf-dist/tex/generic/pgf/math/pgfmath.code.tex
(/usr/local/texlive/2025/texmf-dist/tex/generic/pgf/math/pgfmathutil.code.tex)
(/usr/local/texlive/2025/texmf-dist/tex/generic/pgf/math/pgfmathparser.code.tex
)
(/usr/local/texlive/2025/texmf-dist/tex/generic/pgf/math/pgfmathfunctions.code.
tex)
(/usr/local/texlive/2025/texmf-dist/tex/generic/pgf/math/pgfmathfunctions.basic
.code.tex)
(/usr/local/texlive/2025/texmf-dist/tex/generic/pgf/math/pgfmathfunctions.trigo
nometric.code.tex)
(/usr/local/texlive/2025/texmf-dist/tex/generic/pgf/math/pgfmathfunctions.rando
m.code.tex)
(/usr/local/texlive/2025/texmf-dist/tex/generic/pgf/math/pgfmathfunctions.compa
rison.code.tex)
(/usr/local/texlive/2025/texmf-dist/tex/generic/pgf/math/pgfmathfunctions.base.
code.tex)
(/usr/local/texlive/2025/texmf-dist/tex/generic/pgf/math/pgfmathfunctions.round
.code.tex)
(/usr/local/texlive/2025/texmf-dist/tex/generic/pgf/math/pgfmathfunctions.misc.
code.tex)
(/usr/local/texlive/2025/texmf-dist/tex/generic/pgf/math/pgfmathfunctions.integ
erarithmetics.code.tex)
(/usr/local/texlive/2025/texmf-dist/tex/generic/pgf/math/pgfmathcalc.code.tex)
(/usr/local/texlive/2025/texmf-dist/tex/generic/pgf/math/pgfmathfloat.code.tex)
) (/usr/local/texlive/2025/texmf-dist/tex/generic/pgf/math/pgfint.code.tex)
(/usr/local/texlive/2025/texmf-dist/tex/generic/pgf/basiclayer/pgfcorepoints.co
de.tex)
(/usr/local/texlive/2025/texmf-dist/tex/generic/pgf/basiclayer/pgfcorepathconst
ruct.code.tex)
(/usr/local/texlive/2025/texmf-dist/tex/generic/pgf/basiclayer/pgfcorepathusage
.code.tex)
(/usr/local/texlive/2025/texmf-dist/tex/generic/pgf/basiclayer/pgfcorescopes.co
de.tex)
(/usr/local/texlive/2025/texmf-dist/tex/generic/pgf/basiclayer/pgfcoregraphicst
ate.code.tex)
(/usr/local/texlive/2025/texmf-dist/tex/generic/pgf/basiclayer/pgfcoretransform
ations.code.tex)
(/usr/local/texlive/2025/texmf-dist/tex/generic/pgf/basiclayer/pgfcorequick.cod
e.tex)
(/usr/local/texlive/2025/texmf-dist/tex/generic/pgf/basiclayer/pgfcoreobjects.c
ode.tex)
(/usr/local/texlive/2025/texmf-dist/tex/generic/pgf/basiclayer/pgfcorepathproce
ssing.code.tex)
(/usr/local/texlive/2025/texmf-dist/tex/generic/pgf/basiclayer/pgfcorearrows.co
de.tex)
(/usr/local/texlive/2025/texmf-dist/tex/generic/pgf/basiclayer/pgfcoreshade.cod
e.tex)
(/usr/local/texlive/2025/texmf-dist/tex/generic/pgf/basiclayer/pgfcoreimage.cod
e.tex)
(/usr/local/texlive/2025/texmf-dist/tex/generic/pgf/basiclayer/pgfcoreexternal.
code.tex)
(/usr/local/texlive/2025/texmf-dist/tex/generic/pgf/basiclayer/pgfcorelayers.co
de.tex)
(/usr/local/texlive/2025/texmf-dist/tex/generic/pgf/basiclayer/pgfcoretranspare
ncy.code.tex)
(/usr/local/texlive/2025/texmf-dist/tex/generic/pgf/basiclayer/pgfcorepatterns.
code.tex)
(/usr/local/texlive/2025/texmf-dist/tex/generic/pgf/basiclayer/pgfcorerdf.code.
tex)))
(/usr/local/texlive/2025/texmf-dist/tex/generic/pgf/modules/pgfmoduleshapes.cod
e.tex)
(/usr/local/texlive/2025/texmf-dist/tex/generic/pgf/modules/pgfmoduleplot.code.
tex)
(/usr/local/texlive/2025/texmf-dist/tex/latex/pgf/compatibility/pgfcomp-version
-0-65.sty)
(/usr/local/texlive/2025/texmf-dist/tex/latex/pgf/compatibility/pgfcomp-version
-1-18.sty))
(/usr/local/texlive/2025/texmf-dist/tex/latex/pgf/utilities/pgffor.sty
(/usr/local/texlive/2025/texmf-dist/tex/latex/pgf/utilities/pgfkeys.sty
(/usr/local/texlive/2025/texmf-dist/tex/generic/pgf/utilities/pgfkeys.code.tex)
) (/usr/local/texlive/2025/texmf-dist/tex/latex/pgf/math/pgfmath.sty
(/usr/local/texlive/2025/texmf-dist/tex/generic/pgf/math/pgfmath.code.tex))
(/usr/local/texlive/2025/texmf-dist/tex/generic/pgf/utilities/pgffor.code.tex))

(/usr/local/texlive/2025/texmf-dist/tex/generic/pgf/frontendlayer/tikz/tikz.cod
e.tex
(/usr/local/texlive/2025/texmf-dist/tex/generic/pgf/libraries/pgflibraryplothan
dlers.code.tex)
(/usr/local/texlive/2025/texmf-dist/tex/generic/pgf/modules/pgfmodulematrix.cod
e.tex)
(/usr/local/texlive/2025/texmf-dist/tex/generic/pgf/frontendlayer/tikz/librarie
s/tikzlibrarytopaths.code.tex)))
(/usr/local/texlive/2025/texmf-dist/tex/generic/pgf/libraries/pgflibraryarrows.
meta.code.tex)
(/usr/local/texlive/2025/texmf-dist/tex/generic/pgf/frontendlayer/tikz/librarie
s/tikzlibrarypositioning.code.tex)
(/usr/local/texlive/2025/texmf-dist/tex/generic/pgf/frontendlayer/tikz/librarie
s/tikzlibrarycalc.code.tex)
(/usr/local/texlive/2025/texmf-dist/tex/generic/pgf/frontendlayer/tikz/librarie
s/tikzlibraryfit.code.tex)
(/usr/local/texlive/2025/texmf-dist/tex/generic/pgf/frontendlayer/tikz/librarie
s/tikzlibrarybackgrounds.code.tex)
(/usr/local/texlive/2025/texmf-dist/tex/generic/pgf/frontendlayer/tikz/librarie
s/tikzlibraryshapes.code.tex
(/usr/local/texlive/2025/texmf-dist/tex/generic/pgf/frontendlayer/tikz/librarie
s/tikzlibraryshapes.geometric.code.tex
(/usr/local/texlive/2025/texmf-dist/tex/generic/pgf/libraries/shapes/pgflibrary
shapes.geometric.code.tex))
(/usr/local/texlive/2025/texmf-dist/tex/generic/pgf/frontendlayer/tikz/librarie
s/tikzlibraryshapes.misc.code.tex
(/usr/local/texlive/2025/texmf-dist/tex/generic/pgf/libraries/shapes/pgflibrary
shapes.misc.code.tex))
(/usr/local/texlive/2025/texmf-dist/tex/generic/pgf/frontendlayer/tikz/librarie
s/tikzlibraryshapes.symbols.code.tex
(/usr/local/texlive/2025/texmf-dist/tex/generic/pgf/libraries/shapes/pgflibrary
shapes.symbols.code.tex))
(/usr/local/texlive/2025/texmf-dist/tex/generic/pgf/frontendlayer/tikz/librarie
s/tikzlibraryshapes.arrows.code.tex
(/usr/local/texlive/2025/texmf-dist/tex/generic/pgf/libraries/shapes/pgflibrary
shapes.arrows.code.tex))
(/usr/local/texlive/2025/texmf-dist/tex/generic/pgf/frontendlayer/tikz/librarie
s/tikzlibraryshapes.callouts.code.tex
(/usr/local/texlive/2025/texmf-dist/tex/generic/pgf/libraries/shapes/pgflibrary
shapes.callouts.code.tex))
(/usr/local/texlive/2025/texmf-dist/tex/generic/pgf/frontendlayer/tikz/librarie
s/tikzlibraryshapes.multipart.code.tex
(/usr/local/texlive/2025/texmf-dist/tex/generic/pgf/libraries/shapes/pgflibrary
shapes.multipart.code.tex)))
(/usr/local/texlive/2025/texmf-dist/tex/generic/pgf/frontendlayer/tikz/librarie
s/tikzlibrarydecorations.pathreplacing.code.tex
(/usr/local/texlive/2025/texmf-dist/tex/generic/pgf/frontendlayer/tikz/librarie
s/tikzlibrarydecorations.code.tex
(/usr/local/texlive/2025/texmf-dist/tex/generic/pgf/modules/pgfmoduledecoration
s.code.tex))
(/usr/local/texlive/2025/texmf-dist/tex/generic/pgf/libraries/decorations/pgfli
brarydecorations.pathreplacing.code.tex))
(/usr/local/texlive/2025/texmf-dist/tex/generic/pgf/frontendlayer/tikz/librarie
s/tikzlibrarydecorations.pathmorphing.code.tex
(/usr/local/texlive/2025/texmf-dist/tex/generic/pgf/libraries/decorations/pgfli
brarydecorations.pathmorphing.code.tex))
(/usr/local/texlive/2025/texmf-dist/tex/generic/pgf/frontendlayer/tikz/librarie
s/tikzlibrarydecorations.text.code.tex
(/usr/local/texlive/2025/texmf-dist/tex/generic/pgf/libraries/decorations/pgfli
brarydecorations.text.code.tex))
(/usr/local/texlive/2025/texmf-dist/tex/generic/pgf/frontendlayer/tikz/librarie
s/tikzlibrarypatterns.code.tex
(/usr/local/texlive/2025/texmf-dist/tex/generic/pgf/libraries/pgflibrarypattern
s.code.tex))
(/usr/local/texlive/2025/texmf-dist/tex/generic/pgf/frontendlayer/tikz/librarie
s/tikzlibraryshadows.code.tex
(/usr/local/texlive/2025/texmf-dist/tex/generic/pgf/frontendlayer/tikz/librarie
s/tikzlibraryfadings.code.tex
(/usr/local/texlive/2025/texmf-dist/tex/generic/pgf/libraries/pgflibraryfadings
.code.tex)))
(/usr/local/texlive/2025/texmf-dist/tex/latex/pgf-blur/tikzlibraryshadows.blur.
code.tex  v1.02, 2012/12/09)
(/usr/local/texlive/2025/texmf-dist/tex/generic/pgf/frontendlayer/tikz/librarie
s/tikzlibrarymatrix.code.tex)
(/usr/local/texlive/2025/texmf-dist/tex/generic/pgf/frontendlayer/tikz/librarie
s/tikzlibrarychains.code.tex)
(/usr/local/texlive/2025/texmf-dist/tex/generic/pgf/frontendlayer/tikz/librarie
s/tikzlibraryintersections.code.tex
(/usr/local/texlive/2025/texmf-dist/tex/generic/pgf/libraries/pgflibraryinterse
ctions.code.tex
(/usr/local/texlive/2025/texmf-dist/tex/generic/pgf/libraries/pgflibraryfpu.cod
e.tex)))
(/usr/local/texlive/2025/texmf-dist/tex/generic/pgf/frontendlayer/tikz/librarie
s/tikzlibrarytrees.code.tex)
(/usr/local/texlive/2025/texmf-dist/tex/generic/pgf/frontendlayer/tikz/librarie
s/graphs/tikzlibrarygraphs.code.tex)
(/usr/local/texlive/2025/texmf-dist/tex/generic/pgf/frontendlayer/tikz/librarie
s/tikzlibraryquotes.code.tex)
(/usr/local/texlive/2025/texmf-dist/tex/generic/pgf/frontendlayer/tikz/librarie
s/tikzlibraryspy.code.tex)
(/usr/local/texlive/2025/texmf-dist/tex/generic/pgf/frontendlayer/tikz/librarie
s/tikzlibrarybending.code.tex
(/usr/local/texlive/2025/texmf-dist/tex/generic/pgf/modules/pgfmodulebending.co
de.tex
(/usr/local/texlive/2025/texmf-dist/tex/generic/pgf/modules/pgfmodulenonlineart
ransformations.code.tex)
(/usr/local/texlive/2025/texmf-dist/tex/generic/pgf/libraries/pgflibrarycurvili
near.code.tex)))
(/usr/local/texlive/2025/texmf-dist/tex/generic/pgf/frontendlayer/tikz/librarie
s/tikzlibrarymath.code.tex
(/usr/local/texlive/2025/texmf-dist/tex/generic/pgf/frontendlayer/tikz/librarie
s/tikzlibraryfpu.code.tex))
(/usr/local/texlive/2025/texmf-dist/tex/latex/pgfplots/pgfplots.sty
(/usr/local/texlive/2025/texmf-dist/tex/generic/pgfplots/pgfplots.revision.tex)
(/usr/local/texlive/2025/texmf-dist/tex/generic/pgfplots/pgfplots.code.tex
(/usr/local/texlive/2025/texmf-dist/tex/generic/pgfplots/pgfplotscore.code.tex
(/usr/local/texlive/2025/texmf-dist/tex/generic/pgfplots/sys/pgfplotssysgeneric
.code.tex))
(/usr/local/texlive/2025/texmf-dist/tex/generic/pgfplots/libs/pgfplotslibrary.c
ode.tex)
(/usr/local/texlive/2025/texmf-dist/tex/generic/pgfplots/oldpgfcompatib/pgfplot
soldpgfsupp_loader.code.tex
Package pgfplots: loading complementary utilities for your pgf version...

(/usr/local/texlive/2025/texmf-dist/tex/generic/pgfplots/oldpgfcompatib/pgfplot
soldpgfsupp_pgfutil-common-lists.tex)
(/usr/local/texlive/2025/texmf-dist/tex/generic/pgf/libraries/luamath/pgflibrar
yluamath.code.tex))
(/usr/local/texlive/2025/texmf-dist/tex/generic/pgfplots/util/pgfplotsutil.code
.tex
(/usr/local/texlive/2025/texmf-dist/tex/generic/pgfplots/liststructure/pgfplots
liststructure.code.tex)
(/usr/local/texlive/2025/texmf-dist/tex/generic/pgfplots/liststructure/pgfplots
liststructureext.code.tex)
(/usr/local/texlive/2025/texmf-dist/tex/generic/pgfplots/liststructure/pgfplots
array.code.tex)
(/usr/local/texlive/2025/texmf-dist/tex/generic/pgfplots/liststructure/pgfplots
matrix.code.tex)
(/usr/local/texlive/2025/texmf-dist/tex/generic/pgfplots/numtable/pgfplotstable
shared.code.tex)
(/usr/local/texlive/2025/texmf-dist/tex/generic/pgfplots/liststructure/pgfplots
deque.code.tex)
(/usr/local/texlive/2025/texmf-dist/tex/generic/pgfplots/util/pgfplotsbinary.co
de.tex
(/usr/local/texlive/2025/texmf-dist/tex/generic/pgfplots/util/pgfplotsbinary.da
ta.code.tex))
(/usr/local/texlive/2025/texmf-dist/tex/generic/pgfplots/util/pgfplotsutil.verb
.code.tex)
(/usr/local/texlive/2025/texmf-dist/tex/generic/pgfplots/libs/pgflibrarypgfplot
s.surfshading.code.tex
(/usr/local/texlive/2025/texmf-dist/tex/generic/pgfplots/sys/pgflibrarypgfplots
.surfshading.pgfsys-luatex.def)))
(/usr/local/texlive/2025/texmf-dist/tex/generic/pgfplots/util/pgfplotscolormap.
code.tex
(/usr/local/texlive/2025/texmf-dist/tex/generic/pgfplots/util/pgfplotscolor.cod
e.tex))
(/usr/local/texlive/2025/texmf-dist/tex/generic/pgfplots/pgfplotsstackedplots.c
ode.tex)
(/usr/local/texlive/2025/texmf-dist/tex/generic/pgfplots/pgfplotsplothandlers.c
ode.tex
(/usr/local/texlive/2025/texmf-dist/tex/generic/pgfplots/pgfplotsmeshplothandle
r.code.tex
(/usr/local/texlive/2025/texmf-dist/tex/generic/pgfplots/pgfplotsmeshplotimage.
code.tex)))
(/usr/local/texlive/2025/texmf-dist/tex/generic/pgfplots/pgfplots.scaling.code.
tex)
(/usr/local/texlive/2025/texmf-dist/tex/generic/pgfplots/pgfplotscoordprocessin
g.code.tex)
(/usr/local/texlive/2025/texmf-dist/tex/generic/pgfplots/pgfplots.errorbars.cod
e.tex)
(/usr/local/texlive/2025/texmf-dist/tex/generic/pgfplots/pgfplots.markers.code.
tex)
(/usr/local/texlive/2025/texmf-dist/tex/generic/pgfplots/pgfplotsticks.code.tex
)
(/usr/local/texlive/2025/texmf-dist/tex/generic/pgfplots/pgfplots.paths.code.te
x)
(/usr/local/texlive/2025/texmf-dist/tex/generic/pgfplots/libs/tikzlibrarypgfplo
ts.contourlua.code.tex))
(/usr/local/texlive/2025/texmf-dist/tex/generic/pgf/frontendlayer/tikz/librarie
s/tikzlibraryplotmarks.code.tex
(/usr/local/texlive/2025/texmf-dist/tex/generic/pgf/libraries/pgflibraryplotmar
ks.code.tex)))
(/usr/local/texlive/2025/texmf-dist/tex/generic/pgfplots/libs/tikzlibrarypgfplo
ts.fillbetween.code.tex
(/usr/local/texlive/2025/texmf-dist/tex/generic/pgfplots/pgfcontrib/tikzlibrary
fillbetween.code.tex
(/usr/local/texlive/2025/texmf-dist/tex/generic/pgfplots/pgfcontrib/tikzlibrary
decorations.softclip.code.tex
(/usr/local/texlive/2025/texmf-dist/tex/generic/pgfplots/pgfcontrib/pgflibraryf
illbetween.code.tex)))
(/usr/local/texlive/2025/texmf-dist/tex/generic/pgfplots/libs/tikzlibrarypgfplo
ts.decorations.softclip.code.tex))
(/usr/local/texlive/2025/texmf-dist/tex/generic/pgfplots/libs/tikzlibrarypgfplo
ts.groupplots.code.tex)
(/usr/local/texlive/2025/texmf-dist/tex/generic/pgfplots/libs/tikzlibrarypgfplo
ts.colormaps.code.tex)
(/usr/local/texlive/2025/texmf-dist/tex/generic/pgfplots/libs/tikzlibrarypgfplo
ts.statistics.code.tex)
(/usr/local/texlive/2025/texmf-dist/tex/latex/booktabs/booktabs.sty)
(/usr/local/texlive/2025/texmf-dist/tex/latex/tools/tabularx.sty)
(/usr/local/texlive/2025/texmf-dist/tex/latex/multirow/multirow.sty)
(/usr/local/texlive/2025/texmf-dist/tex/latex/tools/longtable.sty)
(/usr/local/texlive/2025/texmf-dist/tex/latex/enumitem/enumitem.sty)
(/usr/local/texlive/2025/texmf-dist/tex/latex/caption/caption.sty
(/usr/local/texlive/2025/texmf-dist/tex/latex/caption/caption3.sty)
(/usr/local/texlive/2025/texmf-dist/tex/latex/caption/ltcaption.sty))
(/usr/local/texlive/2025/texmf-dist/tex/latex/caption/subcaption.sty)
(/usr/local/texlive/2025/texmf-dist/tex/latex/siunitx/siunitx.sty
(/usr/local/texlive/2025/texmf-dist/tex/latex/translations/translations.sty
(/usr/local/texlive/2025/texmf-dist/tex/generic/pdftexcmds/pdftexcmds.sty
(/usr/local/texlive/2025/texmf-dist/tex/generic/infwarerr/infwarerr.sty)
(/usr/local/texlive/2025/texmf-dist/tex/generic/ltxcmds/ltxcmds.sty))))
(/usr/local/texlive/2025/texmf-dist/tex/latex/float/float.sty)
(/usr/local/texlive/2025/texmf-dist/tex/latex/wrapfig/wrapfig.sty)
(/usr/local/texlive/2025/texmf-dist/tex/latex/marginnote/marginnote.sty)
(/usr/local/texlive/2025/texmf-dist/tex/latex/pdfpages/pdfpages.sty
(/usr/local/texlive/2025/texmf-dist/tex/latex/base/ifthen.sty)
(/usr/local/texlive/2025/texmf-dist/tex/latex/eso-pic/eso-pic.sty)
(/usr/local/texlive/2025/texmf-dist/tex/latex/pdfpages/ppluatex.def))
(/usr/local/texlive/2025/texmf-dist/tex/latex/tools/multicol.sty)
(/usr/local/texlive/2025/texmf-dist/tex/latex/tools/afterpage.sty)
(/usr/local/texlive/2025/texmf-dist/tex/latex/lipsum/lipsum.sty
(/usr/local/texlive/2025/texmf-dist/tex/latex/lipsum/lipsum.ltd.tex))
(/usr/local/texlive/2025/texmf-dist/tex/latex/emptypage/emptypage.sty)
(/usr/local/texlive/2025/texmf-dist/tex/latex/tcolorbox/tcolorbox.sty
(/usr/local/texlive/2025/texmf-dist/tex/latex/tools/verbatim.sty)
(/usr/local/texlive/2025/texmf-dist/tex/latex/environ/environ.sty
(/usr/local/texlive/2025/texmf-dist/tex/latex/trimspaces/trimspaces.sty))
(/usr/local/texlive/2025/texmf-dist/tex/latex/tcolorbox/tcbraster.code.tex
Library (tcolorbox): 'tcbraster.code.tex' version '6.4.1'
) (/usr/local/texlive/2025/texmf-dist/tex/latex/tcolorbox/tcbskins.code.tex
Library (tcolorbox): 'tcbskins.code.tex' version '6.4.1'
(/usr/local/texlive/2025/texmf-dist/tex/latex/tikzfill/tikzfill.image.sty
(/usr/local/texlive/2025/texmf-dist/tex/latex/tikzfill/tikzfill-common.sty)
(/usr/local/texlive/2025/texmf-dist/tex/latex/tikzfill/tikzlibraryfill.image.co
de.tex))
(/usr/local/texlive/2025/texmf-dist/tex/latex/tcolorbox/tcbskinsjigsaw.code.tex
Library (tcolorbox): 'tcbskinsjigsaw.code.tex' version '6.4.1'
))
(/usr/local/texlive/2025/texmf-dist/tex/latex/tcolorbox/tcbbreakable.code.tex
Library (tcolorbox): 'tcbbreakable.code.tex' version '6.4.1'
(/usr/local/texlive/2025/texmf-dist/tex/latex/pdfcol/pdfcol.sty)
(/usr/local/texlive/2025/texmf-dist/tex/generic/iftex/ifluatex.sty))
(/usr/local/texlive/2025/texmf-dist/tex/latex/tcolorbox/tcbhooks.code.tex
Library (tcolorbox): 'tcbhooks.code.tex' version '6.4.1'
) (/usr/local/texlive/2025/texmf-dist/tex/latex/tcolorbox/tcbtheorems.code.tex
Library (tcolorbox): 'tcbtheorems.code.tex' version '6.4.1'
) (/usr/local/texlive/2025/texmf-dist/tex/latex/tcolorbox/tcbfitting.code.tex
Library (tcolorbox): 'tcbfitting.code.tex' version '6.4.1'
)
(/usr/local/texlive/2025/texmf-dist/tex/latex/tcolorbox/tcblistingsutf8.code.te
x
Library (tcolorbox): 'tcblistingsutf8.code.tex' version '6.4.1'
(/usr/local/texlive/2025/texmf-dist/tex/latex/tcolorbox/tcblistings.code.tex
Library (tcolorbox): 'tcblistings.code.tex' version '6.4.1'
(/usr/local/texlive/2025/texmf-dist/tex/latex/listings/listings.sty
(/usr/local/texlive/2025/texmf-dist/tex/latex/listings/lstpatch.sty)
(/usr/local/texlive/2025/texmf-dist/tex/latex/listings/lstmisc.sty)
(/usr/local/texlive/2025/texmf-dist/tex/latex/listings/listings.cfg))
(/usr/local/texlive/2025/texmf-dist/tex/latex/tcolorbox/tcblistingscore.code.te
x
Library (tcolorbox): 'tcblistingscore.code.tex' version '6.4.1'
(/usr/local/texlive/2025/texmf-dist/tex/latex/tcolorbox/tcbprocessing.code.tex
Library (tcolorbox): 'tcbprocessing.code.tex' version '6.4.1'
))))
(/usr/local/texlive/2025/texmf-dist/tex/latex/tcolorbox/tcbexternal.code.tex
Library (tcolorbox): 'tcbexternal.code.tex' version '6.4.1'
) (/usr/local/texlive/2025/texmf-dist/tex/latex/tcolorbox/tcbmagazine.code.tex
Library (tcolorbox): 'tcbmagazine.code.tex' version '6.4.1'
) (/usr/local/texlive/2025/texmf-dist/tex/latex/tcolorbox/tcbvignette.code.tex
Library (tcolorbox): 'tcbvignette.code.tex' version '6.4.1'
) (/usr/local/texlive/2025/texmf-dist/tex/latex/tcolorbox/tcbposter.code.tex
Library (tcolorbox): 'tcbposter.code.tex' version '6.4.1'
) (/usr/local/texlive/2025/texmf-dist/tex/latex/tcolorbox/tcbminted.code.tex
Library (tcolorbox): 'tcbminted.code.tex' version '6.4.1'
(/usr/local/texlive/2025/texmf-dist/tex/latex/minted/minted.sty
(/usr/local/texlive/2025/texmf-dist/tex/generic/catchfile/catchfile.sty
(/usr/local/texlive/2025/texmf-dist/tex/generic/etexcmds/etexcmds.sty))
(/usr/local/texlive/2025/texmf-dist/tex/latex/fvextra/fvextra.sty
(/usr/local/texlive/2025/texmf-dist/tex/latex/fancyvrb/fancyvrb.sty)
(/usr/local/texlive/2025/texmf-dist/tex/latex/upquote/upquote.sty
(/usr/local/texlive/2025/texmf-dist/tex/latex/base/textcomp.sty))
(/usr/local/texlive/2025/texmf-dist/tex/latex/lineno/lineno.sty
(/usr/local/texlive/2025/texmf-dist/tex/latex/kvoptions/kvoptions.sty
(/usr/local/texlive/2025/texmf-dist/tex/latex/kvsetkeys/kvsetkeys.sty))

LaTeX Warning: Command \@parboxrestore  has changed.
               Check if current package is valid.

)

Package fvextra Warning: csquotes should be loaded after fvextra, to avoid a wa
rning from the lineno package on input line 37.

) (/usr/local/texlive/2025/texmf-dist/tex/latex/latex2pydata/latex2pydata.sty)
(/usr/local/texlive/2025/texmf-dist/tex/latex/pgfopts/pgfopts.sty)
(/usr/local/texlive/2025/texmf-dist/tex/latex/tools/shellesc.sty))))
(/usr/local/texlive/2025/texmf-dist/tex/latex/fontawesome5/fontawesome5.sty
(/usr/local/texlive/2025/texmf-dist/tex/latex/fontawesome5/fontawesome5-utex-he
lper.sty
(/usr/local/texlive/2025/texmf-dist/tex/luatex/luatexbase/luatexbase.sty
(/usr/local/texlive/2025/texmf-dist/tex/luatex/ctablestack/ctablestack.sty))
(/usr/local/texlive/2025/texmf-dist/tex/latex/fontawesome5/tufontawesomefree.fd
)
(/usr/local/texlive/2025/texmf-dist/tex/latex/fontawesome5/tufontawesomebrands.
fd))) (/usr/local/texlive/2025/texmf-dist/tex/latex/titlesec/titlesec.sty)
(/usr/local/texlive/2025/texmf-dist/tex/latex/fancyhdr/fancyhdr.sty)
(/usr/local/texlive/2025/texmf-dist/tex/latex/titlesec/titletoc.sty)
(/usr/local/texlive/2025/texmf-dist/tex/latex/biblatex/biblatex.sty
(/usr/local/texlive/2025/texmf-dist/tex/latex/logreq/logreq.sty
(/usr/local/texlive/2025/texmf-dist/tex/latex/logreq/logreq.def))
(/usr/local/texlive/2025/texmf-dist/tex/latex/url/url.sty)
(/usr/local/texlive/2025/texmf-dist/tex/latex/biblatex/blx-dm.def)
(/usr/local/texlive/2025/texmf-dist/tex/latex/biblatex-apa/apa.dbx)
(/usr/local/texlive/2025/texmf-dist/tex/latex/biblatex/blx-unicode.def)
(/usr/local/texlive/2025/texmf-dist/tex/latex/biblatex/blx-compat.def)
(/usr/local/texlive/2025/texmf-dist/tex/latex/biblatex/biblatex.def)
(/usr/local/texlive/2025/texmf-dist/tex/latex/biblatex-apa/apa.bbx
(/usr/local/texlive/2025/texmf-dist/tex/latex/biblatex/bbx/standard.bbx))
(/usr/local/texlive/2025/texmf-dist/tex/latex/biblatex-apa/apa.cbx)
(/usr/local/texlive/2025/texmf-dist/tex/latex/biblatex/biblatex.cfg)
(/usr/local/texlive/2025/texmf-dist/tex/latex/biblatex/blx-case-expl3.sty))
(/usr/local/texlive/2025/texmf-dist/tex/latex/hyperref/hyperref.sty
(/usr/local/texlive/2025/texmf-dist/tex/generic/kvdefinekeys/kvdefinekeys.sty)
(/usr/local/texlive/2025/texmf-dist/tex/generic/pdfescape/pdfescape.sty)
(/usr/local/texlive/2025/texmf-dist/tex/latex/hycolor/hycolor.sty)
(/usr/local/texlive/2025/texmf-dist/tex/latex/hyperref/nameref.sty
(/usr/local/texlive/2025/texmf-dist/tex/latex/refcount/refcount.sty)
(/usr/local/texlive/2025/texmf-dist/tex/generic/gettitlestring/gettitlestring.s
ty)) (/usr/local/texlive/2025/texmf-dist/tex/generic/stringenc/stringenc.sty)
(/usr/local/texlive/2025/texmf-dist/tex/latex/hyperref/pd1enc.def)
(/usr/local/texlive/2025/texmf-dist/tex/generic/intcalc/intcalc.sty)
(/usr/local/texlive/2025/texmf-dist/tex/latex/hyperref/puenc.def)
(/usr/local/texlive/2025/texmf-dist/tex/generic/bitset/bitset.sty
(/usr/local/texlive/2025/texmf-dist/tex/generic/bigintcalc/bigintcalc.sty))
(/usr/local/texlive/2025/texmf-dist/tex/latex/base/atbegshi-ltx.sty))
(/usr/local/texlive/2025/texmf-dist/tex/latex/hyperref/hluatex.def
(/usr/local/texlive/2025/texmf-dist/tex/latex/base/atveryend-ltx.sty)
(/usr/local/texlive/2025/texmf-dist/tex/latex/rerunfilecheck/rerunfilecheck.sty

(/usr/local/texlive/2025/texmf-dist/tex/generic/uniquecounter/uniquecounter.sty
))) (/usr/local/texlive/2025/texmf-dist/tex/latex/bookmark/bookmark.sty
(/usr/local/texlive/2025/texmf-dist/tex/latex/bookmark/bkm-pdftex.def))
(/usr/local/texlive/2025/texmf-dist/tex/latex/cleveref/cleveref.sty))
(./build/cap08/cap08.aux)
*geometry* driver: auto-detecting
*geometry* detected driver: luatex

Package unicode-math Warning: Using \overbracket and \underbracket from
(unicode-math)                `mathtools' package.
(unicode-math)                 
(unicode-math)                 Use \Uoverbracket and \Uunderbracket for
(unicode-math)                original `unicode-math' definition.


Package unicode-math Warning: I'm going to overwrite the following commands
(unicode-math)                from the `mathtools' package: 
(unicode-math)                 
(unicode-math)                     \dblcolon, \coloneqq, \Coloneqq, \eqqcolon.
(unicode-math)                
(unicode-math)                 
(unicode-math)                 Note that since I won't overwrite the other
(unicode-math)                colon-like commands, using them will lead to
(unicode-math)                inconsistencies.

(/usr/local/texlive/2025/texmf-dist/tex/context/base/mkii/supp-pdf.mkii
[Loading MPS to PDF converter (version 2006.09.02).]
) (/usr/local/texlive/2025/texmf-dist/tex/latex/epstopdf-pkg/epstopdf-base.sty
(/usr/local/texlive/2025/texmf-dist/tex/latex/latexconfig/epstopdf-sys.cfg))
Package pgfplots notification 'compat/show suggested version=true': document ha
s been generated with the most recent feature set (\pgfplotsset{compat=1.18}).


(/usr/local/texlive/2025/texmf-dist/tex/latex/translations/translations-basic-d
ictionary-spanish.trsl)
(/usr/local/texlive/2025/texmf-dist/tex/latex/pdflscape/pdflscape.sty
(/usr/local/texlive/2025/texmf-dist/tex/latex/pdflscape/pdflscape-nometadata.st
y (/usr/local/texlive/2025/texmf-dist/tex/latex/graphics/lscape.sty)))
(/usr/local/texlive/2025/texmf-dist/tex/latex/biblatex-apa/spanish-apa.lbx
(/usr/local/texlive/2025/texmf-dist/tex/latex/biblatex/lbx/spanish.lbx)
(/usr/local/texlive/2025/texmf-dist/tex/latex/biblatex/lbx/spanish.lbx))
(./build/cap08/cap08.bbl) (./capitulos/cap08.tex
Capítulo 8.
(/usr/local/texlive/2025/texmf-dist/tex/latex/microtype/mt-msa.cfg)
(/usr/local/texlive/2025/texmf-dist/tex/latex/microtype/mt-msb.cfg)
[1{/usr/local/texlive/2025/texmf-var/fonts/map/pdftex/updmap/pdftex.map}]

LaTeX Warning: Reference `cap:06' on page 1 undefined on input line 18.

(/usr/local/texlive/2025/texmf-dist/tex/latex/microtype/mt-TU-empty.cfg)
Underfull \vbox (badness 10000) has occurred while \output is active
[2]
Underfull \vbox (badness 10000) has occurred while \output is active
[3]

LaTeX Warning: Reference `cap:06' on page 1 undefined on input line 102.


Underfull \vbox (badness 10000) has occurred while \output is active
[4]

LaTeX Warning: Reference `cap:06' on page 1 undefined on input line 117.


[5]

LaTeX Warning: Reference `cap:06' on page 1 undefined on input line 139.


Underfull \vbox (badness 10000) has occurred while \output is active
[6]
Underfull \vbox (badness 10000) has occurred while \output is active
[7]
Underfull \vbox (badness 5260) has occurred while \output is active
[8] (./figuras/cap08/espectro_param.tex)
Overfull \hbox (0.56628pt too wide) in paragraph at lines 230--232
[]\TU/LibertinusSerif(0)/m/n/10.95 To-ma-mos el con-jun-to si-mu-la-do de la []
fi-gu-ra 󰂿.󰀫[]. El con-teo pro-du-ce $\TU/LibertinusMath-Regular.otf(1)/m
/n/10.95 34 666 580$

[9]
Underfull \vbox (badness 2608) has occurred while \output is active
[10] (./build/cap08/_3DC22A645D3D7C1CAA2118D8CE4FE99E.config.minted)
(./build/cap08/_minted/friendly.style.minted)
(./build/cap08/_minted/06EBC989D44C16E14935369CB2A7BDDF.highlight.minted)
Underfull \vbox (badness 3364) has occurred while \output is active
[11] (./build/cap08/_minted/monokai.style.minted)
(./build/cap08/_minted/C7BF51C34C1D17AC235767DFDFBE054A.highlight.minted)
Underfull \vbox (badness 10000) has occurred while \output is active
[12]
Underfull \vbox (badness 10000) has occurred while \output is active
[13]
[14]
Underfull \vbox (badness 1867) has occurred while \output is active
[15]
Underfull \vbox (badness 10000) has occurred while \output is active
[16]
[17] (./build/cap08/_minted/0B136EBBE856FA18681B411C7B2709D4.highlight.minted)
[18]
[19]
Underfull \vbox (badness 4608) has occurred while \output is active
[20]

LaTeX Warning: Reference `cap:06' on page 1 undefined on input line 612.


[21]

LaTeX Warning: Reference `cap:06' on page 1 undefined on input line 623.


LaTeX Warning: Reference `cap:06' on page 1 undefined on input line 626.


Underfull \vbox (badness 1939) has occurred while \output is active
[22]

LaTeX Warning: Reference `cap:06' on page 1 undefined on input line 644.


LaTeX Warning: Reference `cap:06' on page 1 undefined on input line 656.


[23] (./build/cap08/_minted/55DF049BBCB2094B6ECBBE9120C913A5.highlight.minted)
Underfull \vbox (badness 10000) has occurred while \output is active
[24]
[25]
[26]
[27] (./build/cap08/_minted/8373D8280EF6E0FDA1282451D6DD2E19.highlight.minted)
NOTE: coordinate (97,0.00) has been dropped because it is unbounded (in y). (se
e also unbounded coords=jump). 
NOTE: coordinate (98,0.00) has been dropped because it is unbounded (in y). (se
e also unbounded coords=jump). 
NOTE: coordinate (99,0.00) has been dropped because it is unbounded (in y). (se
e also unbounded coords=jump). 
NOTE: coordinate (100,0.00) has been dropped because it is unbounded (in y). (s
ee also unbounded coords=jump). 

[28]
[29] (./build/cap08/_minted/E62348A378A97A2F12CB819085F7C837.highlight.minted)
[30]
[31]

LaTeX Warning: Reference `cap:06' on page 1 undefined on input line 927.


[32]

LaTeX Warning: Reference `cap:02' on page 1 undefined on input line 946.


[33]
[34]
Underfull \vbox (badness 10000) has occurred while \output is active
[35]

LaTeX Warning: Reference `cap:03' on page 1 undefined on input line 1035.


Underfull \vbox (badness 10000) has occurred while \output is active
[36]
[37]

LaTeX Warning: Reference `cap:03' on page 1 undefined on input line 1126.


[38]
[39] (./build/cap08/_minted/FC62CED28D65188DD12D52BF1D4095DD.highlight.minted)
[40] (./build/cap08/_minted/944AD14B094454790B6A2FDFBC47EA8D.highlight.minted)
[41]
Overfull \hbox (0.11537pt too wide) in paragraph at lines 1175--1176
 \TU/SourceSansPro(0)/m/n/12 HMM. En eu-ca-rio-tas, en-mas-ca-rar re-pe-ti-cio-
nes y aña-dir evi-den- 

Underfull \vbox (badness 10000) has occurred while \output is active
[42]
[43]
[44]
[45])
[46] (./build/cap08/cap08.aux)

LaTeX Warning: There were undefined references.


Package biblatex Warning: Please rerun LaTeX.
(biblatex)                Page breaks have changed.

)
(see the transcript file for additional information)
 1895 words of node memory still in use:
   31 hlist, 2 vlist, 14 rule, 4 glue, 4 kern, 1 glyph, 206 attribute, 81 glue_
spec, 141 attribute_list, 2 write, 24 pdf_literal, 13 pdf_action, 24 pdf_colors
tack nodes
   avail lists: 1:13,2:9060,3:4142,4:830,5:711,6:82,7:8273,8:78,9:1521,10:32,11
:982
</usr/local/texlive/2025/texmf-dist/fonts/opentype/public/fira/FiraMono-Oblique
.otf></usr/local/texlive/2025/texmf-dist/fonts/opentype/public/libertinus-fonts
/LibertinusMath-Regular.otf></usr/local/texlive/2025/texmf-dist/fonts/opentype/
adobe/sourcesanspro/SourceSansPro-SemiboldIt.otf></usr/local/texlive/2025/texmf
-dist/fonts/opentype/adobe/sourcesanspro/SourceSansPro-RegularIt.otf></usr/loca
l/texlive/2025/texmf-dist/fonts/opentype/public/fira/FiraMono-Medium.otf></usr/
local/texlive/2025/texmf-dist/fonts/opentype/public/fira/FiraMono-Regular.otf><
/usr/local/texlive/2025/texmf-dist/fonts/opentype/public/libertinus-fonts/Liber
tinusSerif-Regular.otf></usr/local/texlive/2025/texmf-dist/fonts/opentype/publi
c/libertinus-fonts/LibertinusMath-Regular.otf></usr/local/texlive/2025/texmf-di
st/fonts/opentype/public/fontawesome5/FontAwesome5Brands-Regular-400.otf></usr/
local/texlive/2025/texmf-dist/fonts/opentype/public/fontawesome5/FontAwesome5Fr
ee-Solid-900.otf></usr/local/texlive/2025/texmf-dist/fonts/opentype/adobe/sourc
esanspro/SourceSansPro-Black.otf></usr/local/texlive/2025/texmf-dist/fonts/open
type/public/libertinus-fonts/LibertinusSerif-Semibold.otf></usr/local/texlive/2
025/texmf-dist/fonts/opentype/public/libertinus-fonts/LibertinusSerif-Regular.o
tf></usr/local/texlive/2025/texmf-dist/fonts/opentype/public/libertinus-fonts/L
ibertinusMath-Regular.otf></usr/local/texlive/2025/texmf-dist/fonts/opentype/ad
obe/sourcesanspro/SourceSansPro-Regular.otf></usr/local/texlive/2025/texmf-dist
/fonts/opentype/public/libertinus-fonts/LibertinusSerif-Italic.otf></usr/local/
texlive/2025/texmf-dist/fonts/opentype/adobe/sourcesanspro/SourceSansPro-Light.
otf></usr/local/texlive/2025/texmf-dist/fonts/opentype/adobe/sourcesanspro/Sour
ceSansPro-Semibold.otf></usr/local/texlive/2025/texmf-dist/fonts/opentype/adobe
/sourcesanspro/SourceSansPro-ExtraLight.otf></usr/local/texlive/2025/texmf-dist
/fonts/type1/public/amsfonts/symbols/msam10.pfb>
Output written on cap08.pdf (46 pages, 352483 bytes).
Transcript written on cap08.log.
Latexmk: Getting log file 'build/cap08/cap08.log'
Latexmk: Examining 'build/cap08/cap08.fls'
Latexmk: Examining 'build/cap08/cap08.log'
Latexmk: Found input bbl file 'build/cap08/cap08.bbl'
Latexmk: Log file says output to 'cap08.pdf'
Latexmk: Bibliography file(s) from .bcf file:
  bib/cap08.bib
Latexmk: applying rule 'lualatex'...
Rule 'lualatex':  Reasons for rerun
Changed files or newly in use/created:
  build/cap08/cap08.aux
  build/cap08/cap08.run.xml

------------
Run number 3 of rule 'lualatex'
------------
------------
Running 'lualatex  -shell-escape -interaction=nonstopmode -halt-on-error -recorder -output-directory="build/cap08"  "build/cap08/cap08.tex"'
------------
This is LuaHBTeX, Version 1.21.0 (TeX Live 2025) 
 system commands enabled.
(./build/cap08/cap08.tex
LaTeX2e <2024-11-01> patch level 2
L3 programming layer <2025-01-18>
 (/usr/local/texlive/2025/texmf-dist/tex/latex/base/book.cls
Document Class: book 2024/06/29 v1.4n Standard LaTeX document class
(/usr/local/texlive/2025/texmf-dist/tex/latex/base/bk11.clo))
(./estilo/bioinfo.sty

LaTeX Warning: You have requested package `estilo/bioinfo',
               but the package provides `bioinfo'.

(/usr/local/texlive/2025/texmf-dist/tex/latex/geometry/geometry.sty
(/usr/local/texlive/2025/texmf-dist/tex/latex/graphics/keyval.sty)
(/usr/local/texlive/2025/texmf-dist/tex/generic/iftex/ifvtex.sty
(/usr/local/texlive/2025/texmf-dist/tex/generic/iftex/iftex.sty)))
(/usr/local/texlive/2025/texmf-dist/tex/generic/babel/babel.sty
(/usr/local/texlive/2025/texmf-dist/tex/generic/babel/luababel.def)
(/usr/local/texlive/2025/texmf-dist/tex/generic/babel/luababel.def)
(/usr/local/texlive/2025/texmf-dist/tex/generic/babel-spanish/spanish.ldf
(/usr/local/texlive/2025/texmf-dist/tex/generic/hyph-utf8/loadhyph/loadhyph-es.
tex UTF-8 Spanish hyphenation patterns
(/usr/local/texlive/2025/texmf-dist/tex/generic/hyph-utf8/patterns/tex/hyph-es.
tex))))
(/usr/local/texlive/2025/texmf-dist/tex/generic/babel/locale/es/babel-spanish.t
ex) (/usr/local/texlive/2025/texmf-dist/tex/latex/amsmath/amsmath.sty
For additional information on amsmath, use the `?' option.
(/usr/local/texlive/2025/texmf-dist/tex/latex/amsmath/amstext.sty
(/usr/local/texlive/2025/texmf-dist/tex/latex/amsmath/amsgen.sty))
(/usr/local/texlive/2025/texmf-dist/tex/latex/amsmath/amsbsy.sty)
(/usr/local/texlive/2025/texmf-dist/tex/latex/amsmath/amsopn.sty))
(/usr/local/texlive/2025/texmf-dist/tex/latex/amsfonts/amssymb.sty
(/usr/local/texlive/2025/texmf-dist/tex/latex/amsfonts/amsfonts.sty))
(/usr/local/texlive/2025/texmf-dist/tex/latex/mathtools/mathtools.sty
(/usr/local/texlive/2025/texmf-dist/tex/latex/tools/calc.sty)
(/usr/local/texlive/2025/texmf-dist/tex/latex/mathtools/mhsetup.sty))
(/usr/local/texlive/2025/texmf-dist/tex/latex/fontspec/fontspec.sty
(/usr/local/texlive/2025/texmf-dist/tex/latex/l3packages/xparse/xparse.sty
(/usr/local/texlive/2025/texmf-dist/tex/latex/l3kernel/expl3.sty
(/usr/local/texlive/2025/texmf-dist/tex/latex/l3backend/l3backend-luatex.def)))
 (/usr/local/texlive/2025/texmf-dist/tex/latex/fontspec/fontspec-luatex.sty
(/usr/local/texlive/2025/texmf-dist/tex/latex/base/fontenc.sty)
(/usr/local/texlive/2025/texmf-dist/tex/latex/fontspec/fontspec.cfg)))
(/usr/local/texlive/2025/texmf-dist/tex/latex/unicode-math/unicode-math.sty
(/usr/local/texlive/2025/texmf-dist/tex/latex/unicode-math/unicode-math-luatex.
sty
(/usr/local/texlive/2025/texmf-dist/tex/latex/l3packages/l3keys2e/l3keys2e.sty)
 (/usr/local/texlive/2025/texmf-dist/tex/latex/base/fix-cm.sty
(/usr/local/texlive/2025/texmf-dist/tex/latex/base/ts1enc.def))
(/usr/local/texlive/2025/texmf-dist/tex/lualatex/lualatex-math/lualatex-math.st
y (/usr/local/texlive/2025/texmf-dist/tex/latex/etoolbox/etoolbox.sty))
(/usr/local/texlive/2025/texmf-dist/tex/latex/unicode-math/unicode-math-table.t
ex))) (/usr/local/texlive/2025/texmf-dist/tex/latex/amsfonts/umsa.fd)
(/usr/local/texlive/2025/texmf-dist/tex/latex/amsfonts/umsb.fd)
(/usr/local/texlive/2025/texmf-dist/tex/latex/microtype/microtype.sty
(/usr/local/texlive/2025/texmf-dist/tex/latex/microtype/microtype-luatex.def)
(/usr/local/texlive/2025/texmf-dist/tex/latex/microtype/microtype.cfg))
(/usr/local/texlive/2025/texmf-dist/tex/latex/csquotes/csquotes.sty
(/usr/local/texlive/2025/texmf-dist/tex/latex/csquotes/csquotes.def)
(/usr/local/texlive/2025/texmf-dist/tex/latex/csquotes/csquotes.cfg))
(/usr/local/texlive/2025/texmf-dist/tex/latex/xcolor/xcolor.sty
(/usr/local/texlive/2025/texmf-dist/tex/latex/graphics-cfg/color.cfg)
(/usr/local/texlive/2025/texmf-dist/tex/latex/graphics-def/luatex.def)
(/usr/local/texlive/2025/texmf-dist/tex/latex/graphics/mathcolor.ltx))
(/usr/local/texlive/2025/texmf-dist/tex/latex/graphics/dvipsnam.def)
(/usr/local/texlive/2025/texmf-dist/tex/latex/colortbl/colortbl.sty
(/usr/local/texlive/2025/texmf-dist/tex/latex/tools/array.sty))
(/usr/local/texlive/2025/texmf-dist/tex/latex/graphics/graphicx.sty
(/usr/local/texlive/2025/texmf-dist/tex/latex/graphics/graphics.sty
(/usr/local/texlive/2025/texmf-dist/tex/latex/graphics/trig.sty)
(/usr/local/texlive/2025/texmf-dist/tex/latex/graphics-cfg/graphics.cfg)))
(/usr/local/texlive/2025/texmf-dist/tex/latex/pgf/frontendlayer/tikz.sty
(/usr/local/texlive/2025/texmf-dist/tex/latex/pgf/basiclayer/pgf.sty
(/usr/local/texlive/2025/texmf-dist/tex/latex/pgf/utilities/pgfrcs.sty
(/usr/local/texlive/2025/texmf-dist/tex/generic/pgf/utilities/pgfutil-common.te
x)
(/usr/local/texlive/2025/texmf-dist/tex/generic/pgf/utilities/pgfutil-latex.def
) (/usr/local/texlive/2025/texmf-dist/tex/generic/pgf/utilities/pgfrcs.code.tex
(/usr/local/texlive/2025/texmf-dist/tex/generic/pgf/pgf.revision.tex)))
(/usr/local/texlive/2025/texmf-dist/tex/latex/pgf/basiclayer/pgfcore.sty
(/usr/local/texlive/2025/texmf-dist/tex/latex/pgf/systemlayer/pgfsys.sty
(/usr/local/texlive/2025/texmf-dist/tex/generic/pgf/systemlayer/pgfsys.code.tex
(/usr/local/texlive/2025/texmf-dist/tex/generic/pgf/utilities/pgfkeys.code.tex
(/usr/local/texlive/2025/texmf-dist/tex/generic/pgf/utilities/pgfkeyslibraryfil
tered.code.tex))
(/usr/local/texlive/2025/texmf-dist/tex/generic/pgf/systemlayer/pgf.cfg)
(/usr/local/texlive/2025/texmf-dist/tex/generic/pgf/systemlayer/pgfsys-luatex.d
ef
(/usr/local/texlive/2025/texmf-dist/tex/generic/pgf/systemlayer/pgfsys-common-p
df.def)))
(/usr/local/texlive/2025/texmf-dist/tex/generic/pgf/systemlayer/pgfsyssoftpath.
code.tex)
(/usr/local/texlive/2025/texmf-dist/tex/generic/pgf/systemlayer/pgfsysprotocol.
code.tex))
(/usr/local/texlive/2025/texmf-dist/tex/generic/pgf/basiclayer/pgfcore.code.tex
(/usr/local/texlive/2025/texmf-dist/tex/generic/pgf/math/pgfmath.code.tex
(/usr/local/texlive/2025/texmf-dist/tex/generic/pgf/math/pgfmathutil.code.tex)
(/usr/local/texlive/2025/texmf-dist/tex/generic/pgf/math/pgfmathparser.code.tex
)
(/usr/local/texlive/2025/texmf-dist/tex/generic/pgf/math/pgfmathfunctions.code.
tex)
(/usr/local/texlive/2025/texmf-dist/tex/generic/pgf/math/pgfmathfunctions.basic
.code.tex)
(/usr/local/texlive/2025/texmf-dist/tex/generic/pgf/math/pgfmathfunctions.trigo
nometric.code.tex)
(/usr/local/texlive/2025/texmf-dist/tex/generic/pgf/math/pgfmathfunctions.rando
m.code.tex)
(/usr/local/texlive/2025/texmf-dist/tex/generic/pgf/math/pgfmathfunctions.compa
rison.code.tex)
(/usr/local/texlive/2025/texmf-dist/tex/generic/pgf/math/pgfmathfunctions.base.
code.tex)
(/usr/local/texlive/2025/texmf-dist/tex/generic/pgf/math/pgfmathfunctions.round
.code.tex)
(/usr/local/texlive/2025/texmf-dist/tex/generic/pgf/math/pgfmathfunctions.misc.
code.tex)
(/usr/local/texlive/2025/texmf-dist/tex/generic/pgf/math/pgfmathfunctions.integ
erarithmetics.code.tex)
(/usr/local/texlive/2025/texmf-dist/tex/generic/pgf/math/pgfmathcalc.code.tex)
(/usr/local/texlive/2025/texmf-dist/tex/generic/pgf/math/pgfmathfloat.code.tex)
) (/usr/local/texlive/2025/texmf-dist/tex/generic/pgf/math/pgfint.code.tex)
(/usr/local/texlive/2025/texmf-dist/tex/generic/pgf/basiclayer/pgfcorepoints.co
de.tex)
(/usr/local/texlive/2025/texmf-dist/tex/generic/pgf/basiclayer/pgfcorepathconst
ruct.code.tex)
(/usr/local/texlive/2025/texmf-dist/tex/generic/pgf/basiclayer/pgfcorepathusage
.code.tex)
(/usr/local/texlive/2025/texmf-dist/tex/generic/pgf/basiclayer/pgfcorescopes.co
de.tex)
(/usr/local/texlive/2025/texmf-dist/tex/generic/pgf/basiclayer/pgfcoregraphicst
ate.code.tex)
(/usr/local/texlive/2025/texmf-dist/tex/generic/pgf/basiclayer/pgfcoretransform
ations.code.tex)
(/usr/local/texlive/2025/texmf-dist/tex/generic/pgf/basiclayer/pgfcorequick.cod
e.tex)
(/usr/local/texlive/2025/texmf-dist/tex/generic/pgf/basiclayer/pgfcoreobjects.c
ode.tex)
(/usr/local/texlive/2025/texmf-dist/tex/generic/pgf/basiclayer/pgfcorepathproce
ssing.code.tex)
(/usr/local/texlive/2025/texmf-dist/tex/generic/pgf/basiclayer/pgfcorearrows.co
de.tex)
(/usr/local/texlive/2025/texmf-dist/tex/generic/pgf/basiclayer/pgfcoreshade.cod
e.tex)
(/usr/local/texlive/2025/texmf-dist/tex/generic/pgf/basiclayer/pgfcoreimage.cod
e.tex)
(/usr/local/texlive/2025/texmf-dist/tex/generic/pgf/basiclayer/pgfcoreexternal.
code.tex)
(/usr/local/texlive/2025/texmf-dist/tex/generic/pgf/basiclayer/pgfcorelayers.co
de.tex)
(/usr/local/texlive/2025/texmf-dist/tex/generic/pgf/basiclayer/pgfcoretranspare
ncy.code.tex)
(/usr/local/texlive/2025/texmf-dist/tex/generic/pgf/basiclayer/pgfcorepatterns.
code.tex)
(/usr/local/texlive/2025/texmf-dist/tex/generic/pgf/basiclayer/pgfcorerdf.code.
tex)))
(/usr/local/texlive/2025/texmf-dist/tex/generic/pgf/modules/pgfmoduleshapes.cod
e.tex)
(/usr/local/texlive/2025/texmf-dist/tex/generic/pgf/modules/pgfmoduleplot.code.
tex)
(/usr/local/texlive/2025/texmf-dist/tex/latex/pgf/compatibility/pgfcomp-version
-0-65.sty)
(/usr/local/texlive/2025/texmf-dist/tex/latex/pgf/compatibility/pgfcomp-version
-1-18.sty))
(/usr/local/texlive/2025/texmf-dist/tex/latex/pgf/utilities/pgffor.sty
(/usr/local/texlive/2025/texmf-dist/tex/latex/pgf/utilities/pgfkeys.sty
(/usr/local/texlive/2025/texmf-dist/tex/generic/pgf/utilities/pgfkeys.code.tex)
) (/usr/local/texlive/2025/texmf-dist/tex/latex/pgf/math/pgfmath.sty
(/usr/local/texlive/2025/texmf-dist/tex/generic/pgf/math/pgfmath.code.tex))
(/usr/local/texlive/2025/texmf-dist/tex/generic/pgf/utilities/pgffor.code.tex))

(/usr/local/texlive/2025/texmf-dist/tex/generic/pgf/frontendlayer/tikz/tikz.cod
e.tex
(/usr/local/texlive/2025/texmf-dist/tex/generic/pgf/libraries/pgflibraryplothan
dlers.code.tex)
(/usr/local/texlive/2025/texmf-dist/tex/generic/pgf/modules/pgfmodulematrix.cod
e.tex)
(/usr/local/texlive/2025/texmf-dist/tex/generic/pgf/frontendlayer/tikz/librarie
s/tikzlibrarytopaths.code.tex)))
(/usr/local/texlive/2025/texmf-dist/tex/generic/pgf/libraries/pgflibraryarrows.
meta.code.tex)
(/usr/local/texlive/2025/texmf-dist/tex/generic/pgf/frontendlayer/tikz/librarie
s/tikzlibrarypositioning.code.tex)
(/usr/local/texlive/2025/texmf-dist/tex/generic/pgf/frontendlayer/tikz/librarie
s/tikzlibrarycalc.code.tex)
(/usr/local/texlive/2025/texmf-dist/tex/generic/pgf/frontendlayer/tikz/librarie
s/tikzlibraryfit.code.tex)
(/usr/local/texlive/2025/texmf-dist/tex/generic/pgf/frontendlayer/tikz/librarie
s/tikzlibrarybackgrounds.code.tex)
(/usr/local/texlive/2025/texmf-dist/tex/generic/pgf/frontendlayer/tikz/librarie
s/tikzlibraryshapes.code.tex
(/usr/local/texlive/2025/texmf-dist/tex/generic/pgf/frontendlayer/tikz/librarie
s/tikzlibraryshapes.geometric.code.tex
(/usr/local/texlive/2025/texmf-dist/tex/generic/pgf/libraries/shapes/pgflibrary
shapes.geometric.code.tex))
(/usr/local/texlive/2025/texmf-dist/tex/generic/pgf/frontendlayer/tikz/librarie
s/tikzlibraryshapes.misc.code.tex
(/usr/local/texlive/2025/texmf-dist/tex/generic/pgf/libraries/shapes/pgflibrary
shapes.misc.code.tex))
(/usr/local/texlive/2025/texmf-dist/tex/generic/pgf/frontendlayer/tikz/librarie
s/tikzlibraryshapes.symbols.code.tex
(/usr/local/texlive/2025/texmf-dist/tex/generic/pgf/libraries/shapes/pgflibrary
shapes.symbols.code.tex))
(/usr/local/texlive/2025/texmf-dist/tex/generic/pgf/frontendlayer/tikz/librarie
s/tikzlibraryshapes.arrows.code.tex
(/usr/local/texlive/2025/texmf-dist/tex/generic/pgf/libraries/shapes/pgflibrary
shapes.arrows.code.tex))
(/usr/local/texlive/2025/texmf-dist/tex/generic/pgf/frontendlayer/tikz/librarie
s/tikzlibraryshapes.callouts.code.tex
(/usr/local/texlive/2025/texmf-dist/tex/generic/pgf/libraries/shapes/pgflibrary
shapes.callouts.code.tex))
(/usr/local/texlive/2025/texmf-dist/tex/generic/pgf/frontendlayer/tikz/librarie
s/tikzlibraryshapes.multipart.code.tex
(/usr/local/texlive/2025/texmf-dist/tex/generic/pgf/libraries/shapes/pgflibrary
shapes.multipart.code.tex)))
(/usr/local/texlive/2025/texmf-dist/tex/generic/pgf/frontendlayer/tikz/librarie
s/tikzlibrarydecorations.pathreplacing.code.tex
(/usr/local/texlive/2025/texmf-dist/tex/generic/pgf/frontendlayer/tikz/librarie
s/tikzlibrarydecorations.code.tex
(/usr/local/texlive/2025/texmf-dist/tex/generic/pgf/modules/pgfmoduledecoration
s.code.tex))
(/usr/local/texlive/2025/texmf-dist/tex/generic/pgf/libraries/decorations/pgfli
brarydecorations.pathreplacing.code.tex))
(/usr/local/texlive/2025/texmf-dist/tex/generic/pgf/frontendlayer/tikz/librarie
s/tikzlibrarydecorations.pathmorphing.code.tex
(/usr/local/texlive/2025/texmf-dist/tex/generic/pgf/libraries/decorations/pgfli
brarydecorations.pathmorphing.code.tex))
(/usr/local/texlive/2025/texmf-dist/tex/generic/pgf/frontendlayer/tikz/librarie
s/tikzlibrarydecorations.text.code.tex
(/usr/local/texlive/2025/texmf-dist/tex/generic/pgf/libraries/decorations/pgfli
brarydecorations.text.code.tex))
(/usr/local/texlive/2025/texmf-dist/tex/generic/pgf/frontendlayer/tikz/librarie
s/tikzlibrarypatterns.code.tex
(/usr/local/texlive/2025/texmf-dist/tex/generic/pgf/libraries/pgflibrarypattern
s.code.tex))
(/usr/local/texlive/2025/texmf-dist/tex/generic/pgf/frontendlayer/tikz/librarie
s/tikzlibraryshadows.code.tex
(/usr/local/texlive/2025/texmf-dist/tex/generic/pgf/frontendlayer/tikz/librarie
s/tikzlibraryfadings.code.tex
(/usr/local/texlive/2025/texmf-dist/tex/generic/pgf/libraries/pgflibraryfadings
.code.tex)))
(/usr/local/texlive/2025/texmf-dist/tex/latex/pgf-blur/tikzlibraryshadows.blur.
code.tex  v1.02, 2012/12/09)
(/usr/local/texlive/2025/texmf-dist/tex/generic/pgf/frontendlayer/tikz/librarie
s/tikzlibrarymatrix.code.tex)
(/usr/local/texlive/2025/texmf-dist/tex/generic/pgf/frontendlayer/tikz/librarie
s/tikzlibrarychains.code.tex)
(/usr/local/texlive/2025/texmf-dist/tex/generic/pgf/frontendlayer/tikz/librarie
s/tikzlibraryintersections.code.tex
(/usr/local/texlive/2025/texmf-dist/tex/generic/pgf/libraries/pgflibraryinterse
ctions.code.tex
(/usr/local/texlive/2025/texmf-dist/tex/generic/pgf/libraries/pgflibraryfpu.cod
e.tex)))
(/usr/local/texlive/2025/texmf-dist/tex/generic/pgf/frontendlayer/tikz/librarie
s/tikzlibrarytrees.code.tex)
(/usr/local/texlive/2025/texmf-dist/tex/generic/pgf/frontendlayer/tikz/librarie
s/graphs/tikzlibrarygraphs.code.tex)
(/usr/local/texlive/2025/texmf-dist/tex/generic/pgf/frontendlayer/tikz/librarie
s/tikzlibraryquotes.code.tex)
(/usr/local/texlive/2025/texmf-dist/tex/generic/pgf/frontendlayer/tikz/librarie
s/tikzlibraryspy.code.tex)
(/usr/local/texlive/2025/texmf-dist/tex/generic/pgf/frontendlayer/tikz/librarie
s/tikzlibrarybending.code.tex
(/usr/local/texlive/2025/texmf-dist/tex/generic/pgf/modules/pgfmodulebending.co
de.tex
(/usr/local/texlive/2025/texmf-dist/tex/generic/pgf/modules/pgfmodulenonlineart
ransformations.code.tex)
(/usr/local/texlive/2025/texmf-dist/tex/generic/pgf/libraries/pgflibrarycurvili
near.code.tex)))
(/usr/local/texlive/2025/texmf-dist/tex/generic/pgf/frontendlayer/tikz/librarie
s/tikzlibrarymath.code.tex
(/usr/local/texlive/2025/texmf-dist/tex/generic/pgf/frontendlayer/tikz/librarie
s/tikzlibraryfpu.code.tex))
(/usr/local/texlive/2025/texmf-dist/tex/latex/pgfplots/pgfplots.sty
(/usr/local/texlive/2025/texmf-dist/tex/generic/pgfplots/pgfplots.revision.tex)
(/usr/local/texlive/2025/texmf-dist/tex/generic/pgfplots/pgfplots.code.tex
(/usr/local/texlive/2025/texmf-dist/tex/generic/pgfplots/pgfplotscore.code.tex
(/usr/local/texlive/2025/texmf-dist/tex/generic/pgfplots/sys/pgfplotssysgeneric
.code.tex))
(/usr/local/texlive/2025/texmf-dist/tex/generic/pgfplots/libs/pgfplotslibrary.c
ode.tex)
(/usr/local/texlive/2025/texmf-dist/tex/generic/pgfplots/oldpgfcompatib/pgfplot
soldpgfsupp_loader.code.tex
Package pgfplots: loading complementary utilities for your pgf version...

(/usr/local/texlive/2025/texmf-dist/tex/generic/pgfplots/oldpgfcompatib/pgfplot
soldpgfsupp_pgfutil-common-lists.tex)
(/usr/local/texlive/2025/texmf-dist/tex/generic/pgf/libraries/luamath/pgflibrar
yluamath.code.tex))
(/usr/local/texlive/2025/texmf-dist/tex/generic/pgfplots/util/pgfplotsutil.code
.tex
(/usr/local/texlive/2025/texmf-dist/tex/generic/pgfplots/liststructure/pgfplots
liststructure.code.tex)
(/usr/local/texlive/2025/texmf-dist/tex/generic/pgfplots/liststructure/pgfplots
liststructureext.code.tex)
(/usr/local/texlive/2025/texmf-dist/tex/generic/pgfplots/liststructure/pgfplots
array.code.tex)
(/usr/local/texlive/2025/texmf-dist/tex/generic/pgfplots/liststructure/pgfplots
matrix.code.tex)
(/usr/local/texlive/2025/texmf-dist/tex/generic/pgfplots/numtable/pgfplotstable
shared.code.tex)
(/usr/local/texlive/2025/texmf-dist/tex/generic/pgfplots/liststructure/pgfplots
deque.code.tex)
(/usr/local/texlive/2025/texmf-dist/tex/generic/pgfplots/util/pgfplotsbinary.co
de.tex
(/usr/local/texlive/2025/texmf-dist/tex/generic/pgfplots/util/pgfplotsbinary.da
ta.code.tex))
(/usr/local/texlive/2025/texmf-dist/tex/generic/pgfplots/util/pgfplotsutil.verb
.code.tex)
(/usr/local/texlive/2025/texmf-dist/tex/generic/pgfplots/libs/pgflibrarypgfplot
s.surfshading.code.tex
(/usr/local/texlive/2025/texmf-dist/tex/generic/pgfplots/sys/pgflibrarypgfplots
.surfshading.pgfsys-luatex.def)))
(/usr/local/texlive/2025/texmf-dist/tex/generic/pgfplots/util/pgfplotscolormap.
code.tex
(/usr/local/texlive/2025/texmf-dist/tex/generic/pgfplots/util/pgfplotscolor.cod
e.tex))
(/usr/local/texlive/2025/texmf-dist/tex/generic/pgfplots/pgfplotsstackedplots.c
ode.tex)
(/usr/local/texlive/2025/texmf-dist/tex/generic/pgfplots/pgfplotsplothandlers.c
ode.tex
(/usr/local/texlive/2025/texmf-dist/tex/generic/pgfplots/pgfplotsmeshplothandle
r.code.tex
(/usr/local/texlive/2025/texmf-dist/tex/generic/pgfplots/pgfplotsmeshplotimage.
code.tex)))
(/usr/local/texlive/2025/texmf-dist/tex/generic/pgfplots/pgfplots.scaling.code.
tex)
(/usr/local/texlive/2025/texmf-dist/tex/generic/pgfplots/pgfplotscoordprocessin
g.code.tex)
(/usr/local/texlive/2025/texmf-dist/tex/generic/pgfplots/pgfplots.errorbars.cod
e.tex)
(/usr/local/texlive/2025/texmf-dist/tex/generic/pgfplots/pgfplots.markers.code.
tex)
(/usr/local/texlive/2025/texmf-dist/tex/generic/pgfplots/pgfplotsticks.code.tex
)
(/usr/local/texlive/2025/texmf-dist/tex/generic/pgfplots/pgfplots.paths.code.te
x)
(/usr/local/texlive/2025/texmf-dist/tex/generic/pgfplots/libs/tikzlibrarypgfplo
ts.contourlua.code.tex))
(/usr/local/texlive/2025/texmf-dist/tex/generic/pgf/frontendlayer/tikz/librarie
s/tikzlibraryplotmarks.code.tex
(/usr/local/texlive/2025/texmf-dist/tex/generic/pgf/libraries/pgflibraryplotmar
ks.code.tex)))
(/usr/local/texlive/2025/texmf-dist/tex/generic/pgfplots/libs/tikzlibrarypgfplo
ts.fillbetween.code.tex
(/usr/local/texlive/2025/texmf-dist/tex/generic/pgfplots/pgfcontrib/tikzlibrary
fillbetween.code.tex
(/usr/local/texlive/2025/texmf-dist/tex/generic/pgfplots/pgfcontrib/tikzlibrary
decorations.softclip.code.tex
(/usr/local/texlive/2025/texmf-dist/tex/generic/pgfplots/pgfcontrib/pgflibraryf
illbetween.code.tex)))
(/usr/local/texlive/2025/texmf-dist/tex/generic/pgfplots/libs/tikzlibrarypgfplo
ts.decorations.softclip.code.tex))
(/usr/local/texlive/2025/texmf-dist/tex/generic/pgfplots/libs/tikzlibrarypgfplo
ts.groupplots.code.tex)
(/usr/local/texlive/2025/texmf-dist/tex/generic/pgfplots/libs/tikzlibrarypgfplo
ts.colormaps.code.tex)
(/usr/local/texlive/2025/texmf-dist/tex/generic/pgfplots/libs/tikzlibrarypgfplo
ts.statistics.code.tex)
(/usr/local/texlive/2025/texmf-dist/tex/latex/booktabs/booktabs.sty)
(/usr/local/texlive/2025/texmf-dist/tex/latex/tools/tabularx.sty)
(/usr/local/texlive/2025/texmf-dist/tex/latex/multirow/multirow.sty)
(/usr/local/texlive/2025/texmf-dist/tex/latex/tools/longtable.sty)
(/usr/local/texlive/2025/texmf-dist/tex/latex/enumitem/enumitem.sty)
(/usr/local/texlive/2025/texmf-dist/tex/latex/caption/caption.sty
(/usr/local/texlive/2025/texmf-dist/tex/latex/caption/caption3.sty)
(/usr/local/texlive/2025/texmf-dist/tex/latex/caption/ltcaption.sty))
(/usr/local/texlive/2025/texmf-dist/tex/latex/caption/subcaption.sty)
(/usr/local/texlive/2025/texmf-dist/tex/latex/siunitx/siunitx.sty
(/usr/local/texlive/2025/texmf-dist/tex/latex/translations/translations.sty
(/usr/local/texlive/2025/texmf-dist/tex/generic/pdftexcmds/pdftexcmds.sty
(/usr/local/texlive/2025/texmf-dist/tex/generic/infwarerr/infwarerr.sty)
(/usr/local/texlive/2025/texmf-dist/tex/generic/ltxcmds/ltxcmds.sty))))
(/usr/local/texlive/2025/texmf-dist/tex/latex/float/float.sty)
(/usr/local/texlive/2025/texmf-dist/tex/latex/wrapfig/wrapfig.sty)
(/usr/local/texlive/2025/texmf-dist/tex/latex/marginnote/marginnote.sty)
(/usr/local/texlive/2025/texmf-dist/tex/latex/pdfpages/pdfpages.sty
(/usr/local/texlive/2025/texmf-dist/tex/latex/base/ifthen.sty)
(/usr/local/texlive/2025/texmf-dist/tex/latex/eso-pic/eso-pic.sty)
(/usr/local/texlive/2025/texmf-dist/tex/latex/pdfpages/ppluatex.def))
(/usr/local/texlive/2025/texmf-dist/tex/latex/tools/multicol.sty)
(/usr/local/texlive/2025/texmf-dist/tex/latex/tools/afterpage.sty)
(/usr/local/texlive/2025/texmf-dist/tex/latex/lipsum/lipsum.sty
(/usr/local/texlive/2025/texmf-dist/tex/latex/lipsum/lipsum.ltd.tex))
(/usr/local/texlive/2025/texmf-dist/tex/latex/emptypage/emptypage.sty)
(/usr/local/texlive/2025/texmf-dist/tex/latex/tcolorbox/tcolorbox.sty
(/usr/local/texlive/2025/texmf-dist/tex/latex/tools/verbatim.sty)
(/usr/local/texlive/2025/texmf-dist/tex/latex/environ/environ.sty
(/usr/local/texlive/2025/texmf-dist/tex/latex/trimspaces/trimspaces.sty))
(/usr/local/texlive/2025/texmf-dist/tex/latex/tcolorbox/tcbraster.code.tex
Library (tcolorbox): 'tcbraster.code.tex' version '6.4.1'
) (/usr/local/texlive/2025/texmf-dist/tex/latex/tcolorbox/tcbskins.code.tex
Library (tcolorbox): 'tcbskins.code.tex' version '6.4.1'
(/usr/local/texlive/2025/texmf-dist/tex/latex/tikzfill/tikzfill.image.sty
(/usr/local/texlive/2025/texmf-dist/tex/latex/tikzfill/tikzfill-common.sty)
(/usr/local/texlive/2025/texmf-dist/tex/latex/tikzfill/tikzlibraryfill.image.co
de.tex))
(/usr/local/texlive/2025/texmf-dist/tex/latex/tcolorbox/tcbskinsjigsaw.code.tex
Library (tcolorbox): 'tcbskinsjigsaw.code.tex' version '6.4.1'
))
(/usr/local/texlive/2025/texmf-dist/tex/latex/tcolorbox/tcbbreakable.code.tex
Library (tcolorbox): 'tcbbreakable.code.tex' version '6.4.1'
(/usr/local/texlive/2025/texmf-dist/tex/latex/pdfcol/pdfcol.sty)
(/usr/local/texlive/2025/texmf-dist/tex/generic/iftex/ifluatex.sty))
(/usr/local/texlive/2025/texmf-dist/tex/latex/tcolorbox/tcbhooks.code.tex
Library (tcolorbox): 'tcbhooks.code.tex' version '6.4.1'
) (/usr/local/texlive/2025/texmf-dist/tex/latex/tcolorbox/tcbtheorems.code.tex
Library (tcolorbox): 'tcbtheorems.code.tex' version '6.4.1'
) (/usr/local/texlive/2025/texmf-dist/tex/latex/tcolorbox/tcbfitting.code.tex
Library (tcolorbox): 'tcbfitting.code.tex' version '6.4.1'
)
(/usr/local/texlive/2025/texmf-dist/tex/latex/tcolorbox/tcblistingsutf8.code.te
x
Library (tcolorbox): 'tcblistingsutf8.code.tex' version '6.4.1'
(/usr/local/texlive/2025/texmf-dist/tex/latex/tcolorbox/tcblistings.code.tex
Library (tcolorbox): 'tcblistings.code.tex' version '6.4.1'
(/usr/local/texlive/2025/texmf-dist/tex/latex/listings/listings.sty
(/usr/local/texlive/2025/texmf-dist/tex/latex/listings/lstpatch.sty)
(/usr/local/texlive/2025/texmf-dist/tex/latex/listings/lstmisc.sty)
(/usr/local/texlive/2025/texmf-dist/tex/latex/listings/listings.cfg))
(/usr/local/texlive/2025/texmf-dist/tex/latex/tcolorbox/tcblistingscore.code.te
x
Library (tcolorbox): 'tcblistingscore.code.tex' version '6.4.1'
(/usr/local/texlive/2025/texmf-dist/tex/latex/tcolorbox/tcbprocessing.code.tex
Library (tcolorbox): 'tcbprocessing.code.tex' version '6.4.1'
))))
(/usr/local/texlive/2025/texmf-dist/tex/latex/tcolorbox/tcbexternal.code.tex
Library (tcolorbox): 'tcbexternal.code.tex' version '6.4.1'
) (/usr/local/texlive/2025/texmf-dist/tex/latex/tcolorbox/tcbmagazine.code.tex
Library (tcolorbox): 'tcbmagazine.code.tex' version '6.4.1'
) (/usr/local/texlive/2025/texmf-dist/tex/latex/tcolorbox/tcbvignette.code.tex
Library (tcolorbox): 'tcbvignette.code.tex' version '6.4.1'
) (/usr/local/texlive/2025/texmf-dist/tex/latex/tcolorbox/tcbposter.code.tex
Library (tcolorbox): 'tcbposter.code.tex' version '6.4.1'
) (/usr/local/texlive/2025/texmf-dist/tex/latex/tcolorbox/tcbminted.code.tex
Library (tcolorbox): 'tcbminted.code.tex' version '6.4.1'
(/usr/local/texlive/2025/texmf-dist/tex/latex/minted/minted.sty
(/usr/local/texlive/2025/texmf-dist/tex/generic/catchfile/catchfile.sty
(/usr/local/texlive/2025/texmf-dist/tex/generic/etexcmds/etexcmds.sty))
(/usr/local/texlive/2025/texmf-dist/tex/latex/fvextra/fvextra.sty
(/usr/local/texlive/2025/texmf-dist/tex/latex/fancyvrb/fancyvrb.sty)
(/usr/local/texlive/2025/texmf-dist/tex/latex/upquote/upquote.sty
(/usr/local/texlive/2025/texmf-dist/tex/latex/base/textcomp.sty))
(/usr/local/texlive/2025/texmf-dist/tex/latex/lineno/lineno.sty
(/usr/local/texlive/2025/texmf-dist/tex/latex/kvoptions/kvoptions.sty
(/usr/local/texlive/2025/texmf-dist/tex/latex/kvsetkeys/kvsetkeys.sty))

LaTeX Warning: Command \@parboxrestore  has changed.
               Check if current package is valid.

)

Package fvextra Warning: csquotes should be loaded after fvextra, to avoid a wa
rning from the lineno package on input line 37.

) (/usr/local/texlive/2025/texmf-dist/tex/latex/latex2pydata/latex2pydata.sty)
(/usr/local/texlive/2025/texmf-dist/tex/latex/pgfopts/pgfopts.sty)
(/usr/local/texlive/2025/texmf-dist/tex/latex/tools/shellesc.sty))))
(/usr/local/texlive/2025/texmf-dist/tex/latex/fontawesome5/fontawesome5.sty
(/usr/local/texlive/2025/texmf-dist/tex/latex/fontawesome5/fontawesome5-utex-he
lper.sty
(/usr/local/texlive/2025/texmf-dist/tex/luatex/luatexbase/luatexbase.sty
(/usr/local/texlive/2025/texmf-dist/tex/luatex/ctablestack/ctablestack.sty))
(/usr/local/texlive/2025/texmf-dist/tex/latex/fontawesome5/tufontawesomefree.fd
)
(/usr/local/texlive/2025/texmf-dist/tex/latex/fontawesome5/tufontawesomebrands.
fd))) (/usr/local/texlive/2025/texmf-dist/tex/latex/titlesec/titlesec.sty)
(/usr/local/texlive/2025/texmf-dist/tex/latex/fancyhdr/fancyhdr.sty)
(/usr/local/texlive/2025/texmf-dist/tex/latex/titlesec/titletoc.sty)
(/usr/local/texlive/2025/texmf-dist/tex/latex/biblatex/biblatex.sty
(/usr/local/texlive/2025/texmf-dist/tex/latex/logreq/logreq.sty
(/usr/local/texlive/2025/texmf-dist/tex/latex/logreq/logreq.def))
(/usr/local/texlive/2025/texmf-dist/tex/latex/url/url.sty)
(/usr/local/texlive/2025/texmf-dist/tex/latex/biblatex/blx-dm.def)
(/usr/local/texlive/2025/texmf-dist/tex/latex/biblatex-apa/apa.dbx)
(/usr/local/texlive/2025/texmf-dist/tex/latex/biblatex/blx-unicode.def)
(/usr/local/texlive/2025/texmf-dist/tex/latex/biblatex/blx-compat.def)
(/usr/local/texlive/2025/texmf-dist/tex/latex/biblatex/biblatex.def)
(/usr/local/texlive/2025/texmf-dist/tex/latex/biblatex-apa/apa.bbx
(/usr/local/texlive/2025/texmf-dist/tex/latex/biblatex/bbx/standard.bbx))
(/usr/local/texlive/2025/texmf-dist/tex/latex/biblatex-apa/apa.cbx)
(/usr/local/texlive/2025/texmf-dist/tex/latex/biblatex/biblatex.cfg)
(/usr/local/texlive/2025/texmf-dist/tex/latex/biblatex/blx-case-expl3.sty))
(/usr/local/texlive/2025/texmf-dist/tex/latex/hyperref/hyperref.sty
(/usr/local/texlive/2025/texmf-dist/tex/generic/kvdefinekeys/kvdefinekeys.sty)
(/usr/local/texlive/2025/texmf-dist/tex/generic/pdfescape/pdfescape.sty)
(/usr/local/texlive/2025/texmf-dist/tex/latex/hycolor/hycolor.sty)
(/usr/local/texlive/2025/texmf-dist/tex/latex/hyperref/nameref.sty
(/usr/local/texlive/2025/texmf-dist/tex/latex/refcount/refcount.sty)
(/usr/local/texlive/2025/texmf-dist/tex/generic/gettitlestring/gettitlestring.s
ty)) (/usr/local/texlive/2025/texmf-dist/tex/generic/stringenc/stringenc.sty)
(/usr/local/texlive/2025/texmf-dist/tex/latex/hyperref/pd1enc.def)
(/usr/local/texlive/2025/texmf-dist/tex/generic/intcalc/intcalc.sty)
(/usr/local/texlive/2025/texmf-dist/tex/latex/hyperref/puenc.def)
(/usr/local/texlive/2025/texmf-dist/tex/generic/bitset/bitset.sty
(/usr/local/texlive/2025/texmf-dist/tex/generic/bigintcalc/bigintcalc.sty))
(/usr/local/texlive/2025/texmf-dist/tex/latex/base/atbegshi-ltx.sty))
(/usr/local/texlive/2025/texmf-dist/tex/latex/hyperref/hluatex.def
(/usr/local/texlive/2025/texmf-dist/tex/latex/base/atveryend-ltx.sty)
(/usr/local/texlive/2025/texmf-dist/tex/latex/rerunfilecheck/rerunfilecheck.sty

(/usr/local/texlive/2025/texmf-dist/tex/generic/uniquecounter/uniquecounter.sty
))) (/usr/local/texlive/2025/texmf-dist/tex/latex/bookmark/bookmark.sty
(/usr/local/texlive/2025/texmf-dist/tex/latex/bookmark/bkm-pdftex.def))
(/usr/local/texlive/2025/texmf-dist/tex/latex/cleveref/cleveref.sty))
(./build/cap08/cap08.aux)
*geometry* driver: auto-detecting
*geometry* detected driver: luatex

Package unicode-math Warning: Using \overbracket and \underbracket from
(unicode-math)                `mathtools' package.
(unicode-math)                 
(unicode-math)                 Use \Uoverbracket and \Uunderbracket for
(unicode-math)                original `unicode-math' definition.


Package unicode-math Warning: I'm going to overwrite the following commands
(unicode-math)                from the `mathtools' package: 
(unicode-math)                 
(unicode-math)                     \dblcolon, \coloneqq, \Coloneqq, \eqqcolon.
(unicode-math)                
(unicode-math)                 
(unicode-math)                 Note that since I won't overwrite the other
(unicode-math)                colon-like commands, using them will lead to
(unicode-math)                inconsistencies.

(/usr/local/texlive/2025/texmf-dist/tex/context/base/mkii/supp-pdf.mkii
[Loading MPS to PDF converter (version 2006.09.02).]
) (/usr/local/texlive/2025/texmf-dist/tex/latex/epstopdf-pkg/epstopdf-base.sty
(/usr/local/texlive/2025/texmf-dist/tex/latex/latexconfig/epstopdf-sys.cfg))
Package pgfplots notification 'compat/show suggested version=true': document ha
s been generated with the most recent feature set (\pgfplotsset{compat=1.18}).


(/usr/local/texlive/2025/texmf-dist/tex/latex/translations/translations-basic-d
ictionary-spanish.trsl)
(/usr/local/texlive/2025/texmf-dist/tex/latex/pdflscape/pdflscape.sty
(/usr/local/texlive/2025/texmf-dist/tex/latex/pdflscape/pdflscape-nometadata.st
y (/usr/local/texlive/2025/texmf-dist/tex/latex/graphics/lscape.sty)))
(/usr/local/texlive/2025/texmf-dist/tex/latex/biblatex-apa/spanish-apa.lbx
(/usr/local/texlive/2025/texmf-dist/tex/latex/biblatex/lbx/spanish.lbx)
(/usr/local/texlive/2025/texmf-dist/tex/latex/biblatex/lbx/spanish.lbx))
(./build/cap08/cap08.bbl) (./capitulos/cap08.tex
Capítulo 8.
(/usr/local/texlive/2025/texmf-dist/tex/latex/microtype/mt-msa.cfg)
(/usr/local/texlive/2025/texmf-dist/tex/latex/microtype/mt-msb.cfg)
[1{/usr/local/texlive/2025/texmf-var/fonts/map/pdftex/updmap/pdftex.map}]

LaTeX Warning: Reference `cap:06' on page 1 undefined on input line 18.

(/usr/local/texlive/2025/texmf-dist/tex/latex/microtype/mt-TU-empty.cfg)
Underfull \vbox (badness 10000) has occurred while \output is active
[2]
Underfull \vbox (badness 10000) has occurred while \output is active
[3]

LaTeX Warning: Reference `cap:06' on page 1 undefined on input line 102.


Underfull \vbox (badness 10000) has occurred while \output is active
[4]

LaTeX Warning: Reference `cap:06' on page 1 undefined on input line 117.


[5]

LaTeX Warning: Reference `cap:06' on page 1 undefined on input line 139.


Underfull \vbox (badness 10000) has occurred while \output is active
[6]
Underfull \vbox (badness 10000) has occurred while \output is active
[7]
Underfull \vbox (badness 5260) has occurred while \output is active
[8] (./figuras/cap08/espectro_param.tex)
Overfull \hbox (0.56628pt too wide) in paragraph at lines 230--232
[]\TU/LibertinusSerif(0)/m/n/10.95 To-ma-mos el con-jun-to si-mu-la-do de la []
fi-gu-ra 󰂿.󰀫[]. El con-teo pro-du-ce $\TU/LibertinusMath-Regular.otf(1)/m
/n/10.95 34 666 580$

[9]
Underfull \vbox (badness 2608) has occurred while \output is active
[10] (./build/cap08/_3DC22A645D3D7C1CAA2118D8CE4FE99E.config.minted)
(./build/cap08/_minted/friendly.style.minted)
(./build/cap08/_minted/06EBC989D44C16E14935369CB2A7BDDF.highlight.minted)
Underfull \vbox (badness 3364) has occurred while \output is active
[11] (./build/cap08/_minted/monokai.style.minted)
(./build/cap08/_minted/C7BF51C34C1D17AC235767DFDFBE054A.highlight.minted)
Underfull \vbox (badness 10000) has occurred while \output is active
[12]
Underfull \vbox (badness 10000) has occurred while \output is active
[13]
[14]
Underfull \vbox (badness 1867) has occurred while \output is active
[15]
Underfull \vbox (badness 10000) has occurred while \output is active
[16]
[17] (./build/cap08/_minted/0B136EBBE856FA18681B411C7B2709D4.highlight.minted)
[18]
[19]
Underfull \vbox (badness 4608) has occurred while \output is active
[20]

LaTeX Warning: Reference `cap:06' on page 1 undefined on input line 612.


[21]

LaTeX Warning: Reference `cap:06' on page 1 undefined on input line 623.


LaTeX Warning: Reference `cap:06' on page 1 undefined on input line 626.


Underfull \vbox (badness 1939) has occurred while \output is active
[22]

LaTeX Warning: Reference `cap:06' on page 1 undefined on input line 644.


LaTeX Warning: Reference `cap:06' on page 1 undefined on input line 656.


[23] (./build/cap08/_minted/55DF049BBCB2094B6ECBBE9120C913A5.highlight.minted)
Underfull \vbox (badness 10000) has occurred while \output is active
[24]
[25]
[26]
[27] (./build/cap08/_minted/8373D8280EF6E0FDA1282451D6DD2E19.highlight.minted)
NOTE: coordinate (97,0.00) has been dropped because it is unbounded (in y). (se
e also unbounded coords=jump). 
NOTE: coordinate (98,0.00) has been dropped because it is unbounded (in y). (se
e also unbounded coords=jump). 
NOTE: coordinate (99,0.00) has been dropped because it is unbounded (in y). (se
e also unbounded coords=jump). 
NOTE: coordinate (100,0.00) has been dropped because it is unbounded (in y). (s
ee also unbounded coords=jump). 

[28]
[29] (./build/cap08/_minted/E62348A378A97A2F12CB819085F7C837.highlight.minted)
[30]
[31]

LaTeX Warning: Reference `cap:06' on page 1 undefined on input line 927.


[32]

LaTeX Warning: Reference `cap:02' on page 1 undefined on input line 946.


[33]
[34]
Underfull \vbox (badness 10000) has occurred while \output is active
[35]

LaTeX Warning: Reference `cap:03' on page 1 undefined on input line 1035.


Underfull \vbox (badness 10000) has occurred while \output is active
[36]
[37]

LaTeX Warning: Reference `cap:03' on page 1 undefined on input line 1126.


[38]
[39] (./build/cap08/_minted/FC62CED28D65188DD12D52BF1D4095DD.highlight.minted)
[40] (./build/cap08/_minted/944AD14B094454790B6A2FDFBC47EA8D.highlight.minted)
[41]
Overfull \hbox (0.11537pt too wide) in paragraph at lines 1175--1176
 \TU/SourceSansPro(0)/m/n/12 HMM. En eu-ca-rio-tas, en-mas-ca-rar re-pe-ti-cio-
nes y aña-dir evi-den- 

Underfull \vbox (badness 10000) has occurred while \output is active
[42]
[43]
[44]
[45])
[46] (./build/cap08/cap08.aux)

LaTeX Warning: There were undefined references.

)
(see the transcript file for additional information)
 1895 words of node memory still in use:
   31 hlist, 2 vlist, 14 rule, 4 glue, 4 kern, 1 glyph, 206 attribute, 81 glue_
spec, 141 attribute_list, 2 write, 24 pdf_literal, 13 pdf_action, 24 pdf_colors
tack nodes
   avail lists: 1:13,2:9060,3:4142,4:830,5:711,6:82,7:8273,8:78,9:1521,10:32,11
:982
</usr/local/texlive/2025/texmf-dist/fonts/opentype/public/fira/FiraMono-Oblique
.otf></usr/local/texlive/2025/texmf-dist/fonts/opentype/public/libertinus-fonts
/LibertinusMath-Regular.otf></usr/local/texlive/2025/texmf-dist/fonts/opentype/
adobe/sourcesanspro/SourceSansPro-SemiboldIt.otf></usr/local/texlive/2025/texmf
-dist/fonts/opentype/adobe/sourcesanspro/SourceSansPro-RegularIt.otf></usr/loca
l/texlive/2025/texmf-dist/fonts/opentype/public/fira/FiraMono-Medium.otf></usr/
local/texlive/2025/texmf-dist/fonts/opentype/public/fira/FiraMono-Regular.otf><
/usr/local/texlive/2025/texmf-dist/fonts/opentype/public/libertinus-fonts/Liber
tinusSerif-Regular.otf></usr/local/texlive/2025/texmf-dist/fonts/opentype/publi
c/libertinus-fonts/LibertinusMath-Regular.otf></usr/local/texlive/2025/texmf-di
st/fonts/opentype/public/fontawesome5/FontAwesome5Brands-Regular-400.otf></usr/
local/texlive/2025/texmf-dist/fonts/opentype/public/fontawesome5/FontAwesome5Fr
ee-Solid-900.otf></usr/local/texlive/2025/texmf-dist/fonts/opentype/adobe/sourc
esanspro/SourceSansPro-Black.otf></usr/local/texlive/2025/texmf-dist/fonts/open
type/public/libertinus-fonts/LibertinusSerif-Semibold.otf></usr/local/texlive/2
025/texmf-dist/fonts/opentype/public/libertinus-fonts/LibertinusSerif-Regular.o
tf></usr/local/texlive/2025/texmf-dist/fonts/opentype/public/libertinus-fonts/L
ibertinusMath-Regular.otf></usr/local/texlive/2025/texmf-dist/fonts/opentype/ad
obe/sourcesanspro/SourceSansPro-Regular.otf></usr/local/texlive/2025/texmf-dist
/fonts/opentype/public/libertinus-fonts/LibertinusSerif-Italic.otf></usr/local/
texlive/2025/texmf-dist/fonts/opentype/adobe/sourcesanspro/SourceSansPro-Light.
otf></usr/local/texlive/2025/texmf-dist/fonts/opentype/adobe/sourcesanspro/Sour
ceSansPro-Semibold.otf></usr/local/texlive/2025/texmf-dist/fonts/opentype/adobe
/sourcesanspro/SourceSansPro-ExtraLight.otf></usr/local/texlive/2025/texmf-dist
/fonts/type1/public/amsfonts/symbols/msam10.pfb>
Output written on cap08.pdf (46 pages, 352483 bytes).
Transcript written on cap08.log.
Latexmk: Getting log file 'build/cap08/cap08.log'
Latexmk: Examining 'build/cap08/cap08.fls'
Latexmk: Examining 'build/cap08/cap08.log'
Latexmk: Found input bbl file 'build/cap08/cap08.bbl'
Latexmk: Log file says output to 'cap08.pdf'
Latexmk: Bibliography file(s) from .bcf file:
  bib/cap08.bib
Latexmk: applying rule 'lualatex'...
Rule 'lualatex':  Reasons for rerun
Changed files or newly in use/created:
  build/cap08/cap08.run.xml

------------
Run number 4 of rule 'lualatex'
------------
------------
Running 'lualatex  -shell-escape -interaction=nonstopmode -halt-on-error -recorder -output-directory="build/cap08"  "build/cap08/cap08.tex"'
------------
This is LuaHBTeX, Version 1.21.0 (TeX Live 2025) 
 system commands enabled.
(./build/cap08/cap08.tex
LaTeX2e <2024-11-01> patch level 2
L3 programming layer <2025-01-18>
 (/usr/local/texlive/2025/texmf-dist/tex/latex/base/book.cls
Document Class: book 2024/06/29 v1.4n Standard LaTeX document class
(/usr/local/texlive/2025/texmf-dist/tex/latex/base/bk11.clo))
(./estilo/bioinfo.sty

LaTeX Warning: You have requested package `estilo/bioinfo',
               but the package provides `bioinfo'.

(/usr/local/texlive/2025/texmf-dist/tex/latex/geometry/geometry.sty
(/usr/local/texlive/2025/texmf-dist/tex/latex/graphics/keyval.sty)
(/usr/local/texlive/2025/texmf-dist/tex/generic/iftex/ifvtex.sty
(/usr/local/texlive/2025/texmf-dist/tex/generic/iftex/iftex.sty)))
(/usr/local/texlive/2025/texmf-dist/tex/generic/babel/babel.sty
(/usr/local/texlive/2025/texmf-dist/tex/generic/babel/luababel.def)
(/usr/local/texlive/2025/texmf-dist/tex/generic/babel/luababel.def)
(/usr/local/texlive/2025/texmf-dist/tex/generic/babel-spanish/spanish.ldf
(/usr/local/texlive/2025/texmf-dist/tex/generic/hyph-utf8/loadhyph/loadhyph-es.
tex UTF-8 Spanish hyphenation patterns
(/usr/local/texlive/2025/texmf-dist/tex/generic/hyph-utf8/patterns/tex/hyph-es.
tex))))
(/usr/local/texlive/2025/texmf-dist/tex/generic/babel/locale/es/babel-spanish.t
ex) (/usr/local/texlive/2025/texmf-dist/tex/latex/amsmath/amsmath.sty
For additional information on amsmath, use the `?' option.
(/usr/local/texlive/2025/texmf-dist/tex/latex/amsmath/amstext.sty
(/usr/local/texlive/2025/texmf-dist/tex/latex/amsmath/amsgen.sty))
(/usr/local/texlive/2025/texmf-dist/tex/latex/amsmath/amsbsy.sty)
(/usr/local/texlive/2025/texmf-dist/tex/latex/amsmath/amsopn.sty))
(/usr/local/texlive/2025/texmf-dist/tex/latex/amsfonts/amssymb.sty
(/usr/local/texlive/2025/texmf-dist/tex/latex/amsfonts/amsfonts.sty))
(/usr/local/texlive/2025/texmf-dist/tex/latex/mathtools/mathtools.sty
(/usr/local/texlive/2025/texmf-dist/tex/latex/tools/calc.sty)
(/usr/local/texlive/2025/texmf-dist/tex/latex/mathtools/mhsetup.sty))
(/usr/local/texlive/2025/texmf-dist/tex/latex/fontspec/fontspec.sty
(/usr/local/texlive/2025/texmf-dist/tex/latex/l3packages/xparse/xparse.sty
(/usr/local/texlive/2025/texmf-dist/tex/latex/l3kernel/expl3.sty
(/usr/local/texlive/2025/texmf-dist/tex/latex/l3backend/l3backend-luatex.def)))
 (/usr/local/texlive/2025/texmf-dist/tex/latex/fontspec/fontspec-luatex.sty
(/usr/local/texlive/2025/texmf-dist/tex/latex/base/fontenc.sty)
(/usr/local/texlive/2025/texmf-dist/tex/latex/fontspec/fontspec.cfg)))
(/usr/local/texlive/2025/texmf-dist/tex/latex/unicode-math/unicode-math.sty
(/usr/local/texlive/2025/texmf-dist/tex/latex/unicode-math/unicode-math-luatex.
sty
(/usr/local/texlive/2025/texmf-dist/tex/latex/l3packages/l3keys2e/l3keys2e.sty)
 (/usr/local/texlive/2025/texmf-dist/tex/latex/base/fix-cm.sty
(/usr/local/texlive/2025/texmf-dist/tex/latex/base/ts1enc.def))
(/usr/local/texlive/2025/texmf-dist/tex/lualatex/lualatex-math/lualatex-math.st
y (/usr/local/texlive/2025/texmf-dist/tex/latex/etoolbox/etoolbox.sty))
(/usr/local/texlive/2025/texmf-dist/tex/latex/unicode-math/unicode-math-table.t
ex))) (/usr/local/texlive/2025/texmf-dist/tex/latex/amsfonts/umsa.fd)
(/usr/local/texlive/2025/texmf-dist/tex/latex/amsfonts/umsb.fd)
(/usr/local/texlive/2025/texmf-dist/tex/latex/microtype/microtype.sty
(/usr/local/texlive/2025/texmf-dist/tex/latex/microtype/microtype-luatex.def)
(/usr/local/texlive/2025/texmf-dist/tex/latex/microtype/microtype.cfg))
(/usr/local/texlive/2025/texmf-dist/tex/latex/csquotes/csquotes.sty
(/usr/local/texlive/2025/texmf-dist/tex/latex/csquotes/csquotes.def)
(/usr/local/texlive/2025/texmf-dist/tex/latex/csquotes/csquotes.cfg))
(/usr/local/texlive/2025/texmf-dist/tex/latex/xcolor/xcolor.sty
(/usr/local/texlive/2025/texmf-dist/tex/latex/graphics-cfg/color.cfg)
(/usr/local/texlive/2025/texmf-dist/tex/latex/graphics-def/luatex.def)
(/usr/local/texlive/2025/texmf-dist/tex/latex/graphics/mathcolor.ltx))
(/usr/local/texlive/2025/texmf-dist/tex/latex/graphics/dvipsnam.def)
(/usr/local/texlive/2025/texmf-dist/tex/latex/colortbl/colortbl.sty
(/usr/local/texlive/2025/texmf-dist/tex/latex/tools/array.sty))
(/usr/local/texlive/2025/texmf-dist/tex/latex/graphics/graphicx.sty
(/usr/local/texlive/2025/texmf-dist/tex/latex/graphics/graphics.sty
(/usr/local/texlive/2025/texmf-dist/tex/latex/graphics/trig.sty)
(/usr/local/texlive/2025/texmf-dist/tex/latex/graphics-cfg/graphics.cfg)))
(/usr/local/texlive/2025/texmf-dist/tex/latex/pgf/frontendlayer/tikz.sty
(/usr/local/texlive/2025/texmf-dist/tex/latex/pgf/basiclayer/pgf.sty
(/usr/local/texlive/2025/texmf-dist/tex/latex/pgf/utilities/pgfrcs.sty
(/usr/local/texlive/2025/texmf-dist/tex/generic/pgf/utilities/pgfutil-common.te
x)
(/usr/local/texlive/2025/texmf-dist/tex/generic/pgf/utilities/pgfutil-latex.def
) (/usr/local/texlive/2025/texmf-dist/tex/generic/pgf/utilities/pgfrcs.code.tex
(/usr/local/texlive/2025/texmf-dist/tex/generic/pgf/pgf.revision.tex)))
(/usr/local/texlive/2025/texmf-dist/tex/latex/pgf/basiclayer/pgfcore.sty
(/usr/local/texlive/2025/texmf-dist/tex/latex/pgf/systemlayer/pgfsys.sty
(/usr/local/texlive/2025/texmf-dist/tex/generic/pgf/systemlayer/pgfsys.code.tex
(/usr/local/texlive/2025/texmf-dist/tex/generic/pgf/utilities/pgfkeys.code.tex
(/usr/local/texlive/2025/texmf-dist/tex/generic/pgf/utilities/pgfkeyslibraryfil
tered.code.tex))
(/usr/local/texlive/2025/texmf-dist/tex/generic/pgf/systemlayer/pgf.cfg)
(/usr/local/texlive/2025/texmf-dist/tex/generic/pgf/systemlayer/pgfsys-luatex.d
ef
(/usr/local/texlive/2025/texmf-dist/tex/generic/pgf/systemlayer/pgfsys-common-p
df.def)))
(/usr/local/texlive/2025/texmf-dist/tex/generic/pgf/systemlayer/pgfsyssoftpath.
code.tex)
(/usr/local/texlive/2025/texmf-dist/tex/generic/pgf/systemlayer/pgfsysprotocol.
code.tex))
(/usr/local/texlive/2025/texmf-dist/tex/generic/pgf/basiclayer/pgfcore.code.tex
(/usr/local/texlive/2025/texmf-dist/tex/generic/pgf/math/pgfmath.code.tex
(/usr/local/texlive/2025/texmf-dist/tex/generic/pgf/math/pgfmathutil.code.tex)
(/usr/local/texlive/2025/texmf-dist/tex/generic/pgf/math/pgfmathparser.code.tex
)
(/usr/local/texlive/2025/texmf-dist/tex/generic/pgf/math/pgfmathfunctions.code.
tex)
(/usr/local/texlive/2025/texmf-dist/tex/generic/pgf/math/pgfmathfunctions.basic
.code.tex)
(/usr/local/texlive/2025/texmf-dist/tex/generic/pgf/math/pgfmathfunctions.trigo
nometric.code.tex)
(/usr/local/texlive/2025/texmf-dist/tex/generic/pgf/math/pgfmathfunctions.rando
m.code.tex)
(/usr/local/texlive/2025/texmf-dist/tex/generic/pgf/math/pgfmathfunctions.compa
rison.code.tex)
(/usr/local/texlive/2025/texmf-dist/tex/generic/pgf/math/pgfmathfunctions.base.
code.tex)
(/usr/local/texlive/2025/texmf-dist/tex/generic/pgf/math/pgfmathfunctions.round
.code.tex)
(/usr/local/texlive/2025/texmf-dist/tex/generic/pgf/math/pgfmathfunctions.misc.
code.tex)
(/usr/local/texlive/2025/texmf-dist/tex/generic/pgf/math/pgfmathfunctions.integ
erarithmetics.code.tex)
(/usr/local/texlive/2025/texmf-dist/tex/generic/pgf/math/pgfmathcalc.code.tex)
(/usr/local/texlive/2025/texmf-dist/tex/generic/pgf/math/pgfmathfloat.code.tex)
) (/usr/local/texlive/2025/texmf-dist/tex/generic/pgf/math/pgfint.code.tex)
(/usr/local/texlive/2025/texmf-dist/tex/generic/pgf/basiclayer/pgfcorepoints.co
de.tex)
(/usr/local/texlive/2025/texmf-dist/tex/generic/pgf/basiclayer/pgfcorepathconst
ruct.code.tex)
(/usr/local/texlive/2025/texmf-dist/tex/generic/pgf/basiclayer/pgfcorepathusage
.code.tex)
(/usr/local/texlive/2025/texmf-dist/tex/generic/pgf/basiclayer/pgfcorescopes.co
de.tex)
(/usr/local/texlive/2025/texmf-dist/tex/generic/pgf/basiclayer/pgfcoregraphicst
ate.code.tex)
(/usr/local/texlive/2025/texmf-dist/tex/generic/pgf/basiclayer/pgfcoretransform
ations.code.tex)
(/usr/local/texlive/2025/texmf-dist/tex/generic/pgf/basiclayer/pgfcorequick.cod
e.tex)
(/usr/local/texlive/2025/texmf-dist/tex/generic/pgf/basiclayer/pgfcoreobjects.c
ode.tex)
(/usr/local/texlive/2025/texmf-dist/tex/generic/pgf/basiclayer/pgfcorepathproce
ssing.code.tex)
(/usr/local/texlive/2025/texmf-dist/tex/generic/pgf/basiclayer/pgfcorearrows.co
de.tex)
(/usr/local/texlive/2025/texmf-dist/tex/generic/pgf/basiclayer/pgfcoreshade.cod
e.tex)
(/usr/local/texlive/2025/texmf-dist/tex/generic/pgf/basiclayer/pgfcoreimage.cod
e.tex)
(/usr/local/texlive/2025/texmf-dist/tex/generic/pgf/basiclayer/pgfcoreexternal.
code.tex)
(/usr/local/texlive/2025/texmf-dist/tex/generic/pgf/basiclayer/pgfcorelayers.co
de.tex)
(/usr/local/texlive/2025/texmf-dist/tex/generic/pgf/basiclayer/pgfcoretranspare
ncy.code.tex)
(/usr/local/texlive/2025/texmf-dist/tex/generic/pgf/basiclayer/pgfcorepatterns.
code.tex)
(/usr/local/texlive/2025/texmf-dist/tex/generic/pgf/basiclayer/pgfcorerdf.code.
tex)))
(/usr/local/texlive/2025/texmf-dist/tex/generic/pgf/modules/pgfmoduleshapes.cod
e.tex)
(/usr/local/texlive/2025/texmf-dist/tex/generic/pgf/modules/pgfmoduleplot.code.
tex)
(/usr/local/texlive/2025/texmf-dist/tex/latex/pgf/compatibility/pgfcomp-version
-0-65.sty)
(/usr/local/texlive/2025/texmf-dist/tex/latex/pgf/compatibility/pgfcomp-version
-1-18.sty))
(/usr/local/texlive/2025/texmf-dist/tex/latex/pgf/utilities/pgffor.sty
(/usr/local/texlive/2025/texmf-dist/tex/latex/pgf/utilities/pgfkeys.sty
(/usr/local/texlive/2025/texmf-dist/tex/generic/pgf/utilities/pgfkeys.code.tex)
) (/usr/local/texlive/2025/texmf-dist/tex/latex/pgf/math/pgfmath.sty
(/usr/local/texlive/2025/texmf-dist/tex/generic/pgf/math/pgfmath.code.tex))
(/usr/local/texlive/2025/texmf-dist/tex/generic/pgf/utilities/pgffor.code.tex))

(/usr/local/texlive/2025/texmf-dist/tex/generic/pgf/frontendlayer/tikz/tikz.cod
e.tex
(/usr/local/texlive/2025/texmf-dist/tex/generic/pgf/libraries/pgflibraryplothan
dlers.code.tex)
(/usr/local/texlive/2025/texmf-dist/tex/generic/pgf/modules/pgfmodulematrix.cod
e.tex)
(/usr/local/texlive/2025/texmf-dist/tex/generic/pgf/frontendlayer/tikz/librarie
s/tikzlibrarytopaths.code.tex)))
(/usr/local/texlive/2025/texmf-dist/tex/generic/pgf/libraries/pgflibraryarrows.
meta.code.tex)
(/usr/local/texlive/2025/texmf-dist/tex/generic/pgf/frontendlayer/tikz/librarie
s/tikzlibrarypositioning.code.tex)
(/usr/local/texlive/2025/texmf-dist/tex/generic/pgf/frontendlayer/tikz/librarie
s/tikzlibrarycalc.code.tex)
(/usr/local/texlive/2025/texmf-dist/tex/generic/pgf/frontendlayer/tikz/librarie
s/tikzlibraryfit.code.tex)
(/usr/local/texlive/2025/texmf-dist/tex/generic/pgf/frontendlayer/tikz/librarie
s/tikzlibrarybackgrounds.code.tex)
(/usr/local/texlive/2025/texmf-dist/tex/generic/pgf/frontendlayer/tikz/librarie
s/tikzlibraryshapes.code.tex
(/usr/local/texlive/2025/texmf-dist/tex/generic/pgf/frontendlayer/tikz/librarie
s/tikzlibraryshapes.geometric.code.tex
(/usr/local/texlive/2025/texmf-dist/tex/generic/pgf/libraries/shapes/pgflibrary
shapes.geometric.code.tex))
(/usr/local/texlive/2025/texmf-dist/tex/generic/pgf/frontendlayer/tikz/librarie
s/tikzlibraryshapes.misc.code.tex
(/usr/local/texlive/2025/texmf-dist/tex/generic/pgf/libraries/shapes/pgflibrary
shapes.misc.code.tex))
(/usr/local/texlive/2025/texmf-dist/tex/generic/pgf/frontendlayer/tikz/librarie
s/tikzlibraryshapes.symbols.code.tex
(/usr/local/texlive/2025/texmf-dist/tex/generic/pgf/libraries/shapes/pgflibrary
shapes.symbols.code.tex))
(/usr/local/texlive/2025/texmf-dist/tex/generic/pgf/frontendlayer/tikz/librarie
s/tikzlibraryshapes.arrows.code.tex
(/usr/local/texlive/2025/texmf-dist/tex/generic/pgf/libraries/shapes/pgflibrary
shapes.arrows.code.tex))
(/usr/local/texlive/2025/texmf-dist/tex/generic/pgf/frontendlayer/tikz/librarie
s/tikzlibraryshapes.callouts.code.tex
(/usr/local/texlive/2025/texmf-dist/tex/generic/pgf/libraries/shapes/pgflibrary
shapes.callouts.code.tex))
(/usr/local/texlive/2025/texmf-dist/tex/generic/pgf/frontendlayer/tikz/librarie
s/tikzlibraryshapes.multipart.code.tex
(/usr/local/texlive/2025/texmf-dist/tex/generic/pgf/libraries/shapes/pgflibrary
shapes.multipart.code.tex)))
(/usr/local/texlive/2025/texmf-dist/tex/generic/pgf/frontendlayer/tikz/librarie
s/tikzlibrarydecorations.pathreplacing.code.tex
(/usr/local/texlive/2025/texmf-dist/tex/generic/pgf/frontendlayer/tikz/librarie
s/tikzlibrarydecorations.code.tex
(/usr/local/texlive/2025/texmf-dist/tex/generic/pgf/modules/pgfmoduledecoration
s.code.tex))
(/usr/local/texlive/2025/texmf-dist/tex/generic/pgf/libraries/decorations/pgfli
brarydecorations.pathreplacing.code.tex))
(/usr/local/texlive/2025/texmf-dist/tex/generic/pgf/frontendlayer/tikz/librarie
s/tikzlibrarydecorations.pathmorphing.code.tex
(/usr/local/texlive/2025/texmf-dist/tex/generic/pgf/libraries/decorations/pgfli
brarydecorations.pathmorphing.code.tex))
(/usr/local/texlive/2025/texmf-dist/tex/generic/pgf/frontendlayer/tikz/librarie
s/tikzlibrarydecorations.text.code.tex
(/usr/local/texlive/2025/texmf-dist/tex/generic/pgf/libraries/decorations/pgfli
brarydecorations.text.code.tex))
(/usr/local/texlive/2025/texmf-dist/tex/generic/pgf/frontendlayer/tikz/librarie
s/tikzlibrarypatterns.code.tex
(/usr/local/texlive/2025/texmf-dist/tex/generic/pgf/libraries/pgflibrarypattern
s.code.tex))
(/usr/local/texlive/2025/texmf-dist/tex/generic/pgf/frontendlayer/tikz/librarie
s/tikzlibraryshadows.code.tex
(/usr/local/texlive/2025/texmf-dist/tex/generic/pgf/frontendlayer/tikz/librarie
s/tikzlibraryfadings.code.tex
(/usr/local/texlive/2025/texmf-dist/tex/generic/pgf/libraries/pgflibraryfadings
.code.tex)))
(/usr/local/texlive/2025/texmf-dist/tex/latex/pgf-blur/tikzlibraryshadows.blur.
code.tex  v1.02, 2012/12/09)
(/usr/local/texlive/2025/texmf-dist/tex/generic/pgf/frontendlayer/tikz/librarie
s/tikzlibrarymatrix.code.tex)
(/usr/local/texlive/2025/texmf-dist/tex/generic/pgf/frontendlayer/tikz/librarie
s/tikzlibrarychains.code.tex)
(/usr/local/texlive/2025/texmf-dist/tex/generic/pgf/frontendlayer/tikz/librarie
s/tikzlibraryintersections.code.tex
(/usr/local/texlive/2025/texmf-dist/tex/generic/pgf/libraries/pgflibraryinterse
ctions.code.tex
(/usr/local/texlive/2025/texmf-dist/tex/generic/pgf/libraries/pgflibraryfpu.cod
e.tex)))
(/usr/local/texlive/2025/texmf-dist/tex/generic/pgf/frontendlayer/tikz/librarie
s/tikzlibrarytrees.code.tex)
(/usr/local/texlive/2025/texmf-dist/tex/generic/pgf/frontendlayer/tikz/librarie
s/graphs/tikzlibrarygraphs.code.tex)
(/usr/local/texlive/2025/texmf-dist/tex/generic/pgf/frontendlayer/tikz/librarie
s/tikzlibraryquotes.code.tex)
(/usr/local/texlive/2025/texmf-dist/tex/generic/pgf/frontendlayer/tikz/librarie
s/tikzlibraryspy.code.tex)
(/usr/local/texlive/2025/texmf-dist/tex/generic/pgf/frontendlayer/tikz/librarie
s/tikzlibrarybending.code.tex
(/usr/local/texlive/2025/texmf-dist/tex/generic/pgf/modules/pgfmodulebending.co
de.tex
(/usr/local/texlive/2025/texmf-dist/tex/generic/pgf/modules/pgfmodulenonlineart
ransformations.code.tex)
(/usr/local/texlive/2025/texmf-dist/tex/generic/pgf/libraries/pgflibrarycurvili
near.code.tex)))
(/usr/local/texlive/2025/texmf-dist/tex/generic/pgf/frontendlayer/tikz/librarie
s/tikzlibrarymath.code.tex
(/usr/local/texlive/2025/texmf-dist/tex/generic/pgf/frontendlayer/tikz/librarie
s/tikzlibraryfpu.code.tex))
(/usr/local/texlive/2025/texmf-dist/tex/latex/pgfplots/pgfplots.sty
(/usr/local/texlive/2025/texmf-dist/tex/generic/pgfplots/pgfplots.revision.tex)
(/usr/local/texlive/2025/texmf-dist/tex/generic/pgfplots/pgfplots.code.tex
(/usr/local/texlive/2025/texmf-dist/tex/generic/pgfplots/pgfplotscore.code.tex
(/usr/local/texlive/2025/texmf-dist/tex/generic/pgfplots/sys/pgfplotssysgeneric
.code.tex))
(/usr/local/texlive/2025/texmf-dist/tex/generic/pgfplots/libs/pgfplotslibrary.c
ode.tex)
(/usr/local/texlive/2025/texmf-dist/tex/generic/pgfplots/oldpgfcompatib/pgfplot
soldpgfsupp_loader.code.tex
Package pgfplots: loading complementary utilities for your pgf version...

(/usr/local/texlive/2025/texmf-dist/tex/generic/pgfplots/oldpgfcompatib/pgfplot
soldpgfsupp_pgfutil-common-lists.tex)
(/usr/local/texlive/2025/texmf-dist/tex/generic/pgf/libraries/luamath/pgflibrar
yluamath.code.tex))
(/usr/local/texlive/2025/texmf-dist/tex/generic/pgfplots/util/pgfplotsutil.code
.tex
(/usr/local/texlive/2025/texmf-dist/tex/generic/pgfplots/liststructure/pgfplots
liststructure.code.tex)
(/usr/local/texlive/2025/texmf-dist/tex/generic/pgfplots/liststructure/pgfplots
liststructureext.code.tex)
(/usr/local/texlive/2025/texmf-dist/tex/generic/pgfplots/liststructure/pgfplots
array.code.tex)
(/usr/local/texlive/2025/texmf-dist/tex/generic/pgfplots/liststructure/pgfplots
matrix.code.tex)
(/usr/local/texlive/2025/texmf-dist/tex/generic/pgfplots/numtable/pgfplotstable
shared.code.tex)
(/usr/local/texlive/2025/texmf-dist/tex/generic/pgfplots/liststructure/pgfplots
deque.code.tex)
(/usr/local/texlive/2025/texmf-dist/tex/generic/pgfplots/util/pgfplotsbinary.co
de.tex
(/usr/local/texlive/2025/texmf-dist/tex/generic/pgfplots/util/pgfplotsbinary.da
ta.code.tex))
(/usr/local/texlive/2025/texmf-dist/tex/generic/pgfplots/util/pgfplotsutil.verb
.code.tex)
(/usr/local/texlive/2025/texmf-dist/tex/generic/pgfplots/libs/pgflibrarypgfplot
s.surfshading.code.tex
(/usr/local/texlive/2025/texmf-dist/tex/generic/pgfplots/sys/pgflibrarypgfplots
.surfshading.pgfsys-luatex.def)))
(/usr/local/texlive/2025/texmf-dist/tex/generic/pgfplots/util/pgfplotscolormap.
code.tex
(/usr/local/texlive/2025/texmf-dist/tex/generic/pgfplots/util/pgfplotscolor.cod
e.tex))
(/usr/local/texlive/2025/texmf-dist/tex/generic/pgfplots/pgfplotsstackedplots.c
ode.tex)
(/usr/local/texlive/2025/texmf-dist/tex/generic/pgfplots/pgfplotsplothandlers.c
ode.tex
(/usr/local/texlive/2025/texmf-dist/tex/generic/pgfplots/pgfplotsmeshplothandle
r.code.tex
(/usr/local/texlive/2025/texmf-dist/tex/generic/pgfplots/pgfplotsmeshplotimage.
code.tex)))
(/usr/local/texlive/2025/texmf-dist/tex/generic/pgfplots/pgfplots.scaling.code.
tex)
(/usr/local/texlive/2025/texmf-dist/tex/generic/pgfplots/pgfplotscoordprocessin
g.code.tex)
(/usr/local/texlive/2025/texmf-dist/tex/generic/pgfplots/pgfplots.errorbars.cod
e.tex)
(/usr/local/texlive/2025/texmf-dist/tex/generic/pgfplots/pgfplots.markers.code.
tex)
(/usr/local/texlive/2025/texmf-dist/tex/generic/pgfplots/pgfplotsticks.code.tex
)
(/usr/local/texlive/2025/texmf-dist/tex/generic/pgfplots/pgfplots.paths.code.te
x)
(/usr/local/texlive/2025/texmf-dist/tex/generic/pgfplots/libs/tikzlibrarypgfplo
ts.contourlua.code.tex))
(/usr/local/texlive/2025/texmf-dist/tex/generic/pgf/frontendlayer/tikz/librarie
s/tikzlibraryplotmarks.code.tex
(/usr/local/texlive/2025/texmf-dist/tex/generic/pgf/libraries/pgflibraryplotmar
ks.code.tex)))
(/usr/local/texlive/2025/texmf-dist/tex/generic/pgfplots/libs/tikzlibrarypgfplo
ts.fillbetween.code.tex
(/usr/local/texlive/2025/texmf-dist/tex/generic/pgfplots/pgfcontrib/tikzlibrary
fillbetween.code.tex
(/usr/local/texlive/2025/texmf-dist/tex/generic/pgfplots/pgfcontrib/tikzlibrary
decorations.softclip.code.tex
(/usr/local/texlive/2025/texmf-dist/tex/generic/pgfplots/pgfcontrib/pgflibraryf
illbetween.code.tex)))
(/usr/local/texlive/2025/texmf-dist/tex/generic/pgfplots/libs/tikzlibrarypgfplo
ts.decorations.softclip.code.tex))
(/usr/local/texlive/2025/texmf-dist/tex/generic/pgfplots/libs/tikzlibrarypgfplo
ts.groupplots.code.tex)
(/usr/local/texlive/2025/texmf-dist/tex/generic/pgfplots/libs/tikzlibrarypgfplo
ts.colormaps.code.tex)
(/usr/local/texlive/2025/texmf-dist/tex/generic/pgfplots/libs/tikzlibrarypgfplo
ts.statistics.code.tex)
(/usr/local/texlive/2025/texmf-dist/tex/latex/booktabs/booktabs.sty)
(/usr/local/texlive/2025/texmf-dist/tex/latex/tools/tabularx.sty)
(/usr/local/texlive/2025/texmf-dist/tex/latex/multirow/multirow.sty)
(/usr/local/texlive/2025/texmf-dist/tex/latex/tools/longtable.sty)
(/usr/local/texlive/2025/texmf-dist/tex/latex/enumitem/enumitem.sty)
(/usr/local/texlive/2025/texmf-dist/tex/latex/caption/caption.sty
(/usr/local/texlive/2025/texmf-dist/tex/latex/caption/caption3.sty)
(/usr/local/texlive/2025/texmf-dist/tex/latex/caption/ltcaption.sty))
(/usr/local/texlive/2025/texmf-dist/tex/latex/caption/subcaption.sty)
(/usr/local/texlive/2025/texmf-dist/tex/latex/siunitx/siunitx.sty
(/usr/local/texlive/2025/texmf-dist/tex/latex/translations/translations.sty
(/usr/local/texlive/2025/texmf-dist/tex/generic/pdftexcmds/pdftexcmds.sty
(/usr/local/texlive/2025/texmf-dist/tex/generic/infwarerr/infwarerr.sty)
(/usr/local/texlive/2025/texmf-dist/tex/generic/ltxcmds/ltxcmds.sty))))
(/usr/local/texlive/2025/texmf-dist/tex/latex/float/float.sty)
(/usr/local/texlive/2025/texmf-dist/tex/latex/wrapfig/wrapfig.sty)
(/usr/local/texlive/2025/texmf-dist/tex/latex/marginnote/marginnote.sty)
(/usr/local/texlive/2025/texmf-dist/tex/latex/pdfpages/pdfpages.sty
(/usr/local/texlive/2025/texmf-dist/tex/latex/base/ifthen.sty)
(/usr/local/texlive/2025/texmf-dist/tex/latex/eso-pic/eso-pic.sty)
(/usr/local/texlive/2025/texmf-dist/tex/latex/pdfpages/ppluatex.def))
(/usr/local/texlive/2025/texmf-dist/tex/latex/tools/multicol.sty)
(/usr/local/texlive/2025/texmf-dist/tex/latex/tools/afterpage.sty)
(/usr/local/texlive/2025/texmf-dist/tex/latex/lipsum/lipsum.sty
(/usr/local/texlive/2025/texmf-dist/tex/latex/lipsum/lipsum.ltd.tex))
(/usr/local/texlive/2025/texmf-dist/tex/latex/emptypage/emptypage.sty)
(/usr/local/texlive/2025/texmf-dist/tex/latex/tcolorbox/tcolorbox.sty
(/usr/local/texlive/2025/texmf-dist/tex/latex/tools/verbatim.sty)
(/usr/local/texlive/2025/texmf-dist/tex/latex/environ/environ.sty
(/usr/local/texlive/2025/texmf-dist/tex/latex/trimspaces/trimspaces.sty))
(/usr/local/texlive/2025/texmf-dist/tex/latex/tcolorbox/tcbraster.code.tex
Library (tcolorbox): 'tcbraster.code.tex' version '6.4.1'
) (/usr/local/texlive/2025/texmf-dist/tex/latex/tcolorbox/tcbskins.code.tex
Library (tcolorbox): 'tcbskins.code.tex' version '6.4.1'
(/usr/local/texlive/2025/texmf-dist/tex/latex/tikzfill/tikzfill.image.sty
(/usr/local/texlive/2025/texmf-dist/tex/latex/tikzfill/tikzfill-common.sty)
(/usr/local/texlive/2025/texmf-dist/tex/latex/tikzfill/tikzlibraryfill.image.co
de.tex))
(/usr/local/texlive/2025/texmf-dist/tex/latex/tcolorbox/tcbskinsjigsaw.code.tex
Library (tcolorbox): 'tcbskinsjigsaw.code.tex' version '6.4.1'
))
(/usr/local/texlive/2025/texmf-dist/tex/latex/tcolorbox/tcbbreakable.code.tex
Library (tcolorbox): 'tcbbreakable.code.tex' version '6.4.1'
(/usr/local/texlive/2025/texmf-dist/tex/latex/pdfcol/pdfcol.sty)
(/usr/local/texlive/2025/texmf-dist/tex/generic/iftex/ifluatex.sty))
(/usr/local/texlive/2025/texmf-dist/tex/latex/tcolorbox/tcbhooks.code.tex
Library (tcolorbox): 'tcbhooks.code.tex' version '6.4.1'
) (/usr/local/texlive/2025/texmf-dist/tex/latex/tcolorbox/tcbtheorems.code.tex
Library (tcolorbox): 'tcbtheorems.code.tex' version '6.4.1'
) (/usr/local/texlive/2025/texmf-dist/tex/latex/tcolorbox/tcbfitting.code.tex
Library (tcolorbox): 'tcbfitting.code.tex' version '6.4.1'
)
(/usr/local/texlive/2025/texmf-dist/tex/latex/tcolorbox/tcblistingsutf8.code.te
x
Library (tcolorbox): 'tcblistingsutf8.code.tex' version '6.4.1'
(/usr/local/texlive/2025/texmf-dist/tex/latex/tcolorbox/tcblistings.code.tex
Library (tcolorbox): 'tcblistings.code.tex' version '6.4.1'
(/usr/local/texlive/2025/texmf-dist/tex/latex/listings/listings.sty
(/usr/local/texlive/2025/texmf-dist/tex/latex/listings/lstpatch.sty)
(/usr/local/texlive/2025/texmf-dist/tex/latex/listings/lstmisc.sty)
(/usr/local/texlive/2025/texmf-dist/tex/latex/listings/listings.cfg))
(/usr/local/texlive/2025/texmf-dist/tex/latex/tcolorbox/tcblistingscore.code.te
x
Library (tcolorbox): 'tcblistingscore.code.tex' version '6.4.1'
(/usr/local/texlive/2025/texmf-dist/tex/latex/tcolorbox/tcbprocessing.code.tex
Library (tcolorbox): 'tcbprocessing.code.tex' version '6.4.1'
))))
(/usr/local/texlive/2025/texmf-dist/tex/latex/tcolorbox/tcbexternal.code.tex
Library (tcolorbox): 'tcbexternal.code.tex' version '6.4.1'
) (/usr/local/texlive/2025/texmf-dist/tex/latex/tcolorbox/tcbmagazine.code.tex
Library (tcolorbox): 'tcbmagazine.code.tex' version '6.4.1'
) (/usr/local/texlive/2025/texmf-dist/tex/latex/tcolorbox/tcbvignette.code.tex
Library (tcolorbox): 'tcbvignette.code.tex' version '6.4.1'
) (/usr/local/texlive/2025/texmf-dist/tex/latex/tcolorbox/tcbposter.code.tex
Library (tcolorbox): 'tcbposter.code.tex' version '6.4.1'
) (/usr/local/texlive/2025/texmf-dist/tex/latex/tcolorbox/tcbminted.code.tex
Library (tcolorbox): 'tcbminted.code.tex' version '6.4.1'
(/usr/local/texlive/2025/texmf-dist/tex/latex/minted/minted.sty
(/usr/local/texlive/2025/texmf-dist/tex/generic/catchfile/catchfile.sty
(/usr/local/texlive/2025/texmf-dist/tex/generic/etexcmds/etexcmds.sty))
(/usr/local/texlive/2025/texmf-dist/tex/latex/fvextra/fvextra.sty
(/usr/local/texlive/2025/texmf-dist/tex/latex/fancyvrb/fancyvrb.sty)
(/usr/local/texlive/2025/texmf-dist/tex/latex/upquote/upquote.sty
(/usr/local/texlive/2025/texmf-dist/tex/latex/base/textcomp.sty))
(/usr/local/texlive/2025/texmf-dist/tex/latex/lineno/lineno.sty
(/usr/local/texlive/2025/texmf-dist/tex/latex/kvoptions/kvoptions.sty
(/usr/local/texlive/2025/texmf-dist/tex/latex/kvsetkeys/kvsetkeys.sty))

LaTeX Warning: Command \@parboxrestore  has changed.
               Check if current package is valid.

)

Package fvextra Warning: csquotes should be loaded after fvextra, to avoid a wa
rning from the lineno package on input line 37.

) (/usr/local/texlive/2025/texmf-dist/tex/latex/latex2pydata/latex2pydata.sty)
(/usr/local/texlive/2025/texmf-dist/tex/latex/pgfopts/pgfopts.sty)
(/usr/local/texlive/2025/texmf-dist/tex/latex/tools/shellesc.sty))))
(/usr/local/texlive/2025/texmf-dist/tex/latex/fontawesome5/fontawesome5.sty
(/usr/local/texlive/2025/texmf-dist/tex/latex/fontawesome5/fontawesome5-utex-he
lper.sty
(/usr/local/texlive/2025/texmf-dist/tex/luatex/luatexbase/luatexbase.sty
(/usr/local/texlive/2025/texmf-dist/tex/luatex/ctablestack/ctablestack.sty))
(/usr/local/texlive/2025/texmf-dist/tex/latex/fontawesome5/tufontawesomefree.fd
)
(/usr/local/texlive/2025/texmf-dist/tex/latex/fontawesome5/tufontawesomebrands.
fd))) (/usr/local/texlive/2025/texmf-dist/tex/latex/titlesec/titlesec.sty)
(/usr/local/texlive/2025/texmf-dist/tex/latex/fancyhdr/fancyhdr.sty)
(/usr/local/texlive/2025/texmf-dist/tex/latex/titlesec/titletoc.sty)
(/usr/local/texlive/2025/texmf-dist/tex/latex/biblatex/biblatex.sty
(/usr/local/texlive/2025/texmf-dist/tex/latex/logreq/logreq.sty
(/usr/local/texlive/2025/texmf-dist/tex/latex/logreq/logreq.def))
(/usr/local/texlive/2025/texmf-dist/tex/latex/url/url.sty)
(/usr/local/texlive/2025/texmf-dist/tex/latex/biblatex/blx-dm.def)
(/usr/local/texlive/2025/texmf-dist/tex/latex/biblatex-apa/apa.dbx)
(/usr/local/texlive/2025/texmf-dist/tex/latex/biblatex/blx-unicode.def)
(/usr/local/texlive/2025/texmf-dist/tex/latex/biblatex/blx-compat.def)
(/usr/local/texlive/2025/texmf-dist/tex/latex/biblatex/biblatex.def)
(/usr/local/texlive/2025/texmf-dist/tex/latex/biblatex-apa/apa.bbx
(/usr/local/texlive/2025/texmf-dist/tex/latex/biblatex/bbx/standard.bbx))
(/usr/local/texlive/2025/texmf-dist/tex/latex/biblatex-apa/apa.cbx)
(/usr/local/texlive/2025/texmf-dist/tex/latex/biblatex/biblatex.cfg)
(/usr/local/texlive/2025/texmf-dist/tex/latex/biblatex/blx-case-expl3.sty))
(/usr/local/texlive/2025/texmf-dist/tex/latex/hyperref/hyperref.sty
(/usr/local/texlive/2025/texmf-dist/tex/generic/kvdefinekeys/kvdefinekeys.sty)
(/usr/local/texlive/2025/texmf-dist/tex/generic/pdfescape/pdfescape.sty)
(/usr/local/texlive/2025/texmf-dist/tex/latex/hycolor/hycolor.sty)
(/usr/local/texlive/2025/texmf-dist/tex/latex/hyperref/nameref.sty
(/usr/local/texlive/2025/texmf-dist/tex/latex/refcount/refcount.sty)
(/usr/local/texlive/2025/texmf-dist/tex/generic/gettitlestring/gettitlestring.s
ty)) (/usr/local/texlive/2025/texmf-dist/tex/generic/stringenc/stringenc.sty)
(/usr/local/texlive/2025/texmf-dist/tex/latex/hyperref/pd1enc.def)
(/usr/local/texlive/2025/texmf-dist/tex/generic/intcalc/intcalc.sty)
(/usr/local/texlive/2025/texmf-dist/tex/latex/hyperref/puenc.def)
(/usr/local/texlive/2025/texmf-dist/tex/generic/bitset/bitset.sty
(/usr/local/texlive/2025/texmf-dist/tex/generic/bigintcalc/bigintcalc.sty))
(/usr/local/texlive/2025/texmf-dist/tex/latex/base/atbegshi-ltx.sty))
(/usr/local/texlive/2025/texmf-dist/tex/latex/hyperref/hluatex.def
(/usr/local/texlive/2025/texmf-dist/tex/latex/base/atveryend-ltx.sty)
(/usr/local/texlive/2025/texmf-dist/tex/latex/rerunfilecheck/rerunfilecheck.sty

(/usr/local/texlive/2025/texmf-dist/tex/generic/uniquecounter/uniquecounter.sty
))) (/usr/local/texlive/2025/texmf-dist/tex/latex/bookmark/bookmark.sty
(/usr/local/texlive/2025/texmf-dist/tex/latex/bookmark/bkm-pdftex.def))
(/usr/local/texlive/2025/texmf-dist/tex/latex/cleveref/cleveref.sty))
(./build/cap08/cap08.aux)
*geometry* driver: auto-detecting
*geometry* detected driver: luatex

Package unicode-math Warning: Using \overbracket and \underbracket from
(unicode-math)                `mathtools' package.
(unicode-math)                 
(unicode-math)                 Use \Uoverbracket and \Uunderbracket for
(unicode-math)                original `unicode-math' definition.


Package unicode-math Warning: I'm going to overwrite the following commands
(unicode-math)                from the `mathtools' package: 
(unicode-math)                 
(unicode-math)                     \dblcolon, \coloneqq, \Coloneqq, \eqqcolon.
(unicode-math)                
(unicode-math)                 
(unicode-math)                 Note that since I won't overwrite the other
(unicode-math)                colon-like commands, using them will lead to
(unicode-math)                inconsistencies.

(/usr/local/texlive/2025/texmf-dist/tex/context/base/mkii/supp-pdf.mkii
[Loading MPS to PDF converter (version 2006.09.02).]
) (/usr/local/texlive/2025/texmf-dist/tex/latex/epstopdf-pkg/epstopdf-base.sty
(/usr/local/texlive/2025/texmf-dist/tex/latex/latexconfig/epstopdf-sys.cfg))
Package pgfplots notification 'compat/show suggested version=true': document ha
s been generated with the most recent feature set (\pgfplotsset{compat=1.18}).


(/usr/local/texlive/2025/texmf-dist/tex/latex/translations/translations-basic-d
ictionary-spanish.trsl)
(/usr/local/texlive/2025/texmf-dist/tex/latex/pdflscape/pdflscape.sty
(/usr/local/texlive/2025/texmf-dist/tex/latex/pdflscape/pdflscape-nometadata.st
y (/usr/local/texlive/2025/texmf-dist/tex/latex/graphics/lscape.sty)))
(/usr/local/texlive/2025/texmf-dist/tex/latex/biblatex-apa/spanish-apa.lbx
(/usr/local/texlive/2025/texmf-dist/tex/latex/biblatex/lbx/spanish.lbx)
(/usr/local/texlive/2025/texmf-dist/tex/latex/biblatex/lbx/spanish.lbx))
(./build/cap08/cap08.bbl) (./capitulos/cap08.tex
Capítulo 8.
(/usr/local/texlive/2025/texmf-dist/tex/latex/microtype/mt-msa.cfg)
(/usr/local/texlive/2025/texmf-dist/tex/latex/microtype/mt-msb.cfg)
[1{/usr/local/texlive/2025/texmf-var/fonts/map/pdftex/updmap/pdftex.map}]

LaTeX Warning: Reference `cap:06' on page 1 undefined on input line 18.

(/usr/local/texlive/2025/texmf-dist/tex/latex/microtype/mt-TU-empty.cfg)
Underfull \vbox (badness 10000) has occurred while \output is active
[2]
Underfull \vbox (badness 10000) has occurred while \output is active
[3]

LaTeX Warning: Reference `cap:06' on page 1 undefined on input line 102.


Underfull \vbox (badness 10000) has occurred while \output is active
[4]

LaTeX Warning: Reference `cap:06' on page 1 undefined on input line 117.


[5]

LaTeX Warning: Reference `cap:06' on page 1 undefined on input line 139.


Underfull \vbox (badness 10000) has occurred while \output is active
[6]
Underfull \vbox (badness 10000) has occurred while \output is active
[7]
Underfull \vbox (badness 5260) has occurred while \output is active
[8] (./figuras/cap08/espectro_param.tex)
Overfull \hbox (0.56628pt too wide) in paragraph at lines 230--232
[]\TU/LibertinusSerif(0)/m/n/10.95 To-ma-mos el con-jun-to si-mu-la-do de la []
fi-gu-ra 󰂿.󰀫[]. El con-teo pro-du-ce $\TU/LibertinusMath-Regular.otf(1)/m
/n/10.95 34 666 580$

[9]
Underfull \vbox (badness 2608) has occurred while \output is active
[10] (./build/cap08/_3DC22A645D3D7C1CAA2118D8CE4FE99E.config.minted)
(./build/cap08/_minted/friendly.style.minted)
(./build/cap08/_minted/06EBC989D44C16E14935369CB2A7BDDF.highlight.minted)
Underfull \vbox (badness 3364) has occurred while \output is active
[11] (./build/cap08/_minted/monokai.style.minted)
(./build/cap08/_minted/C7BF51C34C1D17AC235767DFDFBE054A.highlight.minted)
Underfull \vbox (badness 10000) has occurred while \output is active
[12]
Underfull \vbox (badness 10000) has occurred while \output is active
[13]
[14]
Underfull \vbox (badness 1867) has occurred while \output is active
[15]
Underfull \vbox (badness 10000) has occurred while \output is active
[16]
[17] (./build/cap08/_minted/0B136EBBE856FA18681B411C7B2709D4.highlight.minted)
[18]
[19]
Underfull \vbox (badness 4608) has occurred while \output is active
[20]

LaTeX Warning: Reference `cap:06' on page 1 undefined on input line 612.


[21]

LaTeX Warning: Reference `cap:06' on page 1 undefined on input line 623.


LaTeX Warning: Reference `cap:06' on page 1 undefined on input line 626.


Underfull \vbox (badness 1939) has occurred while \output is active
[22]

LaTeX Warning: Reference `cap:06' on page 1 undefined on input line 644.


LaTeX Warning: Reference `cap:06' on page 1 undefined on input line 656.


[23] (./build/cap08/_minted/55DF049BBCB2094B6ECBBE9120C913A5.highlight.minted)
Underfull \vbox (badness 10000) has occurred while \output is active
[24]
[25]
[26]
[27] (./build/cap08/_minted/8373D8280EF6E0FDA1282451D6DD2E19.highlight.minted)
NOTE: coordinate (97,0.00) has been dropped because it is unbounded (in y). (se
e also unbounded coords=jump). 
NOTE: coordinate (98,0.00) has been dropped because it is unbounded (in y). (se
e also unbounded coords=jump). 
NOTE: coordinate (99,0.00) has been dropped because it is unbounded (in y). (se
e also unbounded coords=jump). 
NOTE: coordinate (100,0.00) has been dropped because it is unbounded (in y). (s
ee also unbounded coords=jump). 

[28]
[29] (./build/cap08/_minted/E62348A378A97A2F12CB819085F7C837.highlight.minted)
[30]
[31]

LaTeX Warning: Reference `cap:06' on page 1 undefined on input line 927.


[32]

LaTeX Warning: Reference `cap:02' on page 1 undefined on input line 946.


[33]
[34]
Underfull \vbox (badness 10000) has occurred while \output is active
[35]

LaTeX Warning: Reference `cap:03' on page 1 undefined on input line 1035.


Underfull \vbox (badness 10000) has occurred while \output is active
[36]
[37]

LaTeX Warning: Reference `cap:03' on page 1 undefined on input line 1126.


[38]
[39] (./build/cap08/_minted/FC62CED28D65188DD12D52BF1D4095DD.highlight.minted)
[40] (./build/cap08/_minted/944AD14B094454790B6A2FDFBC47EA8D.highlight.minted)
[41]
Overfull \hbox (0.11537pt too wide) in paragraph at lines 1175--1176
 \TU/SourceSansPro(0)/m/n/12 HMM. En eu-ca-rio-tas, en-mas-ca-rar re-pe-ti-cio-
nes y aña-dir evi-den- 

Underfull \vbox (badness 10000) has occurred while \output is active
[42]
[43]
[44]
[45])
[46] (./build/cap08/cap08.aux)

LaTeX Warning: There were undefined references.

)
(see the transcript file for additional information)
 1895 words of node memory still in use:
   31 hlist, 2 vlist, 14 rule, 4 glue, 4 kern, 1 glyph, 206 attribute, 81 glue_
spec, 141 attribute_list, 2 write, 24 pdf_literal, 13 pdf_action, 24 pdf_colors
tack nodes
   avail lists: 1:13,2:9060,3:4142,4:830,5:711,6:82,7:8273,8:78,9:1521,10:32,11
:982
</usr/local/texlive/2025/texmf-dist/fonts/opentype/public/fira/FiraMono-Oblique
.otf></usr/local/texlive/2025/texmf-dist/fonts/opentype/public/libertinus-fonts
/LibertinusMath-Regular.otf></usr/local/texlive/2025/texmf-dist/fonts/opentype/
adobe/sourcesanspro/SourceSansPro-SemiboldIt.otf></usr/local/texlive/2025/texmf
-dist/fonts/opentype/adobe/sourcesanspro/SourceSansPro-RegularIt.otf></usr/loca
l/texlive/2025/texmf-dist/fonts/opentype/public/fira/FiraMono-Medium.otf></usr/
local/texlive/2025/texmf-dist/fonts/opentype/public/fira/FiraMono-Regular.otf><
/usr/local/texlive/2025/texmf-dist/fonts/opentype/public/libertinus-fonts/Liber
tinusSerif-Regular.otf></usr/local/texlive/2025/texmf-dist/fonts/opentype/publi
c/libertinus-fonts/LibertinusMath-Regular.otf></usr/local/texlive/2025/texmf-di
st/fonts/opentype/public/fontawesome5/FontAwesome5Brands-Regular-400.otf></usr/
local/texlive/2025/texmf-dist/fonts/opentype/public/fontawesome5/FontAwesome5Fr
ee-Solid-900.otf></usr/local/texlive/2025/texmf-dist/fonts/opentype/adobe/sourc
esanspro/SourceSansPro-Black.otf></usr/local/texlive/2025/texmf-dist/fonts/open
type/public/libertinus-fonts/LibertinusSerif-Semibold.otf></usr/local/texlive/2
025/texmf-dist/fonts/opentype/public/libertinus-fonts/LibertinusSerif-Regular.o
tf></usr/local/texlive/2025/texmf-dist/fonts/opentype/public/libertinus-fonts/L
ibertinusMath-Regular.otf></usr/local/texlive/2025/texmf-dist/fonts/opentype/ad
obe/sourcesanspro/SourceSansPro-Regular.otf></usr/local/texlive/2025/texmf-dist
/fonts/opentype/public/libertinus-fonts/LibertinusSerif-Italic.otf></usr/local/
texlive/2025/texmf-dist/fonts/opentype/adobe/sourcesanspro/SourceSansPro-Light.
otf></usr/local/texlive/2025/texmf-dist/fonts/opentype/adobe/sourcesanspro/Sour
ceSansPro-Semibold.otf></usr/local/texlive/2025/texmf-dist/fonts/opentype/adobe
/sourcesanspro/SourceSansPro-ExtraLight.otf></usr/local/texlive/2025/texmf-dist
/fonts/type1/public/amsfonts/symbols/msam10.pfb>
Output written on cap08.pdf (46 pages, 352483 bytes).
Transcript written on cap08.log.
Latexmk: Getting log file 'build/cap08/cap08.log'
Latexmk: Examining 'build/cap08/cap08.fls'
Latexmk: Examining 'build/cap08/cap08.log'
Latexmk: Found input bbl file 'build/cap08/cap08.bbl'
Latexmk: Log file says output to 'cap08.pdf'
Latexmk: Bibliography file(s) from .bcf file:
  bib/cap08.bib
Latexmk: Summary of warnings from last run of *latex:
  Latex failed to resolve 13 reference(s)
Latexmk: ====Undefined refs and citations with line #s in .tex file:
  Reference `cap:06' on page 1 undefined on input line 18
  Reference `cap:06' on page 1 undefined on input line 102
  Reference `cap:06' on page 1 undefined on input line 117
  Reference `cap:06' on page 1 undefined on input line 139
  Reference `cap:06' on page 1 undefined on input line 612
  Reference `cap:06' on page 1 undefined on input line 623
  Reference `cap:06' on page 1 undefined on input line 626
 And 6 more --- see log file 'build/cap08/cap08.log'
Latexmk: All targets (build/cap08/cap08.pdf) are up-to-date

