Rc files read:
  NONE
Latexmk: This is Latexmk, John Collins, 27 Dec. 2024. Version 4.86a.
Latexmk: applying rule 'lualatex'...
Rule 'lualatex':  Reasons for rerun
Changed files or newly in use/created:
  capitulos/cap00.tex
Category 'changed_user':
  capitulos/cap00.tex

------------
Run number 1 of rule 'lualatex'
------------
------------
Running 'lualatex  -shell-escape -interaction=nonstopmode -halt-on-error -recorder -output-directory="build/cap00"  "build/cap00/cap00.tex"'
------------
This is LuaHBTeX, Version 1.21.0 (TeX Live 2025) 
 system commands enabled.
(./build/cap00/cap00.tex
LaTeX2e <2024-11-01> patch level 2
L3 programming layer <2025-01-18>
 (/usr/local/texlive/2025/texmf-dist/tex/latex/base/book.cls
Document Class: book 2024/06/29 v1.4n Standard LaTeX document class
(/usr/local/texlive/2025/texmf-dist/tex/latex/base/bk11.clo))
(./estilo/bioinfo.sty

LaTeX Warning: You have requested package `estilo/bioinfo',
               but the package provides `bioinfo'.

(/usr/local/texlive/2025/texmf-dist/tex/latex/geometry/geometry.sty
(/usr/local/texlive/2025/texmf-dist/tex/latex/graphics/keyval.sty)
(/usr/local/texlive/2025/texmf-dist/tex/generic/iftex/ifvtex.sty
(/usr/local/texlive/2025/texmf-dist/tex/generic/iftex/iftex.sty)))
(/usr/local/texlive/2025/texmf-dist/tex/generic/babel/babel.sty
(/usr/local/texlive/2025/texmf-dist/tex/generic/babel/luababel.def)
(/usr/local/texlive/2025/texmf-dist/tex/generic/babel/luababel.def)
(/usr/local/texlive/2025/texmf-dist/tex/generic/babel-spanish/spanish.ldf
(/usr/local/texlive/2025/texmf-dist/tex/generic/hyph-utf8/loadhyph/loadhyph-es.
tex UTF-8 Spanish hyphenation patterns
(/usr/local/texlive/2025/texmf-dist/tex/generic/hyph-utf8/patterns/tex/hyph-es.
tex))))
(/usr/local/texlive/2025/texmf-dist/tex/generic/babel/locale/es/babel-spanish.t
ex) (/usr/local/texlive/2025/texmf-dist/tex/latex/amsmath/amsmath.sty
For additional information on amsmath, use the `?' option.
(/usr/local/texlive/2025/texmf-dist/tex/latex/amsmath/amstext.sty
(/usr/local/texlive/2025/texmf-dist/tex/latex/amsmath/amsgen.sty))
(/usr/local/texlive/2025/texmf-dist/tex/latex/amsmath/amsbsy.sty)
(/usr/local/texlive/2025/texmf-dist/tex/latex/amsmath/amsopn.sty))
(/usr/local/texlive/2025/texmf-dist/tex/latex/amsfonts/amssymb.sty
(/usr/local/texlive/2025/texmf-dist/tex/latex/amsfonts/amsfonts.sty))
(/usr/local/texlive/2025/texmf-dist/tex/latex/mathtools/mathtools.sty
(/usr/local/texlive/2025/texmf-dist/tex/latex/tools/calc.sty)
(/usr/local/texlive/2025/texmf-dist/tex/latex/mathtools/mhsetup.sty))
(/usr/local/texlive/2025/texmf-dist/tex/latex/fontspec/fontspec.sty
(/usr/local/texlive/2025/texmf-dist/tex/latex/l3packages/xparse/xparse.sty
(/usr/local/texlive/2025/texmf-dist/tex/latex/l3kernel/expl3.sty
(/usr/local/texlive/2025/texmf-dist/tex/latex/l3backend/l3backend-luatex.def)))
 (/usr/local/texlive/2025/texmf-dist/tex/latex/fontspec/fontspec-luatex.sty
(/usr/local/texlive/2025/texmf-dist/tex/latex/base/fontenc.sty)
(/usr/local/texlive/2025/texmf-dist/tex/latex/fontspec/fontspec.cfg)))
(/usr/local/texlive/2025/texmf-dist/tex/latex/unicode-math/unicode-math.sty
(/usr/local/texlive/2025/texmf-dist/tex/latex/unicode-math/unicode-math-luatex.
sty
(/usr/local/texlive/2025/texmf-dist/tex/latex/l3packages/l3keys2e/l3keys2e.sty)
 (/usr/local/texlive/2025/texmf-dist/tex/latex/base/fix-cm.sty
(/usr/local/texlive/2025/texmf-dist/tex/latex/base/ts1enc.def))
(/usr/local/texlive/2025/texmf-dist/tex/lualatex/lualatex-math/lualatex-math.st
y (/usr/local/texlive/2025/texmf-dist/tex/latex/etoolbox/etoolbox.sty))
(/usr/local/texlive/2025/texmf-dist/tex/latex/unicode-math/unicode-math-table.t
ex))) (/usr/local/texlive/2025/texmf-dist/tex/latex/amsfonts/umsa.fd)
(/usr/local/texlive/2025/texmf-dist/tex/latex/amsfonts/umsb.fd)
(/usr/local/texlive/2025/texmf-dist/tex/latex/microtype/microtype.sty
(/usr/local/texlive/2025/texmf-dist/tex/latex/microtype/microtype-luatex.def)
(/usr/local/texlive/2025/texmf-dist/tex/latex/microtype/microtype.cfg))
(/usr/local/texlive/2025/texmf-dist/tex/latex/csquotes/csquotes.sty
(/usr/local/texlive/2025/texmf-dist/tex/latex/csquotes/csquotes.def)
(/usr/local/texlive/2025/texmf-dist/tex/latex/csquotes/csquotes.cfg))
(/usr/local/texlive/2025/texmf-dist/tex/latex/xcolor/xcolor.sty
(/usr/local/texlive/2025/texmf-dist/tex/latex/graphics-cfg/color.cfg)
(/usr/local/texlive/2025/texmf-dist/tex/latex/graphics-def/luatex.def)
(/usr/local/texlive/2025/texmf-dist/tex/latex/graphics/mathcolor.ltx))
(/usr/local/texlive/2025/texmf-dist/tex/latex/graphics/dvipsnam.def)
(/usr/local/texlive/2025/texmf-dist/tex/latex/colortbl/colortbl.sty
(/usr/local/texlive/2025/texmf-dist/tex/latex/tools/array.sty))
(/usr/local/texlive/2025/texmf-dist/tex/latex/graphics/graphicx.sty
(/usr/local/texlive/2025/texmf-dist/tex/latex/graphics/graphics.sty
(/usr/local/texlive/2025/texmf-dist/tex/latex/graphics/trig.sty)
(/usr/local/texlive/2025/texmf-dist/tex/latex/graphics-cfg/graphics.cfg)))
(/usr/local/texlive/2025/texmf-dist/tex/latex/pgf/frontendlayer/tikz.sty
(/usr/local/texlive/2025/texmf-dist/tex/latex/pgf/basiclayer/pgf.sty
(/usr/local/texlive/2025/texmf-dist/tex/latex/pgf/utilities/pgfrcs.sty
(/usr/local/texlive/2025/texmf-dist/tex/generic/pgf/utilities/pgfutil-common.te
x)
(/usr/local/texlive/2025/texmf-dist/tex/generic/pgf/utilities/pgfutil-latex.def
) (/usr/local/texlive/2025/texmf-dist/tex/generic/pgf/utilities/pgfrcs.code.tex
(/usr/local/texlive/2025/texmf-dist/tex/generic/pgf/pgf.revision.tex)))
(/usr/local/texlive/2025/texmf-dist/tex/latex/pgf/basiclayer/pgfcore.sty
(/usr/local/texlive/2025/texmf-dist/tex/latex/pgf/systemlayer/pgfsys.sty
(/usr/local/texlive/2025/texmf-dist/tex/generic/pgf/systemlayer/pgfsys.code.tex
(/usr/local/texlive/2025/texmf-dist/tex/generic/pgf/utilities/pgfkeys.code.tex
(/usr/local/texlive/2025/texmf-dist/tex/generic/pgf/utilities/pgfkeyslibraryfil
tered.code.tex))
(/usr/local/texlive/2025/texmf-dist/tex/generic/pgf/systemlayer/pgf.cfg)
(/usr/local/texlive/2025/texmf-dist/tex/generic/pgf/systemlayer/pgfsys-luatex.d
ef
(/usr/local/texlive/2025/texmf-dist/tex/generic/pgf/systemlayer/pgfsys-common-p
df.def)))
(/usr/local/texlive/2025/texmf-dist/tex/generic/pgf/systemlayer/pgfsyssoftpath.
code.tex)
(/usr/local/texlive/2025/texmf-dist/tex/generic/pgf/systemlayer/pgfsysprotocol.
code.tex))
(/usr/local/texlive/2025/texmf-dist/tex/generic/pgf/basiclayer/pgfcore.code.tex
(/usr/local/texlive/2025/texmf-dist/tex/generic/pgf/math/pgfmath.code.tex
(/usr/local/texlive/2025/texmf-dist/tex/generic/pgf/math/pgfmathutil.code.tex)
(/usr/local/texlive/2025/texmf-dist/tex/generic/pgf/math/pgfmathparser.code.tex
)
(/usr/local/texlive/2025/texmf-dist/tex/generic/pgf/math/pgfmathfunctions.code.
tex)
(/usr/local/texlive/2025/texmf-dist/tex/generic/pgf/math/pgfmathfunctions.basic
.code.tex)
(/usr/local/texlive/2025/texmf-dist/tex/generic/pgf/math/pgfmathfunctions.trigo
nometric.code.tex)
(/usr/local/texlive/2025/texmf-dist/tex/generic/pgf/math/pgfmathfunctions.rando
m.code.tex)
(/usr/local/texlive/2025/texmf-dist/tex/generic/pgf/math/pgfmathfunctions.compa
rison.code.tex)
(/usr/local/texlive/2025/texmf-dist/tex/generic/pgf/math/pgfmathfunctions.base.
code.tex)
(/usr/local/texlive/2025/texmf-dist/tex/generic/pgf/math/pgfmathfunctions.round
.code.tex)
(/usr/local/texlive/2025/texmf-dist/tex/generic/pgf/math/pgfmathfunctions.misc.
code.tex)
(/usr/local/texlive/2025/texmf-dist/tex/generic/pgf/math/pgfmathfunctions.integ
erarithmetics.code.tex)
(/usr/local/texlive/2025/texmf-dist/tex/generic/pgf/math/pgfmathcalc.code.tex)
(/usr/local/texlive/2025/texmf-dist/tex/generic/pgf/math/pgfmathfloat.code.tex)
) (/usr/local/texlive/2025/texmf-dist/tex/generic/pgf/math/pgfint.code.tex)
(/usr/local/texlive/2025/texmf-dist/tex/generic/pgf/basiclayer/pgfcorepoints.co
de.tex)
(/usr/local/texlive/2025/texmf-dist/tex/generic/pgf/basiclayer/pgfcorepathconst
ruct.code.tex)
(/usr/local/texlive/2025/texmf-dist/tex/generic/pgf/basiclayer/pgfcorepathusage
.code.tex)
(/usr/local/texlive/2025/texmf-dist/tex/generic/pgf/basiclayer/pgfcorescopes.co
de.tex)
(/usr/local/texlive/2025/texmf-dist/tex/generic/pgf/basiclayer/pgfcoregraphicst
ate.code.tex)
(/usr/local/texlive/2025/texmf-dist/tex/generic/pgf/basiclayer/pgfcoretransform
ations.code.tex)
(/usr/local/texlive/2025/texmf-dist/tex/generic/pgf/basiclayer/pgfcorequick.cod
e.tex)
(/usr/local/texlive/2025/texmf-dist/tex/generic/pgf/basiclayer/pgfcoreobjects.c
ode.tex)
(/usr/local/texlive/2025/texmf-dist/tex/generic/pgf/basiclayer/pgfcorepathproce
ssing.code.tex)
(/usr/local/texlive/2025/texmf-dist/tex/generic/pgf/basiclayer/pgfcorearrows.co
de.tex)
(/usr/local/texlive/2025/texmf-dist/tex/generic/pgf/basiclayer/pgfcoreshade.cod
e.tex)
(/usr/local/texlive/2025/texmf-dist/tex/generic/pgf/basiclayer/pgfcoreimage.cod
e.tex)
(/usr/local/texlive/2025/texmf-dist/tex/generic/pgf/basiclayer/pgfcoreexternal.
code.tex)
(/usr/local/texlive/2025/texmf-dist/tex/generic/pgf/basiclayer/pgfcorelayers.co
de.tex)
(/usr/local/texlive/2025/texmf-dist/tex/generic/pgf/basiclayer/pgfcoretranspare
ncy.code.tex)
(/usr/local/texlive/2025/texmf-dist/tex/generic/pgf/basiclayer/pgfcorepatterns.
code.tex)
(/usr/local/texlive/2025/texmf-dist/tex/generic/pgf/basiclayer/pgfcorerdf.code.
tex)))
(/usr/local/texlive/2025/texmf-dist/tex/generic/pgf/modules/pgfmoduleshapes.cod
e.tex)
(/usr/local/texlive/2025/texmf-dist/tex/generic/pgf/modules/pgfmoduleplot.code.
tex)
(/usr/local/texlive/2025/texmf-dist/tex/latex/pgf/compatibility/pgfcomp-version
-0-65.sty)
(/usr/local/texlive/2025/texmf-dist/tex/latex/pgf/compatibility/pgfcomp-version
-1-18.sty))
(/usr/local/texlive/2025/texmf-dist/tex/latex/pgf/utilities/pgffor.sty
(/usr/local/texlive/2025/texmf-dist/tex/latex/pgf/utilities/pgfkeys.sty
(/usr/local/texlive/2025/texmf-dist/tex/generic/pgf/utilities/pgfkeys.code.tex)
) (/usr/local/texlive/2025/texmf-dist/tex/latex/pgf/math/pgfmath.sty
(/usr/local/texlive/2025/texmf-dist/tex/generic/pgf/math/pgfmath.code.tex))
(/usr/local/texlive/2025/texmf-dist/tex/generic/pgf/utilities/pgffor.code.tex))

(/usr/local/texlive/2025/texmf-dist/tex/generic/pgf/frontendlayer/tikz/tikz.cod
e.tex
(/usr/local/texlive/2025/texmf-dist/tex/generic/pgf/libraries/pgflibraryplothan
dlers.code.tex)
(/usr/local/texlive/2025/texmf-dist/tex/generic/pgf/modules/pgfmodulematrix.cod
e.tex)
(/usr/local/texlive/2025/texmf-dist/tex/generic/pgf/frontendlayer/tikz/librarie
s/tikzlibrarytopaths.code.tex)))
(/usr/local/texlive/2025/texmf-dist/tex/generic/pgf/libraries/pgflibraryarrows.
meta.code.tex)
(/usr/local/texlive/2025/texmf-dist/tex/generic/pgf/frontendlayer/tikz/librarie
s/tikzlibrarypositioning.code.tex)
(/usr/local/texlive/2025/texmf-dist/tex/generic/pgf/frontendlayer/tikz/librarie
s/tikzlibrarycalc.code.tex)
(/usr/local/texlive/2025/texmf-dist/tex/generic/pgf/frontendlayer/tikz/librarie
s/tikzlibraryfit.code.tex)
(/usr/local/texlive/2025/texmf-dist/tex/generic/pgf/frontendlayer/tikz/librarie
s/tikzlibrarybackgrounds.code.tex)
(/usr/local/texlive/2025/texmf-dist/tex/generic/pgf/frontendlayer/tikz/librarie
s/tikzlibraryshapes.code.tex
(/usr/local/texlive/2025/texmf-dist/tex/generic/pgf/frontendlayer/tikz/librarie
s/tikzlibraryshapes.geometric.code.tex
(/usr/local/texlive/2025/texmf-dist/tex/generic/pgf/libraries/shapes/pgflibrary
shapes.geometric.code.tex))
(/usr/local/texlive/2025/texmf-dist/tex/generic/pgf/frontendlayer/tikz/librarie
s/tikzlibraryshapes.misc.code.tex
(/usr/local/texlive/2025/texmf-dist/tex/generic/pgf/libraries/shapes/pgflibrary
shapes.misc.code.tex))
(/usr/local/texlive/2025/texmf-dist/tex/generic/pgf/frontendlayer/tikz/librarie
s/tikzlibraryshapes.symbols.code.tex
(/usr/local/texlive/2025/texmf-dist/tex/generic/pgf/libraries/shapes/pgflibrary
shapes.symbols.code.tex))
(/usr/local/texlive/2025/texmf-dist/tex/generic/pgf/frontendlayer/tikz/librarie
s/tikzlibraryshapes.arrows.code.tex
(/usr/local/texlive/2025/texmf-dist/tex/generic/pgf/libraries/shapes/pgflibrary
shapes.arrows.code.tex))
(/usr/local/texlive/2025/texmf-dist/tex/generic/pgf/frontendlayer/tikz/librarie
s/tikzlibraryshapes.callouts.code.tex
(/usr/local/texlive/2025/texmf-dist/tex/generic/pgf/libraries/shapes/pgflibrary
shapes.callouts.code.tex))
(/usr/local/texlive/2025/texmf-dist/tex/generic/pgf/frontendlayer/tikz/librarie
s/tikzlibraryshapes.multipart.code.tex
(/usr/local/texlive/2025/texmf-dist/tex/generic/pgf/libraries/shapes/pgflibrary
shapes.multipart.code.tex)))
(/usr/local/texlive/2025/texmf-dist/tex/generic/pgf/frontendlayer/tikz/librarie
s/tikzlibrarydecorations.pathreplacing.code.tex
(/usr/local/texlive/2025/texmf-dist/tex/generic/pgf/frontendlayer/tikz/librarie
s/tikzlibrarydecorations.code.tex
(/usr/local/texlive/2025/texmf-dist/tex/generic/pgf/modules/pgfmoduledecoration
s.code.tex))
(/usr/local/texlive/2025/texmf-dist/tex/generic/pgf/libraries/decorations/pgfli
brarydecorations.pathreplacing.code.tex))
(/usr/local/texlive/2025/texmf-dist/tex/generic/pgf/frontendlayer/tikz/librarie
s/tikzlibrarydecorations.pathmorphing.code.tex
(/usr/local/texlive/2025/texmf-dist/tex/generic/pgf/libraries/decorations/pgfli
brarydecorations.pathmorphing.code.tex))
(/usr/local/texlive/2025/texmf-dist/tex/generic/pgf/frontendlayer/tikz/librarie
s/tikzlibrarydecorations.text.code.tex
(/usr/local/texlive/2025/texmf-dist/tex/generic/pgf/libraries/decorations/pgfli
brarydecorations.text.code.tex))
(/usr/local/texlive/2025/texmf-dist/tex/generic/pgf/frontendlayer/tikz/librarie
s/tikzlibrarypatterns.code.tex
(/usr/local/texlive/2025/texmf-dist/tex/generic/pgf/libraries/pgflibrarypattern
s.code.tex))
(/usr/local/texlive/2025/texmf-dist/tex/generic/pgf/frontendlayer/tikz/librarie
s/tikzlibraryshadows.code.tex
(/usr/local/texlive/2025/texmf-dist/tex/generic/pgf/frontendlayer/tikz/librarie
s/tikzlibraryfadings.code.tex
(/usr/local/texlive/2025/texmf-dist/tex/generic/pgf/libraries/pgflibraryfadings
.code.tex)))
(/usr/local/texlive/2025/texmf-dist/tex/latex/pgf-blur/tikzlibraryshadows.blur.
code.tex  v1.02, 2012/12/09)
(/usr/local/texlive/2025/texmf-dist/tex/generic/pgf/frontendlayer/tikz/librarie
s/tikzlibrarymatrix.code.tex)
(/usr/local/texlive/2025/texmf-dist/tex/generic/pgf/frontendlayer/tikz/librarie
s/tikzlibrarychains.code.tex)
(/usr/local/texlive/2025/texmf-dist/tex/generic/pgf/frontendlayer/tikz/librarie
s/tikzlibraryintersections.code.tex
(/usr/local/texlive/2025/texmf-dist/tex/generic/pgf/libraries/pgflibraryinterse
ctions.code.tex
(/usr/local/texlive/2025/texmf-dist/tex/generic/pgf/libraries/pgflibraryfpu.cod
e.tex)))
(/usr/local/texlive/2025/texmf-dist/tex/generic/pgf/frontendlayer/tikz/librarie
s/tikzlibrarytrees.code.tex)
(/usr/local/texlive/2025/texmf-dist/tex/generic/pgf/frontendlayer/tikz/librarie
s/graphs/tikzlibrarygraphs.code.tex)
(/usr/local/texlive/2025/texmf-dist/tex/generic/pgf/frontendlayer/tikz/librarie
s/tikzlibraryquotes.code.tex)
(/usr/local/texlive/2025/texmf-dist/tex/generic/pgf/frontendlayer/tikz/librarie
s/tikzlibraryspy.code.tex)
(/usr/local/texlive/2025/texmf-dist/tex/generic/pgf/frontendlayer/tikz/librarie
s/tikzlibrarybending.code.tex
(/usr/local/texlive/2025/texmf-dist/tex/generic/pgf/modules/pgfmodulebending.co
de.tex
(/usr/local/texlive/2025/texmf-dist/tex/generic/pgf/modules/pgfmodulenonlineart
ransformations.code.tex)
(/usr/local/texlive/2025/texmf-dist/tex/generic/pgf/libraries/pgflibrarycurvili
near.code.tex)))
(/usr/local/texlive/2025/texmf-dist/tex/generic/pgf/frontendlayer/tikz/librarie
s/tikzlibrarymath.code.tex
(/usr/local/texlive/2025/texmf-dist/tex/generic/pgf/frontendlayer/tikz/librarie
s/tikzlibraryfpu.code.tex))
(/usr/local/texlive/2025/texmf-dist/tex/latex/pgfplots/pgfplots.sty
(/usr/local/texlive/2025/texmf-dist/tex/generic/pgfplots/pgfplots.revision.tex)
(/usr/local/texlive/2025/texmf-dist/tex/generic/pgfplots/pgfplots.code.tex
(/usr/local/texlive/2025/texmf-dist/tex/generic/pgfplots/pgfplotscore.code.tex
(/usr/local/texlive/2025/texmf-dist/tex/generic/pgfplots/sys/pgfplotssysgeneric
.code.tex))
(/usr/local/texlive/2025/texmf-dist/tex/generic/pgfplots/libs/pgfplotslibrary.c
ode.tex)
(/usr/local/texlive/2025/texmf-dist/tex/generic/pgfplots/oldpgfcompatib/pgfplot
soldpgfsupp_loader.code.tex
Package pgfplots: loading complementary utilities for your pgf version...

(/usr/local/texlive/2025/texmf-dist/tex/generic/pgfplots/oldpgfcompatib/pgfplot
soldpgfsupp_pgfutil-common-lists.tex)
(/usr/local/texlive/2025/texmf-dist/tex/generic/pgf/libraries/luamath/pgflibrar
yluamath.code.tex))
(/usr/local/texlive/2025/texmf-dist/tex/generic/pgfplots/util/pgfplotsutil.code
.tex
(/usr/local/texlive/2025/texmf-dist/tex/generic/pgfplots/liststructure/pgfplots
liststructure.code.tex)
(/usr/local/texlive/2025/texmf-dist/tex/generic/pgfplots/liststructure/pgfplots
liststructureext.code.tex)
(/usr/local/texlive/2025/texmf-dist/tex/generic/pgfplots/liststructure/pgfplots
array.code.tex)
(/usr/local/texlive/2025/texmf-dist/tex/generic/pgfplots/liststructure/pgfplots
matrix.code.tex)
(/usr/local/texlive/2025/texmf-dist/tex/generic/pgfplots/numtable/pgfplotstable
shared.code.tex)
(/usr/local/texlive/2025/texmf-dist/tex/generic/pgfplots/liststructure/pgfplots
deque.code.tex)
(/usr/local/texlive/2025/texmf-dist/tex/generic/pgfplots/util/pgfplotsbinary.co
de.tex
(/usr/local/texlive/2025/texmf-dist/tex/generic/pgfplots/util/pgfplotsbinary.da
ta.code.tex))
(/usr/local/texlive/2025/texmf-dist/tex/generic/pgfplots/util/pgfplotsutil.verb
.code.tex)
(/usr/local/texlive/2025/texmf-dist/tex/generic/pgfplots/libs/pgflibrarypgfplot
s.surfshading.code.tex
(/usr/local/texlive/2025/texmf-dist/tex/generic/pgfplots/sys/pgflibrarypgfplots
.surfshading.pgfsys-luatex.def)))
(/usr/local/texlive/2025/texmf-dist/tex/generic/pgfplots/util/pgfplotscolormap.
code.tex
(/usr/local/texlive/2025/texmf-dist/tex/generic/pgfplots/util/pgfplotscolor.cod
e.tex))
(/usr/local/texlive/2025/texmf-dist/tex/generic/pgfplots/pgfplotsstackedplots.c
ode.tex)
(/usr/local/texlive/2025/texmf-dist/tex/generic/pgfplots/pgfplotsplothandlers.c
ode.tex
(/usr/local/texlive/2025/texmf-dist/tex/generic/pgfplots/pgfplotsmeshplothandle
r.code.tex
(/usr/local/texlive/2025/texmf-dist/tex/generic/pgfplots/pgfplotsmeshplotimage.
code.tex)))
(/usr/local/texlive/2025/texmf-dist/tex/generic/pgfplots/pgfplots.scaling.code.
tex)
(/usr/local/texlive/2025/texmf-dist/tex/generic/pgfplots/pgfplotscoordprocessin
g.code.tex)
(/usr/local/texlive/2025/texmf-dist/tex/generic/pgfplots/pgfplots.errorbars.cod
e.tex)
(/usr/local/texlive/2025/texmf-dist/tex/generic/pgfplots/pgfplots.markers.code.
tex)
(/usr/local/texlive/2025/texmf-dist/tex/generic/pgfplots/pgfplotsticks.code.tex
)
(/usr/local/texlive/2025/texmf-dist/tex/generic/pgfplots/pgfplots.paths.code.te
x)
(/usr/local/texlive/2025/texmf-dist/tex/generic/pgfplots/libs/tikzlibrarypgfplo
ts.contourlua.code.tex))
(/usr/local/texlive/2025/texmf-dist/tex/generic/pgf/frontendlayer/tikz/librarie
s/tikzlibraryplotmarks.code.tex
(/usr/local/texlive/2025/texmf-dist/tex/generic/pgf/libraries/pgflibraryplotmar
ks.code.tex)))
(/usr/local/texlive/2025/texmf-dist/tex/generic/pgfplots/libs/tikzlibrarypgfplo
ts.fillbetween.code.tex
(/usr/local/texlive/2025/texmf-dist/tex/generic/pgfplots/pgfcontrib/tikzlibrary
fillbetween.code.tex
(/usr/local/texlive/2025/texmf-dist/tex/generic/pgfplots/pgfcontrib/tikzlibrary
decorations.softclip.code.tex
(/usr/local/texlive/2025/texmf-dist/tex/generic/pgfplots/pgfcontrib/pgflibraryf
illbetween.code.tex)))
(/usr/local/texlive/2025/texmf-dist/tex/generic/pgfplots/libs/tikzlibrarypgfplo
ts.decorations.softclip.code.tex))
(/usr/local/texlive/2025/texmf-dist/tex/generic/pgfplots/libs/tikzlibrarypgfplo
ts.groupplots.code.tex)
(/usr/local/texlive/2025/texmf-dist/tex/generic/pgfplots/libs/tikzlibrarypgfplo
ts.colormaps.code.tex)
(/usr/local/texlive/2025/texmf-dist/tex/generic/pgfplots/libs/tikzlibrarypgfplo
ts.statistics.code.tex)
(/usr/local/texlive/2025/texmf-dist/tex/latex/booktabs/booktabs.sty)
(/usr/local/texlive/2025/texmf-dist/tex/latex/tools/tabularx.sty)
(/usr/local/texlive/2025/texmf-dist/tex/latex/multirow/multirow.sty)
(/usr/local/texlive/2025/texmf-dist/tex/latex/tools/longtable.sty)
(/usr/local/texlive/2025/texmf-dist/tex/latex/enumitem/enumitem.sty)
(/usr/local/texlive/2025/texmf-dist/tex/latex/caption/caption.sty
(/usr/local/texlive/2025/texmf-dist/tex/latex/caption/caption3.sty)
(/usr/local/texlive/2025/texmf-dist/tex/latex/caption/ltcaption.sty))
(/usr/local/texlive/2025/texmf-dist/tex/latex/caption/subcaption.sty)
(/usr/local/texlive/2025/texmf-dist/tex/latex/siunitx/siunitx.sty
(/usr/local/texlive/2025/texmf-dist/tex/latex/translations/translations.sty
(/usr/local/texlive/2025/texmf-dist/tex/generic/pdftexcmds/pdftexcmds.sty
(/usr/local/texlive/2025/texmf-dist/tex/generic/infwarerr/infwarerr.sty)
(/usr/local/texlive/2025/texmf-dist/tex/generic/ltxcmds/ltxcmds.sty))))
(/usr/local/texlive/2025/texmf-dist/tex/latex/float/float.sty)
(/usr/local/texlive/2025/texmf-dist/tex/latex/wrapfig/wrapfig.sty)
(/usr/local/texlive/2025/texmf-dist/tex/latex/marginnote/marginnote.sty)
(/usr/local/texlive/2025/texmf-dist/tex/latex/pdfpages/pdfpages.sty
(/usr/local/texlive/2025/texmf-dist/tex/latex/base/ifthen.sty)
(/usr/local/texlive/2025/texmf-dist/tex/latex/eso-pic/eso-pic.sty)
(/usr/local/texlive/2025/texmf-dist/tex/latex/pdfpages/ppluatex.def))
(/usr/local/texlive/2025/texmf-dist/tex/latex/tools/multicol.sty)
(/usr/local/texlive/2025/texmf-dist/tex/latex/tools/afterpage.sty)
(/usr/local/texlive/2025/texmf-dist/tex/latex/lipsum/lipsum.sty
(/usr/local/texlive/2025/texmf-dist/tex/latex/lipsum/lipsum.ltd.tex))
(/usr/local/texlive/2025/texmf-dist/tex/latex/emptypage/emptypage.sty)
(/usr/local/texlive/2025/texmf-dist/tex/latex/tcolorbox/tcolorbox.sty
(/usr/local/texlive/2025/texmf-dist/tex/latex/tools/verbatim.sty)
(/usr/local/texlive/2025/texmf-dist/tex/latex/environ/environ.sty
(/usr/local/texlive/2025/texmf-dist/tex/latex/trimspaces/trimspaces.sty))
(/usr/local/texlive/2025/texmf-dist/tex/latex/tcolorbox/tcbraster.code.tex
Library (tcolorbox): 'tcbraster.code.tex' version '6.4.1'
) (/usr/local/texlive/2025/texmf-dist/tex/latex/tcolorbox/tcbskins.code.tex
Library (tcolorbox): 'tcbskins.code.tex' version '6.4.1'
(/usr/local/texlive/2025/texmf-dist/tex/latex/tikzfill/tikzfill.image.sty
(/usr/local/texlive/2025/texmf-dist/tex/latex/tikzfill/tikzfill-common.sty)
(/usr/local/texlive/2025/texmf-dist/tex/latex/tikzfill/tikzlibraryfill.image.co
de.tex))
(/usr/local/texlive/2025/texmf-dist/tex/latex/tcolorbox/tcbskinsjigsaw.code.tex
Library (tcolorbox): 'tcbskinsjigsaw.code.tex' version '6.4.1'
))
(/usr/local/texlive/2025/texmf-dist/tex/latex/tcolorbox/tcbbreakable.code.tex
Library (tcolorbox): 'tcbbreakable.code.tex' version '6.4.1'
(/usr/local/texlive/2025/texmf-dist/tex/latex/pdfcol/pdfcol.sty)
(/usr/local/texlive/2025/texmf-dist/tex/generic/iftex/ifluatex.sty))
(/usr/local/texlive/2025/texmf-dist/tex/latex/tcolorbox/tcbhooks.code.tex
Library (tcolorbox): 'tcbhooks.code.tex' version '6.4.1'
) (/usr/local/texlive/2025/texmf-dist/tex/latex/tcolorbox/tcbtheorems.code.tex
Library (tcolorbox): 'tcbtheorems.code.tex' version '6.4.1'
) (/usr/local/texlive/2025/texmf-dist/tex/latex/tcolorbox/tcbfitting.code.tex
Library (tcolorbox): 'tcbfitting.code.tex' version '6.4.1'
)
(/usr/local/texlive/2025/texmf-dist/tex/latex/tcolorbox/tcblistingsutf8.code.te
x
Library (tcolorbox): 'tcblistingsutf8.code.tex' version '6.4.1'
(/usr/local/texlive/2025/texmf-dist/tex/latex/tcolorbox/tcblistings.code.tex
Library (tcolorbox): 'tcblistings.code.tex' version '6.4.1'
(/usr/local/texlive/2025/texmf-dist/tex/latex/listings/listings.sty
(/usr/local/texlive/2025/texmf-dist/tex/latex/listings/lstpatch.sty)
(/usr/local/texlive/2025/texmf-dist/tex/latex/listings/lstmisc.sty)
(/usr/local/texlive/2025/texmf-dist/tex/latex/listings/listings.cfg))
(/usr/local/texlive/2025/texmf-dist/tex/latex/tcolorbox/tcblistingscore.code.te
x
Library (tcolorbox): 'tcblistingscore.code.tex' version '6.4.1'
(/usr/local/texlive/2025/texmf-dist/tex/latex/tcolorbox/tcbprocessing.code.tex
Library (tcolorbox): 'tcbprocessing.code.tex' version '6.4.1'
))))
(/usr/local/texlive/2025/texmf-dist/tex/latex/tcolorbox/tcbexternal.code.tex
Library (tcolorbox): 'tcbexternal.code.tex' version '6.4.1'
) (/usr/local/texlive/2025/texmf-dist/tex/latex/tcolorbox/tcbmagazine.code.tex
Library (tcolorbox): 'tcbmagazine.code.tex' version '6.4.1'
) (/usr/local/texlive/2025/texmf-dist/tex/latex/tcolorbox/tcbvignette.code.tex
Library (tcolorbox): 'tcbvignette.code.tex' version '6.4.1'
) (/usr/local/texlive/2025/texmf-dist/tex/latex/tcolorbox/tcbposter.code.tex
Library (tcolorbox): 'tcbposter.code.tex' version '6.4.1'
) (/usr/local/texlive/2025/texmf-dist/tex/latex/tcolorbox/tcbminted.code.tex
Library (tcolorbox): 'tcbminted.code.tex' version '6.4.1'
(/usr/local/texlive/2025/texmf-dist/tex/latex/minted/minted.sty
(/usr/local/texlive/2025/texmf-dist/tex/generic/catchfile/catchfile.sty
(/usr/local/texlive/2025/texmf-dist/tex/generic/etexcmds/etexcmds.sty))
(/usr/local/texlive/2025/texmf-dist/tex/latex/fvextra/fvextra.sty
(/usr/local/texlive/2025/texmf-dist/tex/latex/fancyvrb/fancyvrb.sty)
(/usr/local/texlive/2025/texmf-dist/tex/latex/upquote/upquote.sty
(/usr/local/texlive/2025/texmf-dist/tex/latex/base/textcomp.sty))
(/usr/local/texlive/2025/texmf-dist/tex/latex/lineno/lineno.sty
(/usr/local/texlive/2025/texmf-dist/tex/latex/kvoptions/kvoptions.sty
(/usr/local/texlive/2025/texmf-dist/tex/latex/kvsetkeys/kvsetkeys.sty))

LaTeX Warning: Command \@parboxrestore  has changed.
               Check if current package is valid.

)

Package fvextra Warning: csquotes should be loaded after fvextra, to avoid a wa
rning from the lineno package on input line 37.

) (/usr/local/texlive/2025/texmf-dist/tex/latex/latex2pydata/latex2pydata.sty)
(/usr/local/texlive/2025/texmf-dist/tex/latex/pgfopts/pgfopts.sty)
(/usr/local/texlive/2025/texmf-dist/tex/latex/tools/shellesc.sty))))
(/usr/local/texlive/2025/texmf-dist/tex/latex/fontawesome5/fontawesome5.sty
(/usr/local/texlive/2025/texmf-dist/tex/latex/fontawesome5/fontawesome5-utex-he
lper.sty
(/usr/local/texlive/2025/texmf-dist/tex/luatex/luatexbase/luatexbase.sty
(/usr/local/texlive/2025/texmf-dist/tex/luatex/ctablestack/ctablestack.sty))
(/usr/local/texlive/2025/texmf-dist/tex/latex/fontawesome5/tufontawesomefree.fd
)
(/usr/local/texlive/2025/texmf-dist/tex/latex/fontawesome5/tufontawesomebrands.
fd))) (/usr/local/texlive/2025/texmf-dist/tex/latex/titlesec/titlesec.sty)
(/usr/local/texlive/2025/texmf-dist/tex/latex/fancyhdr/fancyhdr.sty)
(/usr/local/texlive/2025/texmf-dist/tex/latex/titlesec/titletoc.sty)
(/usr/local/texlive/2025/texmf-dist/tex/latex/biblatex/biblatex.sty
(/usr/local/texlive/2025/texmf-dist/tex/latex/logreq/logreq.sty
(/usr/local/texlive/2025/texmf-dist/tex/latex/logreq/logreq.def))
(/usr/local/texlive/2025/texmf-dist/tex/latex/url/url.sty)
(/usr/local/texlive/2025/texmf-dist/tex/latex/biblatex/blx-dm.def)
(/usr/local/texlive/2025/texmf-dist/tex/latex/biblatex-apa/apa.dbx)
(/usr/local/texlive/2025/texmf-dist/tex/latex/biblatex/blx-unicode.def)
(/usr/local/texlive/2025/texmf-dist/tex/latex/biblatex/blx-compat.def)
(/usr/local/texlive/2025/texmf-dist/tex/latex/biblatex/biblatex.def)
(/usr/local/texlive/2025/texmf-dist/tex/latex/biblatex-apa/apa.bbx
(/usr/local/texlive/2025/texmf-dist/tex/latex/biblatex/bbx/standard.bbx))
(/usr/local/texlive/2025/texmf-dist/tex/latex/biblatex-apa/apa.cbx)
(/usr/local/texlive/2025/texmf-dist/tex/latex/biblatex/biblatex.cfg)
(/usr/local/texlive/2025/texmf-dist/tex/latex/biblatex/blx-case-expl3.sty))
(/usr/local/texlive/2025/texmf-dist/tex/latex/hyperref/hyperref.sty
(/usr/local/texlive/2025/texmf-dist/tex/generic/kvdefinekeys/kvdefinekeys.sty)
(/usr/local/texlive/2025/texmf-dist/tex/generic/pdfescape/pdfescape.sty)
(/usr/local/texlive/2025/texmf-dist/tex/latex/hycolor/hycolor.sty)
(/usr/local/texlive/2025/texmf-dist/tex/latex/hyperref/nameref.sty
(/usr/local/texlive/2025/texmf-dist/tex/latex/refcount/refcount.sty)
(/usr/local/texlive/2025/texmf-dist/tex/generic/gettitlestring/gettitlestring.s
ty)) (/usr/local/texlive/2025/texmf-dist/tex/generic/stringenc/stringenc.sty)
(/usr/local/texlive/2025/texmf-dist/tex/latex/hyperref/pd1enc.def)
(/usr/local/texlive/2025/texmf-dist/tex/generic/intcalc/intcalc.sty)
(/usr/local/texlive/2025/texmf-dist/tex/latex/hyperref/puenc.def)
(/usr/local/texlive/2025/texmf-dist/tex/generic/bitset/bitset.sty
(/usr/local/texlive/2025/texmf-dist/tex/generic/bigintcalc/bigintcalc.sty))
(/usr/local/texlive/2025/texmf-dist/tex/latex/base/atbegshi-ltx.sty))
(/usr/local/texlive/2025/texmf-dist/tex/latex/hyperref/hluatex.def
(/usr/local/texlive/2025/texmf-dist/tex/latex/base/atveryend-ltx.sty)
(/usr/local/texlive/2025/texmf-dist/tex/latex/rerunfilecheck/rerunfilecheck.sty

(/usr/local/texlive/2025/texmf-dist/tex/generic/uniquecounter/uniquecounter.sty
))) (/usr/local/texlive/2025/texmf-dist/tex/latex/bookmark/bookmark.sty
(/usr/local/texlive/2025/texmf-dist/tex/latex/bookmark/bkm-pdftex.def))
(/usr/local/texlive/2025/texmf-dist/tex/latex/cleveref/cleveref.sty))
(./build/cap00/cap00.aux)
*geometry* driver: auto-detecting
*geometry* detected driver: luatex

Package unicode-math Warning: Using \overbracket and \underbracket from
(unicode-math)                `mathtools' package.
(unicode-math)                 
(unicode-math)                 Use \Uoverbracket and \Uunderbracket for
(unicode-math)                original `unicode-math' definition.


Package unicode-math Warning: I'm going to overwrite the following commands
(unicode-math)                from the `mathtools' package: 
(unicode-math)                 
(unicode-math)                     \dblcolon, \coloneqq, \Coloneqq, \eqqcolon.
(unicode-math)                
(unicode-math)                 
(unicode-math)                 Note that since I won't overwrite the other
(unicode-math)                colon-like commands, using them will lead to
(unicode-math)                inconsistencies.

(/usr/local/texlive/2025/texmf-dist/tex/context/base/mkii/supp-pdf.mkii
[Loading MPS to PDF converter (version 2006.09.02).]
) (/usr/local/texlive/2025/texmf-dist/tex/latex/epstopdf-pkg/epstopdf-base.sty
(/usr/local/texlive/2025/texmf-dist/tex/latex/latexconfig/epstopdf-sys.cfg))
Package pgfplots notification 'compat/show suggested version=true': document ha
s been generated with the most recent feature set (\pgfplotsset{compat=1.18}).


(/usr/local/texlive/2025/texmf-dist/tex/latex/translations/translations-basic-d
ictionary-spanish.trsl)
(/usr/local/texlive/2025/texmf-dist/tex/latex/pdflscape/pdflscape.sty
(/usr/local/texlive/2025/texmf-dist/tex/latex/pdflscape/pdflscape-nometadata.st
y (/usr/local/texlive/2025/texmf-dist/tex/latex/graphics/lscape.sty)))
(/usr/local/texlive/2025/texmf-dist/tex/latex/biblatex-apa/spanish-apa.lbx
(/usr/local/texlive/2025/texmf-dist/tex/latex/biblatex/lbx/spanish.lbx)
(/usr/local/texlive/2025/texmf-dist/tex/latex/biblatex/lbx/spanish.lbx))
(./build/cap00/cap00.bbl) (./capitulos/cap00.tex
Capítulo 0.
(/usr/local/texlive/2025/texmf-dist/tex/latex/microtype/mt-msa.cfg)
(/usr/local/texlive/2025/texmf-dist/tex/latex/microtype/mt-msb.cfg)
(./build/cap00/_594AD41EEAE52EAAD4ABFF7AC9828328.config.minted)
(./build/cap00/_minted/friendly.style.minted)
(./build/cap00/_minted/1C4C29C6DED06785C42DFF2B61AC01E8.highlight.minted)
(./build/cap00/_minted/410393DEA1CE63A321821B4FB71933E7.highlight.minted)
[1{/usr/local/texlive/2025/texmf-var/fonts/map/pdftex/updmap/pdftex.map}]
(/usr/local/texlive/2025/texmf-dist/tex/latex/microtype/mt-TU-empty.cfg)
[2]
[3] (./build/cap00/_minted/09D206DCA2274E30B7321B532134723C.highlight.minted)
[4] (./build/cap00/_minted/B0235B16BA39A28E1070498885AD4BD8.highlight.minted)
(./build/cap00/_minted/B0235B16BA39A28E1070498885AD4BD8.highlight.minted)
(./build/cap00/_minted/B0235B16BA39A28E1070498885AD4BD8.highlight.minted)
(./build/cap00/_minted/B0235B16BA39A28E1070498885AD4BD8.highlight.minted)
(./build/cap00/_minted/0F7A7129A9AFC0F63302647B4105F3AD.highlight.minted)
(./build/cap00/_minted/8DE920E3C94226F71A2B09701D3EA1AC.highlight.minted)
(./build/cap00/_minted/6BAF64C970B5544AC2CBFBCB92B41955.highlight.minted)
[5]

LaTeX Warning: Reference `cap:03' on page 1 undefined on input line 121.

(./build/cap00/_minted/FC734051F13B5E0904DB00A592BA4A61.highlight.minted)
(./build/cap00/_minted/8B3E3D396A857C51B8C7A11D1FAF54D7.highlight.minted)
(./build/cap00/_minted/D6AECCBE09B8194A03A913917DDFE631.highlight.minted)
(./build/cap00/_minted/758ED8B1D007F419F13B4CEBE007F2D1.highlight.minted)
(./build/cap00/_minted/9539904E828AC5062BA8FEBABA64BC87.highlight.minted)
[6] (./build/cap00/_minted/C69BDEF420965ACC9689D61EC0663F2C.highlight.minted)
(./build/cap00/_minted/0CCA776FDF7DBC699D6DFF2DB0405089.highlight.minted)
(./build/cap00/_minted/F89754A959665FCF10F1540D486C8EDF.highlight.minted)
(./build/cap00/_minted/DFC1FC4FB64A55C840E7630EED9C8062.highlight.minted)

LaTeX Warning: Reference `cap:03' on page 1 undefined on input line 178.


[7] (./build/cap00/_minted/8DE920E3C94226F71A2B09701D3EA1AC.highlight.minted)
(./build/cap00/_minted/A09FC902265BDAB6DA83EB8F881B2483.highlight.minted)
(./build/cap00/_minted/6BAF64C970B5544AC2CBFBCB92B41955.highlight.minted)
Underfull \vbox (badness 10000) has occurred while \output is active
[8] (./build/cap00/_minted/FFC62B07480BB7059DD96216D5B1D331.highlight.minted)
(./build/cap00/_minted/517B0721550CE3F11D8967F5D7C48EB5.highlight.minted)
(./build/cap00/_minted/D05329EEDA2651D6FDE5C803DB93DC54.highlight.minted)
(./build/cap00/_minted/01EE77B102513682133F946E1A4B9227.highlight.minted)
(./build/cap00/_minted/6BAF64C970B5544AC2CBFBCB92B41955.highlight.minted)
[9] (./build/cap00/_minted/62B802147F83A485716DFC2F70DEF256.highlight.minted)
(./build/cap00/_minted/C9CCA593C9416D60B4E9CCC6C241F021.highlight.minted)
(./build/cap00/_minted/7A230E23EAA8880356F8343DC9782B13.highlight.minted)
Overfull \hbox (11.4545pt too wide) in paragraph at lines 230--231
\TU/FiraMono(0)/m/n/10 np[].[]log(np[].[]exp([][][][]1000[]) []+[] np[].[]exp([
][][][]1001[])) \TU/LibertinusSerif(0)/m/n/10.95 de-vuel-ve $\TU/LibertinusMath
-Regular.otf(1)/m/n/10.95 −∞$\TU/LibertinusSerif(0)/m/n/10.95 , mien-tras q
ue la []ecua-ción (󰀙.󰂩)[]

Underfull \vbox (badness 8151) has occurred while \output is active
[10]
[11] (./build/cap00/_minted/E5750A2413EE08CE765C5BF2CF2644CA.highlight.minted)
[12] (./build/cap00/_minted/C399CCC1F80B9C5CE92E5E89CAB567CC.highlight.minted)
(./build/cap00/_minted/A0D6054318D1218156E63FDBD04C2CF3.highlight.minted)
(./build/cap00/_minted/044DF22AE0FBF470BE5A6136404CBAAF.highlight.minted)
Overfull \hbox (28.66144pt too wide) in paragraph at lines 345--346
 [][] 

[13]
[14] (./figuras/cap00/franjas.tex)
Underfull \vbox (badness 10000) has occurred while \output is active
[15] (./build/cap00/_minted/EA848F31BFFD8EE1AE69A7C320AD38EB.highlight.minted)
Underfull \vbox (badness 10000) has occurred while \output is active
[16]
Underfull \hbox (badness 10000) in paragraph at lines 434--434
[]|\TU/LibertinusSerif(0)/m/n/10 Ta-bla de tra-duc-ción; Biopython la guar-da 
en
(./figuras/cap00/codigo_genetico.tex)
Underfull \hbox (badness 3088) in paragraph at lines 441--441
[][][]|\TU/SourceSansPro(0)/m/n/10 El có-di-go ge-né-ti-co es-tán-dar (ta-bl
a 1 del NC-BI), ge-ne-ra-do a par-tir de

[17]
[18] (./figuras/cap00/orfs.tex)
Overfull \hbox (15.90991pt too wide) in paragraph at lines 3819--472
 [][] 
(./build/cap00/_minted/C8DE8B25434A84036F1D5FA69B746CAD.highlight.minted)
(./build/cap00/_minted/377D4935FB17CAD63C2AB004FCB48E33.highlight.minted)

LaTeX Warning: Reference `cap:02' on page 1 undefined on input line 479.

(./build/cap00/_minted/A2AD6D8F475637ABD94FD246D187B3DB.highlight.minted)
(./build/cap00/_minted/D36BCACD6478C1D44642827C8113BD21.highlight.minted)
(./build/cap00/_minted/DDFED49CF9B99A0CD49C564C7858FB44.highlight.minted)
(./build/cap00/_minted/DA081593EF905BD6997CBF2930A2F360.highlight.minted)
(./build/cap00/_minted/307441C450A6BA1D71D725C146F94FBB.highlight.minted)
(./build/cap00/_minted/377D4935FB17CAD63C2AB004FCB48E33.highlight.minted)
(./build/cap00/_minted/D352F6FCB39B46CCF42DB904FA0B0F25.highlight.minted)
(./build/cap00/_minted/659A09B4095ACADB66A34D6D9305A9E5.highlight.minted)
[19] (./build/cap00/_minted/9E5D446D4484784CBDECFAAF0399E8C0.highlight.minted)
(./build/cap00/_minted/8891B0A0F7550EF974D575033000915B.highlight.minted)
(./build/cap00/_minted/49300661BF071BF8C01E693F85937AE4.highlight.minted)
(./build/cap00/_minted/4AE697F0ECB5ACC78F58343A479A631C.highlight.minted)
(./build/cap00/_minted/ED8E2EE1DCA16AE6F1AB4A312D80DA86.highlight.minted)
[20] (./build/cap00/_minted/901DEE3A343AE8E785FEFD7B7D1DE0D5.highlight.minted)
(./build/cap00/_minted/5FDED597161A24D8605DEA3027998537.highlight.minted)
Overfull \hbox (101.52014pt too wide) in paragraph at lines 504--505
\TU/LibertinusSerif(0)/m/n/10.95 ca-da re-gión in-ge-nua-men-te, des-de su ini
-cio has-ta su fi-nal (\TU/FiraMono(0)/m/n/10 seq[start:end][].[]translate(to_s
top[]=[][]\TU/FiraMono(0)/b/n/10 True[]\TU/FiraMono(0)/m/n/10 )\TU/LibertinusSe
rif(0)/m/n/10.95 ),

Underfull \vbox (badness 1490) has occurred while \output is active
[21] (./build/cap00/_minted/659A09B4095ACADB66A34D6D9305A9E5.highlight.minted)
Overfull \hbox (10.83565pt too wide) in paragraph at lines 543--544
 [][] 

LaTeX Warning: Reference `cap:03' on page 1 undefined on input line 551.


[22] (./build/cap00/_minted/CEB7A084B537A243266E7F8567610B59.highlight.minted)
(./build/cap00/_minted/94A6E745EEF26F3549AB14EE312AB6C9.highlight.minted)
(./build/cap00/_minted/410393DEA1CE63A321821B4FB71933E7.highlight.minted)
Overfull \hbox (1.79884pt too wide) in paragraph at lines 553--554
[]\TU/LibertinusSerif(0)/m/n/10.95 En Co-lab, BLAST+ se ins-ta-la des-de los re
-po-si-to-rios del sis-te-ma (\TU/FiraMono(0)/m/n/10.95 apt-get install
(./build/cap00/_minted/DE7FC50917B88191EB8CF82464ACE162.highlight.minted)
[23]

LaTeX Warning: Reference `cap:03' on page 1 undefined on input line 588.


[24]
[25]
[26]
Overfull \hbox (60.07864pt too wide) detected at line 639
\TU/LibertinusMath-Regular.otf(1)/m/n/10.95 7 → 6 → 1 → 8 → 11 → 10 
→ 5 → 12 → 15 → 14 → 9 → 0 → 3 → 2 → 13 → 4 → 7 → ⋯

[27] (./build/cap00/_minted/0ED2A88E1B45D4FBB8D4786AB1FDDFA1.highlight.minted)
Underfull \vbox (badness 3724) has occurred while \output is active
[28] (./build/cap00/_minted/A8731D0F06BA3FAF0534DD44600A0625.highlight.minted)
(./build/cap00/_minted/EBB4D739C181ADEB4B1B57B7A39443C4.highlight.minted)
Underfull \vbox (badness 10000) has occurred while \output is active
[29]
Underfull \vbox (badness 2582) has occurred while \output is active
[30]
[31]
Underfull \vbox (badness 1286) has occurred while \output is active
[32] (./build/cap00/_minted/monokai.style.minted)
(./build/cap00/_minted/A71A3DD1CDAE1741A3B7A2C536E82BEF.highlight.minted)
Overfull \hbox (7.61224pt too wide) in paragraph at lines 813--814
[]\TU/FiraMono(0)/m/n/10.95 analisis_final.py[]\TU/LibertinusSerif(0)/m/n/10.95
 , []\TU/FiraMono(0)/m/n/10.95 analisis_final_v2.py[] \TU/LibertinusSerif(0)/m/
n/10.95 y []\TU/FiraMono(0)/m/n/10.95 analisis_final_DEFINITIVO.py[]

Underfull \vbox (badness 7030) has occurred while \output is active
[33] (./build/cap00/_minted/020FBF7346A6768A3D327335A264C69D.highlight.minted)
Underfull \vbox (badness 7451) has occurred while \output is active
[34]
[35]
Underfull \vbox (badness 10000) has occurred while \output is active
[36] (./build/cap00/_minted/EA848F31BFFD8EE1AE69A7C320AD38EB.highlight.minted)
(./build/cap00/_minted/C8DE8B25434A84036F1D5FA69B746CAD.highlight.minted)
(./build/cap00/_minted/377D4935FB17CAD63C2AB004FCB48E33.highlight.minted)
(./build/cap00/_minted/E263B0D6B2E6FC9AC746DB38EA194D17.highlight.minted)
(./build/cap00/_minted/CEB7A084B537A243266E7F8567610B59.highlight.minted)
Overfull \hbox (5.91696pt too wide) in paragraph at lines 907--908
[]\TU/LibertinusSerif(0)/m/n/10 Biopython re-pre-sen-ta se-cuen-cias (\TU/FiraM
ono(0)/m/n/10 Seq\TU/LibertinusSerif(0)/m/n/10 ), re-gis-tros (\TU/FiraMono(0)/
m/n/10 SeqRecord\TU/LibertinusSerif(0)/m/n/10 ) y ar-chi-vos (\TU/FiraMono(0)/m
/n/10 SeqIO\TU/LibertinusSerif(0)/m/n/10 );

[37] (./build/cap00/_minted/72527580B59BA506998123FE9B0C4031.highlight.minted)
(./build/cap00/_minted/BA9AA3C4BE8F96B8387779A4C7405787.highlight.minted)
(./build/cap00/_minted/7A230E23EAA8880356F8343DC9782B13.highlight.minted)
(./build/cap00/_minted/4F8FD8A17DD8EA1C04693B018C84BC0B.highlight.minted)
(./build/cap00/_minted/5CE90765678B6E21A1A4114539EB4D1F.highlight.minted)
[38]
[39]
[40])
[41] (./build/cap00/cap00.aux)

LaTeX Warning: There were undefined references.


LaTeX Warning: Label(s) may have changed. Rerun to get cross-references right.


Package biblatex Warning: Please rerun LaTeX.
(biblatex)                Page breaks have changed.

)
(see the transcript file for additional information)
 1781 words of node memory still in use:
   31 hlist, 2 vlist, 14 rule, 4 glue, 4 kern, 1 glyph, 184 attribute, 81 glue_
spec, 130 attribute_list, 2 write, 24 pdf_literal, 5 pdf_action, 24 pdf_colorst
ack nodes
   avail lists: 1:41,2:117603,3:70765,4:15498,5:685,6:111,7:20737,8:75,9:1555,1
0:29,11:961,12:4
</usr/local/texlive/2025/texmf-dist/fonts/opentype/adobe/sourcesanspro/SourceSa
nsPro-SemiboldIt.otf></usr/local/texlive/2025/texmf-dist/fonts/opentype/public/
fira/FiraMono-Oblique.otf></usr/local/texlive/2025/texmf-dist/fonts/opentype/pu
blic/libertinus-fonts/LibertinusSerif-Semibold.otf></usr/local/texlive/2025/tex
mf-dist/fonts/opentype/public/libertinus-fonts/LibertinusMath-Regular.otf></usr
/local/texlive/2025/texmf-dist/fonts/opentype/public/libertinus-fonts/Libertinu
sSerif-Regular.otf></usr/local/texlive/2025/texmf-dist/fonts/opentype/public/li
bertinus-fonts/LibertinusMath-Regular.otf></usr/local/texlive/2025/texmf-dist/f
onts/opentype/public/fira/FiraMono-Medium.otf></usr/local/texlive/2025/texmf-di
st/fonts/opentype/public/libertinus-fonts/LibertinusMath-Regular.otf></usr/loca
l/texlive/2025/texmf-dist/fonts/opentype/public/fontawesome5/FontAwesome5Free-S
olid-900.otf></usr/local/texlive/2025/texmf-dist/fonts/opentype/adobe/sourcesan
spro/SourceSansPro-Black.otf></usr/local/texlive/2025/texmf-dist/fonts/opentype
/public/libertinus-fonts/LibertinusSerif-Regular.otf></usr/local/texlive/2025/t
exmf-dist/fonts/opentype/adobe/sourcesanspro/SourceSansPro-RegularIt.otf></usr/
local/texlive/2025/texmf-dist/fonts/opentype/public/fira/FiraMono-Regular.otf><
/usr/local/texlive/2025/texmf-dist/fonts/opentype/adobe/sourcesanspro/SourceSan
sPro-Regular.otf></usr/local/texlive/2025/texmf-dist/fonts/opentype/public/libe
rtinus-fonts/LibertinusSerif-Italic.otf></usr/local/texlive/2025/texmf-dist/fon
ts/opentype/adobe/sourcesanspro/SourceSansPro-Light.otf></usr/local/texlive/202
5/texmf-dist/fonts/opentype/adobe/sourcesanspro/SourceSansPro-Semibold.otf></us
r/local/texlive/2025/texmf-dist/fonts/opentype/adobe/sourcesanspro/SourceSansPr
o-ExtraLight.otf>
Output written on cap00.pdf (41 pages, 678058 bytes).
Transcript written on cap00.log.
Latexmk: Getting log file 'build/cap00/cap00.log'
Latexmk: Examining 'build/cap00/cap00.fls'
Latexmk: Examining 'build/cap00/cap00.log'
Latexmk: Found input bbl file 'build/cap00/cap00.bbl'
Latexmk: References changed.
Latexmk: References changed.
Latexmk: Log file says output to 'cap00.pdf'
Latexmk: Bibliography file(s) from .bcf file:
  bib/cap00.bib
Latexmk: applying rule 'lualatex'...
Rule 'lualatex':  Reasons for rerun
Changed files or newly in use/created:
  build/cap00/cap00.aux
  build/cap00/cap00.run.xml

------------
Run number 2 of rule 'lualatex'
------------
------------
Running 'lualatex  -shell-escape -interaction=nonstopmode -halt-on-error -recorder -output-directory="build/cap00"  "build/cap00/cap00.tex"'
------------
This is LuaHBTeX, Version 1.21.0 (TeX Live 2025) 
 system commands enabled.
(./build/cap00/cap00.tex
LaTeX2e <2024-11-01> patch level 2
L3 programming layer <2025-01-18>
 (/usr/local/texlive/2025/texmf-dist/tex/latex/base/book.cls
Document Class: book 2024/06/29 v1.4n Standard LaTeX document class
(/usr/local/texlive/2025/texmf-dist/tex/latex/base/bk11.clo))
(./estilo/bioinfo.sty

LaTeX Warning: You have requested package `estilo/bioinfo',
               but the package provides `bioinfo'.

(/usr/local/texlive/2025/texmf-dist/tex/latex/geometry/geometry.sty
(/usr/local/texlive/2025/texmf-dist/tex/latex/graphics/keyval.sty)
(/usr/local/texlive/2025/texmf-dist/tex/generic/iftex/ifvtex.sty
(/usr/local/texlive/2025/texmf-dist/tex/generic/iftex/iftex.sty)))
(/usr/local/texlive/2025/texmf-dist/tex/generic/babel/babel.sty
(/usr/local/texlive/2025/texmf-dist/tex/generic/babel/luababel.def)
(/usr/local/texlive/2025/texmf-dist/tex/generic/babel/luababel.def)
(/usr/local/texlive/2025/texmf-dist/tex/generic/babel-spanish/spanish.ldf
(/usr/local/texlive/2025/texmf-dist/tex/generic/hyph-utf8/loadhyph/loadhyph-es.
tex UTF-8 Spanish hyphenation patterns
(/usr/local/texlive/2025/texmf-dist/tex/generic/hyph-utf8/patterns/tex/hyph-es.
tex))))
(/usr/local/texlive/2025/texmf-dist/tex/generic/babel/locale/es/babel-spanish.t
ex) (/usr/local/texlive/2025/texmf-dist/tex/latex/amsmath/amsmath.sty
For additional information on amsmath, use the `?' option.
(/usr/local/texlive/2025/texmf-dist/tex/latex/amsmath/amstext.sty
(/usr/local/texlive/2025/texmf-dist/tex/latex/amsmath/amsgen.sty))
(/usr/local/texlive/2025/texmf-dist/tex/latex/amsmath/amsbsy.sty)
(/usr/local/texlive/2025/texmf-dist/tex/latex/amsmath/amsopn.sty))
(/usr/local/texlive/2025/texmf-dist/tex/latex/amsfonts/amssymb.sty
(/usr/local/texlive/2025/texmf-dist/tex/latex/amsfonts/amsfonts.sty))
(/usr/local/texlive/2025/texmf-dist/tex/latex/mathtools/mathtools.sty
(/usr/local/texlive/2025/texmf-dist/tex/latex/tools/calc.sty)
(/usr/local/texlive/2025/texmf-dist/tex/latex/mathtools/mhsetup.sty))
(/usr/local/texlive/2025/texmf-dist/tex/latex/fontspec/fontspec.sty
(/usr/local/texlive/2025/texmf-dist/tex/latex/l3packages/xparse/xparse.sty
(/usr/local/texlive/2025/texmf-dist/tex/latex/l3kernel/expl3.sty
(/usr/local/texlive/2025/texmf-dist/tex/latex/l3backend/l3backend-luatex.def)))
 (/usr/local/texlive/2025/texmf-dist/tex/latex/fontspec/fontspec-luatex.sty
(/usr/local/texlive/2025/texmf-dist/tex/latex/base/fontenc.sty)
(/usr/local/texlive/2025/texmf-dist/tex/latex/fontspec/fontspec.cfg)))
(/usr/local/texlive/2025/texmf-dist/tex/latex/unicode-math/unicode-math.sty
(/usr/local/texlive/2025/texmf-dist/tex/latex/unicode-math/unicode-math-luatex.
sty
(/usr/local/texlive/2025/texmf-dist/tex/latex/l3packages/l3keys2e/l3keys2e.sty)
 (/usr/local/texlive/2025/texmf-dist/tex/latex/base/fix-cm.sty
(/usr/local/texlive/2025/texmf-dist/tex/latex/base/ts1enc.def))
(/usr/local/texlive/2025/texmf-dist/tex/lualatex/lualatex-math/lualatex-math.st
y (/usr/local/texlive/2025/texmf-dist/tex/latex/etoolbox/etoolbox.sty))
(/usr/local/texlive/2025/texmf-dist/tex/latex/unicode-math/unicode-math-table.t
ex))) (/usr/local/texlive/2025/texmf-dist/tex/latex/amsfonts/umsa.fd)
(/usr/local/texlive/2025/texmf-dist/tex/latex/amsfonts/umsb.fd)
(/usr/local/texlive/2025/texmf-dist/tex/latex/microtype/microtype.sty
(/usr/local/texlive/2025/texmf-dist/tex/latex/microtype/microtype-luatex.def)
(/usr/local/texlive/2025/texmf-dist/tex/latex/microtype/microtype.cfg))
(/usr/local/texlive/2025/texmf-dist/tex/latex/csquotes/csquotes.sty
(/usr/local/texlive/2025/texmf-dist/tex/latex/csquotes/csquotes.def)
(/usr/local/texlive/2025/texmf-dist/tex/latex/csquotes/csquotes.cfg))
(/usr/local/texlive/2025/texmf-dist/tex/latex/xcolor/xcolor.sty
(/usr/local/texlive/2025/texmf-dist/tex/latex/graphics-cfg/color.cfg)
(/usr/local/texlive/2025/texmf-dist/tex/latex/graphics-def/luatex.def)
(/usr/local/texlive/2025/texmf-dist/tex/latex/graphics/mathcolor.ltx))
(/usr/local/texlive/2025/texmf-dist/tex/latex/graphics/dvipsnam.def)
(/usr/local/texlive/2025/texmf-dist/tex/latex/colortbl/colortbl.sty
(/usr/local/texlive/2025/texmf-dist/tex/latex/tools/array.sty))
(/usr/local/texlive/2025/texmf-dist/tex/latex/graphics/graphicx.sty
(/usr/local/texlive/2025/texmf-dist/tex/latex/graphics/graphics.sty
(/usr/local/texlive/2025/texmf-dist/tex/latex/graphics/trig.sty)
(/usr/local/texlive/2025/texmf-dist/tex/latex/graphics-cfg/graphics.cfg)))
(/usr/local/texlive/2025/texmf-dist/tex/latex/pgf/frontendlayer/tikz.sty
(/usr/local/texlive/2025/texmf-dist/tex/latex/pgf/basiclayer/pgf.sty
(/usr/local/texlive/2025/texmf-dist/tex/latex/pgf/utilities/pgfrcs.sty
(/usr/local/texlive/2025/texmf-dist/tex/generic/pgf/utilities/pgfutil-common.te
x)
(/usr/local/texlive/2025/texmf-dist/tex/generic/pgf/utilities/pgfutil-latex.def
) (/usr/local/texlive/2025/texmf-dist/tex/generic/pgf/utilities/pgfrcs.code.tex
(/usr/local/texlive/2025/texmf-dist/tex/generic/pgf/pgf.revision.tex)))
(/usr/local/texlive/2025/texmf-dist/tex/latex/pgf/basiclayer/pgfcore.sty
(/usr/local/texlive/2025/texmf-dist/tex/latex/pgf/systemlayer/pgfsys.sty
(/usr/local/texlive/2025/texmf-dist/tex/generic/pgf/systemlayer/pgfsys.code.tex
(/usr/local/texlive/2025/texmf-dist/tex/generic/pgf/utilities/pgfkeys.code.tex
(/usr/local/texlive/2025/texmf-dist/tex/generic/pgf/utilities/pgfkeyslibraryfil
tered.code.tex))
(/usr/local/texlive/2025/texmf-dist/tex/generic/pgf/systemlayer/pgf.cfg)
(/usr/local/texlive/2025/texmf-dist/tex/generic/pgf/systemlayer/pgfsys-luatex.d
ef
(/usr/local/texlive/2025/texmf-dist/tex/generic/pgf/systemlayer/pgfsys-common-p
df.def)))
(/usr/local/texlive/2025/texmf-dist/tex/generic/pgf/systemlayer/pgfsyssoftpath.
code.tex)
(/usr/local/texlive/2025/texmf-dist/tex/generic/pgf/systemlayer/pgfsysprotocol.
code.tex))
(/usr/local/texlive/2025/texmf-dist/tex/generic/pgf/basiclayer/pgfcore.code.tex
(/usr/local/texlive/2025/texmf-dist/tex/generic/pgf/math/pgfmath.code.tex
(/usr/local/texlive/2025/texmf-dist/tex/generic/pgf/math/pgfmathutil.code.tex)
(/usr/local/texlive/2025/texmf-dist/tex/generic/pgf/math/pgfmathparser.code.tex
)
(/usr/local/texlive/2025/texmf-dist/tex/generic/pgf/math/pgfmathfunctions.code.
tex)
(/usr/local/texlive/2025/texmf-dist/tex/generic/pgf/math/pgfmathfunctions.basic
.code.tex)
(/usr/local/texlive/2025/texmf-dist/tex/generic/pgf/math/pgfmathfunctions.trigo
nometric.code.tex)
(/usr/local/texlive/2025/texmf-dist/tex/generic/pgf/math/pgfmathfunctions.rando
m.code.tex)
(/usr/local/texlive/2025/texmf-dist/tex/generic/pgf/math/pgfmathfunctions.compa
rison.code.tex)
(/usr/local/texlive/2025/texmf-dist/tex/generic/pgf/math/pgfmathfunctions.base.
code.tex)
(/usr/local/texlive/2025/texmf-dist/tex/generic/pgf/math/pgfmathfunctions.round
.code.tex)
(/usr/local/texlive/2025/texmf-dist/tex/generic/pgf/math/pgfmathfunctions.misc.
code.tex)
(/usr/local/texlive/2025/texmf-dist/tex/generic/pgf/math/pgfmathfunctions.integ
erarithmetics.code.tex)
(/usr/local/texlive/2025/texmf-dist/tex/generic/pgf/math/pgfmathcalc.code.tex)
(/usr/local/texlive/2025/texmf-dist/tex/generic/pgf/math/pgfmathfloat.code.tex)
) (/usr/local/texlive/2025/texmf-dist/tex/generic/pgf/math/pgfint.code.tex)
(/usr/local/texlive/2025/texmf-dist/tex/generic/pgf/basiclayer/pgfcorepoints.co
de.tex)
(/usr/local/texlive/2025/texmf-dist/tex/generic/pgf/basiclayer/pgfcorepathconst
ruct.code.tex)
(/usr/local/texlive/2025/texmf-dist/tex/generic/pgf/basiclayer/pgfcorepathusage
.code.tex)
(/usr/local/texlive/2025/texmf-dist/tex/generic/pgf/basiclayer/pgfcorescopes.co
de.tex)
(/usr/local/texlive/2025/texmf-dist/tex/generic/pgf/basiclayer/pgfcoregraphicst
ate.code.tex)
(/usr/local/texlive/2025/texmf-dist/tex/generic/pgf/basiclayer/pgfcoretransform
ations.code.tex)
(/usr/local/texlive/2025/texmf-dist/tex/generic/pgf/basiclayer/pgfcorequick.cod
e.tex)
(/usr/local/texlive/2025/texmf-dist/tex/generic/pgf/basiclayer/pgfcoreobjects.c
ode.tex)
(/usr/local/texlive/2025/texmf-dist/tex/generic/pgf/basiclayer/pgfcorepathproce
ssing.code.tex)
(/usr/local/texlive/2025/texmf-dist/tex/generic/pgf/basiclayer/pgfcorearrows.co
de.tex)
(/usr/local/texlive/2025/texmf-dist/tex/generic/pgf/basiclayer/pgfcoreshade.cod
e.tex)
(/usr/local/texlive/2025/texmf-dist/tex/generic/pgf/basiclayer/pgfcoreimage.cod
e.tex)
(/usr/local/texlive/2025/texmf-dist/tex/generic/pgf/basiclayer/pgfcoreexternal.
code.tex)
(/usr/local/texlive/2025/texmf-dist/tex/generic/pgf/basiclayer/pgfcorelayers.co
de.tex)
(/usr/local/texlive/2025/texmf-dist/tex/generic/pgf/basiclayer/pgfcoretranspare
ncy.code.tex)
(/usr/local/texlive/2025/texmf-dist/tex/generic/pgf/basiclayer/pgfcorepatterns.
code.tex)
(/usr/local/texlive/2025/texmf-dist/tex/generic/pgf/basiclayer/pgfcorerdf.code.
tex)))
(/usr/local/texlive/2025/texmf-dist/tex/generic/pgf/modules/pgfmoduleshapes.cod
e.tex)
(/usr/local/texlive/2025/texmf-dist/tex/generic/pgf/modules/pgfmoduleplot.code.
tex)
(/usr/local/texlive/2025/texmf-dist/tex/latex/pgf/compatibility/pgfcomp-version
-0-65.sty)
(/usr/local/texlive/2025/texmf-dist/tex/latex/pgf/compatibility/pgfcomp-version
-1-18.sty))
(/usr/local/texlive/2025/texmf-dist/tex/latex/pgf/utilities/pgffor.sty
(/usr/local/texlive/2025/texmf-dist/tex/latex/pgf/utilities/pgfkeys.sty
(/usr/local/texlive/2025/texmf-dist/tex/generic/pgf/utilities/pgfkeys.code.tex)
) (/usr/local/texlive/2025/texmf-dist/tex/latex/pgf/math/pgfmath.sty
(/usr/local/texlive/2025/texmf-dist/tex/generic/pgf/math/pgfmath.code.tex))
(/usr/local/texlive/2025/texmf-dist/tex/generic/pgf/utilities/pgffor.code.tex))

(/usr/local/texlive/2025/texmf-dist/tex/generic/pgf/frontendlayer/tikz/tikz.cod
e.tex
(/usr/local/texlive/2025/texmf-dist/tex/generic/pgf/libraries/pgflibraryplothan
dlers.code.tex)
(/usr/local/texlive/2025/texmf-dist/tex/generic/pgf/modules/pgfmodulematrix.cod
e.tex)
(/usr/local/texlive/2025/texmf-dist/tex/generic/pgf/frontendlayer/tikz/librarie
s/tikzlibrarytopaths.code.tex)))
(/usr/local/texlive/2025/texmf-dist/tex/generic/pgf/libraries/pgflibraryarrows.
meta.code.tex)
(/usr/local/texlive/2025/texmf-dist/tex/generic/pgf/frontendlayer/tikz/librarie
s/tikzlibrarypositioning.code.tex)
(/usr/local/texlive/2025/texmf-dist/tex/generic/pgf/frontendlayer/tikz/librarie
s/tikzlibrarycalc.code.tex)
(/usr/local/texlive/2025/texmf-dist/tex/generic/pgf/frontendlayer/tikz/librarie
s/tikzlibraryfit.code.tex)
(/usr/local/texlive/2025/texmf-dist/tex/generic/pgf/frontendlayer/tikz/librarie
s/tikzlibrarybackgrounds.code.tex)
(/usr/local/texlive/2025/texmf-dist/tex/generic/pgf/frontendlayer/tikz/librarie
s/tikzlibraryshapes.code.tex
(/usr/local/texlive/2025/texmf-dist/tex/generic/pgf/frontendlayer/tikz/librarie
s/tikzlibraryshapes.geometric.code.tex
(/usr/local/texlive/2025/texmf-dist/tex/generic/pgf/libraries/shapes/pgflibrary
shapes.geometric.code.tex))
(/usr/local/texlive/2025/texmf-dist/tex/generic/pgf/frontendlayer/tikz/librarie
s/tikzlibraryshapes.misc.code.tex
(/usr/local/texlive/2025/texmf-dist/tex/generic/pgf/libraries/shapes/pgflibrary
shapes.misc.code.tex))
(/usr/local/texlive/2025/texmf-dist/tex/generic/pgf/frontendlayer/tikz/librarie
s/tikzlibraryshapes.symbols.code.tex
(/usr/local/texlive/2025/texmf-dist/tex/generic/pgf/libraries/shapes/pgflibrary
shapes.symbols.code.tex))
(/usr/local/texlive/2025/texmf-dist/tex/generic/pgf/frontendlayer/tikz/librarie
s/tikzlibraryshapes.arrows.code.tex
(/usr/local/texlive/2025/texmf-dist/tex/generic/pgf/libraries/shapes/pgflibrary
shapes.arrows.code.tex))
(/usr/local/texlive/2025/texmf-dist/tex/generic/pgf/frontendlayer/tikz/librarie
s/tikzlibraryshapes.callouts.code.tex
(/usr/local/texlive/2025/texmf-dist/tex/generic/pgf/libraries/shapes/pgflibrary
shapes.callouts.code.tex))
(/usr/local/texlive/2025/texmf-dist/tex/generic/pgf/frontendlayer/tikz/librarie
s/tikzlibraryshapes.multipart.code.tex
(/usr/local/texlive/2025/texmf-dist/tex/generic/pgf/libraries/shapes/pgflibrary
shapes.multipart.code.tex)))
(/usr/local/texlive/2025/texmf-dist/tex/generic/pgf/frontendlayer/tikz/librarie
s/tikzlibrarydecorations.pathreplacing.code.tex
(/usr/local/texlive/2025/texmf-dist/tex/generic/pgf/frontendlayer/tikz/librarie
s/tikzlibrarydecorations.code.tex
(/usr/local/texlive/2025/texmf-dist/tex/generic/pgf/modules/pgfmoduledecoration
s.code.tex))
(/usr/local/texlive/2025/texmf-dist/tex/generic/pgf/libraries/decorations/pgfli
brarydecorations.pathreplacing.code.tex))
(/usr/local/texlive/2025/texmf-dist/tex/generic/pgf/frontendlayer/tikz/librarie
s/tikzlibrarydecorations.pathmorphing.code.tex
(/usr/local/texlive/2025/texmf-dist/tex/generic/pgf/libraries/decorations/pgfli
brarydecorations.pathmorphing.code.tex))
(/usr/local/texlive/2025/texmf-dist/tex/generic/pgf/frontendlayer/tikz/librarie
s/tikzlibrarydecorations.text.code.tex
(/usr/local/texlive/2025/texmf-dist/tex/generic/pgf/libraries/decorations/pgfli
brarydecorations.text.code.tex))
(/usr/local/texlive/2025/texmf-dist/tex/generic/pgf/frontendlayer/tikz/librarie
s/tikzlibrarypatterns.code.tex
(/usr/local/texlive/2025/texmf-dist/tex/generic/pgf/libraries/pgflibrarypattern
s.code.tex))
(/usr/local/texlive/2025/texmf-dist/tex/generic/pgf/frontendlayer/tikz/librarie
s/tikzlibraryshadows.code.tex
(/usr/local/texlive/2025/texmf-dist/tex/generic/pgf/frontendlayer/tikz/librarie
s/tikzlibraryfadings.code.tex
(/usr/local/texlive/2025/texmf-dist/tex/generic/pgf/libraries/pgflibraryfadings
.code.tex)))
(/usr/local/texlive/2025/texmf-dist/tex/latex/pgf-blur/tikzlibraryshadows.blur.
code.tex  v1.02, 2012/12/09)
(/usr/local/texlive/2025/texmf-dist/tex/generic/pgf/frontendlayer/tikz/librarie
s/tikzlibrarymatrix.code.tex)
(/usr/local/texlive/2025/texmf-dist/tex/generic/pgf/frontendlayer/tikz/librarie
s/tikzlibrarychains.code.tex)
(/usr/local/texlive/2025/texmf-dist/tex/generic/pgf/frontendlayer/tikz/librarie
s/tikzlibraryintersections.code.tex
(/usr/local/texlive/2025/texmf-dist/tex/generic/pgf/libraries/pgflibraryinterse
ctions.code.tex
(/usr/local/texlive/2025/texmf-dist/tex/generic/pgf/libraries/pgflibraryfpu.cod
e.tex)))
(/usr/local/texlive/2025/texmf-dist/tex/generic/pgf/frontendlayer/tikz/librarie
s/tikzlibrarytrees.code.tex)
(/usr/local/texlive/2025/texmf-dist/tex/generic/pgf/frontendlayer/tikz/librarie
s/graphs/tikzlibrarygraphs.code.tex)
(/usr/local/texlive/2025/texmf-dist/tex/generic/pgf/frontendlayer/tikz/librarie
s/tikzlibraryquotes.code.tex)
(/usr/local/texlive/2025/texmf-dist/tex/generic/pgf/frontendlayer/tikz/librarie
s/tikzlibraryspy.code.tex)
(/usr/local/texlive/2025/texmf-dist/tex/generic/pgf/frontendlayer/tikz/librarie
s/tikzlibrarybending.code.tex
(/usr/local/texlive/2025/texmf-dist/tex/generic/pgf/modules/pgfmodulebending.co
de.tex
(/usr/local/texlive/2025/texmf-dist/tex/generic/pgf/modules/pgfmodulenonlineart
ransformations.code.tex)
(/usr/local/texlive/2025/texmf-dist/tex/generic/pgf/libraries/pgflibrarycurvili
near.code.tex)))
(/usr/local/texlive/2025/texmf-dist/tex/generic/pgf/frontendlayer/tikz/librarie
s/tikzlibrarymath.code.tex
(/usr/local/texlive/2025/texmf-dist/tex/generic/pgf/frontendlayer/tikz/librarie
s/tikzlibraryfpu.code.tex))
(/usr/local/texlive/2025/texmf-dist/tex/latex/pgfplots/pgfplots.sty
(/usr/local/texlive/2025/texmf-dist/tex/generic/pgfplots/pgfplots.revision.tex)
(/usr/local/texlive/2025/texmf-dist/tex/generic/pgfplots/pgfplots.code.tex
(/usr/local/texlive/2025/texmf-dist/tex/generic/pgfplots/pgfplotscore.code.tex
(/usr/local/texlive/2025/texmf-dist/tex/generic/pgfplots/sys/pgfplotssysgeneric
.code.tex))
(/usr/local/texlive/2025/texmf-dist/tex/generic/pgfplots/libs/pgfplotslibrary.c
ode.tex)
(/usr/local/texlive/2025/texmf-dist/tex/generic/pgfplots/oldpgfcompatib/pgfplot
soldpgfsupp_loader.code.tex
Package pgfplots: loading complementary utilities for your pgf version...

(/usr/local/texlive/2025/texmf-dist/tex/generic/pgfplots/oldpgfcompatib/pgfplot
soldpgfsupp_pgfutil-common-lists.tex)
(/usr/local/texlive/2025/texmf-dist/tex/generic/pgf/libraries/luamath/pgflibrar
yluamath.code.tex))
(/usr/local/texlive/2025/texmf-dist/tex/generic/pgfplots/util/pgfplotsutil.code
.tex
(/usr/local/texlive/2025/texmf-dist/tex/generic/pgfplots/liststructure/pgfplots
liststructure.code.tex)
(/usr/local/texlive/2025/texmf-dist/tex/generic/pgfplots/liststructure/pgfplots
liststructureext.code.tex)
(/usr/local/texlive/2025/texmf-dist/tex/generic/pgfplots/liststructure/pgfplots
array.code.tex)
(/usr/local/texlive/2025/texmf-dist/tex/generic/pgfplots/liststructure/pgfplots
matrix.code.tex)
(/usr/local/texlive/2025/texmf-dist/tex/generic/pgfplots/numtable/pgfplotstable
shared.code.tex)
(/usr/local/texlive/2025/texmf-dist/tex/generic/pgfplots/liststructure/pgfplots
deque.code.tex)
(/usr/local/texlive/2025/texmf-dist/tex/generic/pgfplots/util/pgfplotsbinary.co
de.tex
(/usr/local/texlive/2025/texmf-dist/tex/generic/pgfplots/util/pgfplotsbinary.da
ta.code.tex))
(/usr/local/texlive/2025/texmf-dist/tex/generic/pgfplots/util/pgfplotsutil.verb
.code.tex)
(/usr/local/texlive/2025/texmf-dist/tex/generic/pgfplots/libs/pgflibrarypgfplot
s.surfshading.code.tex
(/usr/local/texlive/2025/texmf-dist/tex/generic/pgfplots/sys/pgflibrarypgfplots
.surfshading.pgfsys-luatex.def)))
(/usr/local/texlive/2025/texmf-dist/tex/generic/pgfplots/util/pgfplotscolormap.
code.tex
(/usr/local/texlive/2025/texmf-dist/tex/generic/pgfplots/util/pgfplotscolor.cod
e.tex))
(/usr/local/texlive/2025/texmf-dist/tex/generic/pgfplots/pgfplotsstackedplots.c
ode.tex)
(/usr/local/texlive/2025/texmf-dist/tex/generic/pgfplots/pgfplotsplothandlers.c
ode.tex
(/usr/local/texlive/2025/texmf-dist/tex/generic/pgfplots/pgfplotsmeshplothandle
r.code.tex
(/usr/local/texlive/2025/texmf-dist/tex/generic/pgfplots/pgfplotsmeshplotimage.
code.tex)))
(/usr/local/texlive/2025/texmf-dist/tex/generic/pgfplots/pgfplots.scaling.code.
tex)
(/usr/local/texlive/2025/texmf-dist/tex/generic/pgfplots/pgfplotscoordprocessin
g.code.tex)
(/usr/local/texlive/2025/texmf-dist/tex/generic/pgfplots/pgfplots.errorbars.cod
e.tex)
(/usr/local/texlive/2025/texmf-dist/tex/generic/pgfplots/pgfplots.markers.code.
tex)
(/usr/local/texlive/2025/texmf-dist/tex/generic/pgfplots/pgfplotsticks.code.tex
)
(/usr/local/texlive/2025/texmf-dist/tex/generic/pgfplots/pgfplots.paths.code.te
x)
(/usr/local/texlive/2025/texmf-dist/tex/generic/pgfplots/libs/tikzlibrarypgfplo
ts.contourlua.code.tex))
(/usr/local/texlive/2025/texmf-dist/tex/generic/pgf/frontendlayer/tikz/librarie
s/tikzlibraryplotmarks.code.tex
(/usr/local/texlive/2025/texmf-dist/tex/generic/pgf/libraries/pgflibraryplotmar
ks.code.tex)))
(/usr/local/texlive/2025/texmf-dist/tex/generic/pgfplots/libs/tikzlibrarypgfplo
ts.fillbetween.code.tex
(/usr/local/texlive/2025/texmf-dist/tex/generic/pgfplots/pgfcontrib/tikzlibrary
fillbetween.code.tex
(/usr/local/texlive/2025/texmf-dist/tex/generic/pgfplots/pgfcontrib/tikzlibrary
decorations.softclip.code.tex
(/usr/local/texlive/2025/texmf-dist/tex/generic/pgfplots/pgfcontrib/pgflibraryf
illbetween.code.tex)))
(/usr/local/texlive/2025/texmf-dist/tex/generic/pgfplots/libs/tikzlibrarypgfplo
ts.decorations.softclip.code.tex))
(/usr/local/texlive/2025/texmf-dist/tex/generic/pgfplots/libs/tikzlibrarypgfplo
ts.groupplots.code.tex)
(/usr/local/texlive/2025/texmf-dist/tex/generic/pgfplots/libs/tikzlibrarypgfplo
ts.colormaps.code.tex)
(/usr/local/texlive/2025/texmf-dist/tex/generic/pgfplots/libs/tikzlibrarypgfplo
ts.statistics.code.tex)
(/usr/local/texlive/2025/texmf-dist/tex/latex/booktabs/booktabs.sty)
(/usr/local/texlive/2025/texmf-dist/tex/latex/tools/tabularx.sty)
(/usr/local/texlive/2025/texmf-dist/tex/latex/multirow/multirow.sty)
(/usr/local/texlive/2025/texmf-dist/tex/latex/tools/longtable.sty)
(/usr/local/texlive/2025/texmf-dist/tex/latex/enumitem/enumitem.sty)
(/usr/local/texlive/2025/texmf-dist/tex/latex/caption/caption.sty
(/usr/local/texlive/2025/texmf-dist/tex/latex/caption/caption3.sty)
(/usr/local/texlive/2025/texmf-dist/tex/latex/caption/ltcaption.sty))
(/usr/local/texlive/2025/texmf-dist/tex/latex/caption/subcaption.sty)
(/usr/local/texlive/2025/texmf-dist/tex/latex/siunitx/siunitx.sty
(/usr/local/texlive/2025/texmf-dist/tex/latex/translations/translations.sty
(/usr/local/texlive/2025/texmf-dist/tex/generic/pdftexcmds/pdftexcmds.sty
(/usr/local/texlive/2025/texmf-dist/tex/generic/infwarerr/infwarerr.sty)
(/usr/local/texlive/2025/texmf-dist/tex/generic/ltxcmds/ltxcmds.sty))))
(/usr/local/texlive/2025/texmf-dist/tex/latex/float/float.sty)
(/usr/local/texlive/2025/texmf-dist/tex/latex/wrapfig/wrapfig.sty)
(/usr/local/texlive/2025/texmf-dist/tex/latex/marginnote/marginnote.sty)
(/usr/local/texlive/2025/texmf-dist/tex/latex/pdfpages/pdfpages.sty
(/usr/local/texlive/2025/texmf-dist/tex/latex/base/ifthen.sty)
(/usr/local/texlive/2025/texmf-dist/tex/latex/eso-pic/eso-pic.sty)
(/usr/local/texlive/2025/texmf-dist/tex/latex/pdfpages/ppluatex.def))
(/usr/local/texlive/2025/texmf-dist/tex/latex/tools/multicol.sty)
(/usr/local/texlive/2025/texmf-dist/tex/latex/tools/afterpage.sty)
(/usr/local/texlive/2025/texmf-dist/tex/latex/lipsum/lipsum.sty
(/usr/local/texlive/2025/texmf-dist/tex/latex/lipsum/lipsum.ltd.tex))
(/usr/local/texlive/2025/texmf-dist/tex/latex/emptypage/emptypage.sty)
(/usr/local/texlive/2025/texmf-dist/tex/latex/tcolorbox/tcolorbox.sty
(/usr/local/texlive/2025/texmf-dist/tex/latex/tools/verbatim.sty)
(/usr/local/texlive/2025/texmf-dist/tex/latex/environ/environ.sty
(/usr/local/texlive/2025/texmf-dist/tex/latex/trimspaces/trimspaces.sty))
(/usr/local/texlive/2025/texmf-dist/tex/latex/tcolorbox/tcbraster.code.tex
Library (tcolorbox): 'tcbraster.code.tex' version '6.4.1'
) (/usr/local/texlive/2025/texmf-dist/tex/latex/tcolorbox/tcbskins.code.tex
Library (tcolorbox): 'tcbskins.code.tex' version '6.4.1'
(/usr/local/texlive/2025/texmf-dist/tex/latex/tikzfill/tikzfill.image.sty
(/usr/local/texlive/2025/texmf-dist/tex/latex/tikzfill/tikzfill-common.sty)
(/usr/local/texlive/2025/texmf-dist/tex/latex/tikzfill/tikzlibraryfill.image.co
de.tex))
(/usr/local/texlive/2025/texmf-dist/tex/latex/tcolorbox/tcbskinsjigsaw.code.tex
Library (tcolorbox): 'tcbskinsjigsaw.code.tex' version '6.4.1'
))
(/usr/local/texlive/2025/texmf-dist/tex/latex/tcolorbox/tcbbreakable.code.tex
Library (tcolorbox): 'tcbbreakable.code.tex' version '6.4.1'
(/usr/local/texlive/2025/texmf-dist/tex/latex/pdfcol/pdfcol.sty)
(/usr/local/texlive/2025/texmf-dist/tex/generic/iftex/ifluatex.sty))
(/usr/local/texlive/2025/texmf-dist/tex/latex/tcolorbox/tcbhooks.code.tex
Library (tcolorbox): 'tcbhooks.code.tex' version '6.4.1'
) (/usr/local/texlive/2025/texmf-dist/tex/latex/tcolorbox/tcbtheorems.code.tex
Library (tcolorbox): 'tcbtheorems.code.tex' version '6.4.1'
) (/usr/local/texlive/2025/texmf-dist/tex/latex/tcolorbox/tcbfitting.code.tex
Library (tcolorbox): 'tcbfitting.code.tex' version '6.4.1'
)
(/usr/local/texlive/2025/texmf-dist/tex/latex/tcolorbox/tcblistingsutf8.code.te
x
Library (tcolorbox): 'tcblistingsutf8.code.tex' version '6.4.1'
(/usr/local/texlive/2025/texmf-dist/tex/latex/tcolorbox/tcblistings.code.tex
Library (tcolorbox): 'tcblistings.code.tex' version '6.4.1'
(/usr/local/texlive/2025/texmf-dist/tex/latex/listings/listings.sty
(/usr/local/texlive/2025/texmf-dist/tex/latex/listings/lstpatch.sty)
(/usr/local/texlive/2025/texmf-dist/tex/latex/listings/lstmisc.sty)
(/usr/local/texlive/2025/texmf-dist/tex/latex/listings/listings.cfg))
(/usr/local/texlive/2025/texmf-dist/tex/latex/tcolorbox/tcblistingscore.code.te
x
Library (tcolorbox): 'tcblistingscore.code.tex' version '6.4.1'
(/usr/local/texlive/2025/texmf-dist/tex/latex/tcolorbox/tcbprocessing.code.tex
Library (tcolorbox): 'tcbprocessing.code.tex' version '6.4.1'
))))
(/usr/local/texlive/2025/texmf-dist/tex/latex/tcolorbox/tcbexternal.code.tex
Library (tcolorbox): 'tcbexternal.code.tex' version '6.4.1'
) (/usr/local/texlive/2025/texmf-dist/tex/latex/tcolorbox/tcbmagazine.code.tex
Library (tcolorbox): 'tcbmagazine.code.tex' version '6.4.1'
) (/usr/local/texlive/2025/texmf-dist/tex/latex/tcolorbox/tcbvignette.code.tex
Library (tcolorbox): 'tcbvignette.code.tex' version '6.4.1'
) (/usr/local/texlive/2025/texmf-dist/tex/latex/tcolorbox/tcbposter.code.tex
Library (tcolorbox): 'tcbposter.code.tex' version '6.4.1'
) (/usr/local/texlive/2025/texmf-dist/tex/latex/tcolorbox/tcbminted.code.tex
Library (tcolorbox): 'tcbminted.code.tex' version '6.4.1'
(/usr/local/texlive/2025/texmf-dist/tex/latex/minted/minted.sty
(/usr/local/texlive/2025/texmf-dist/tex/generic/catchfile/catchfile.sty
(/usr/local/texlive/2025/texmf-dist/tex/generic/etexcmds/etexcmds.sty))
(/usr/local/texlive/2025/texmf-dist/tex/latex/fvextra/fvextra.sty
(/usr/local/texlive/2025/texmf-dist/tex/latex/fancyvrb/fancyvrb.sty)
(/usr/local/texlive/2025/texmf-dist/tex/latex/upquote/upquote.sty
(/usr/local/texlive/2025/texmf-dist/tex/latex/base/textcomp.sty))
(/usr/local/texlive/2025/texmf-dist/tex/latex/lineno/lineno.sty
(/usr/local/texlive/2025/texmf-dist/tex/latex/kvoptions/kvoptions.sty
(/usr/local/texlive/2025/texmf-dist/tex/latex/kvsetkeys/kvsetkeys.sty))

LaTeX Warning: Command \@parboxrestore  has changed.
               Check if current package is valid.

)

Package fvextra Warning: csquotes should be loaded after fvextra, to avoid a wa
rning from the lineno package on input line 37.

) (/usr/local/texlive/2025/texmf-dist/tex/latex/latex2pydata/latex2pydata.sty)
(/usr/local/texlive/2025/texmf-dist/tex/latex/pgfopts/pgfopts.sty)
(/usr/local/texlive/2025/texmf-dist/tex/latex/tools/shellesc.sty))))
(/usr/local/texlive/2025/texmf-dist/tex/latex/fontawesome5/fontawesome5.sty
(/usr/local/texlive/2025/texmf-dist/tex/latex/fontawesome5/fontawesome5-utex-he
lper.sty
(/usr/local/texlive/2025/texmf-dist/tex/luatex/luatexbase/luatexbase.sty
(/usr/local/texlive/2025/texmf-dist/tex/luatex/ctablestack/ctablestack.sty))
(/usr/local/texlive/2025/texmf-dist/tex/latex/fontawesome5/tufontawesomefree.fd
)
(/usr/local/texlive/2025/texmf-dist/tex/latex/fontawesome5/tufontawesomebrands.
fd))) (/usr/local/texlive/2025/texmf-dist/tex/latex/titlesec/titlesec.sty)
(/usr/local/texlive/2025/texmf-dist/tex/latex/fancyhdr/fancyhdr.sty)
(/usr/local/texlive/2025/texmf-dist/tex/latex/titlesec/titletoc.sty)
(/usr/local/texlive/2025/texmf-dist/tex/latex/biblatex/biblatex.sty
(/usr/local/texlive/2025/texmf-dist/tex/latex/logreq/logreq.sty
(/usr/local/texlive/2025/texmf-dist/tex/latex/logreq/logreq.def))
(/usr/local/texlive/2025/texmf-dist/tex/latex/url/url.sty)
(/usr/local/texlive/2025/texmf-dist/tex/latex/biblatex/blx-dm.def)
(/usr/local/texlive/2025/texmf-dist/tex/latex/biblatex-apa/apa.dbx)
(/usr/local/texlive/2025/texmf-dist/tex/latex/biblatex/blx-unicode.def)
(/usr/local/texlive/2025/texmf-dist/tex/latex/biblatex/blx-compat.def)
(/usr/local/texlive/2025/texmf-dist/tex/latex/biblatex/biblatex.def)
(/usr/local/texlive/2025/texmf-dist/tex/latex/biblatex-apa/apa.bbx
(/usr/local/texlive/2025/texmf-dist/tex/latex/biblatex/bbx/standard.bbx))
(/usr/local/texlive/2025/texmf-dist/tex/latex/biblatex-apa/apa.cbx)
(/usr/local/texlive/2025/texmf-dist/tex/latex/biblatex/biblatex.cfg)
(/usr/local/texlive/2025/texmf-dist/tex/latex/biblatex/blx-case-expl3.sty))
(/usr/local/texlive/2025/texmf-dist/tex/latex/hyperref/hyperref.sty
(/usr/local/texlive/2025/texmf-dist/tex/generic/kvdefinekeys/kvdefinekeys.sty)
(/usr/local/texlive/2025/texmf-dist/tex/generic/pdfescape/pdfescape.sty)
(/usr/local/texlive/2025/texmf-dist/tex/latex/hycolor/hycolor.sty)
(/usr/local/texlive/2025/texmf-dist/tex/latex/hyperref/nameref.sty
(/usr/local/texlive/2025/texmf-dist/tex/latex/refcount/refcount.sty)
(/usr/local/texlive/2025/texmf-dist/tex/generic/gettitlestring/gettitlestring.s
ty)) (/usr/local/texlive/2025/texmf-dist/tex/generic/stringenc/stringenc.sty)
(/usr/local/texlive/2025/texmf-dist/tex/latex/hyperref/pd1enc.def)
(/usr/local/texlive/2025/texmf-dist/tex/generic/intcalc/intcalc.sty)
(/usr/local/texlive/2025/texmf-dist/tex/latex/hyperref/puenc.def)
(/usr/local/texlive/2025/texmf-dist/tex/generic/bitset/bitset.sty
(/usr/local/texlive/2025/texmf-dist/tex/generic/bigintcalc/bigintcalc.sty))
(/usr/local/texlive/2025/texmf-dist/tex/latex/base/atbegshi-ltx.sty))
(/usr/local/texlive/2025/texmf-dist/tex/latex/hyperref/hluatex.def
(/usr/local/texlive/2025/texmf-dist/tex/latex/base/atveryend-ltx.sty)
(/usr/local/texlive/2025/texmf-dist/tex/latex/rerunfilecheck/rerunfilecheck.sty

(/usr/local/texlive/2025/texmf-dist/tex/generic/uniquecounter/uniquecounter.sty
))) (/usr/local/texlive/2025/texmf-dist/tex/latex/bookmark/bookmark.sty
(/usr/local/texlive/2025/texmf-dist/tex/latex/bookmark/bkm-pdftex.def))
(/usr/local/texlive/2025/texmf-dist/tex/latex/cleveref/cleveref.sty))
(./build/cap00/cap00.aux)
*geometry* driver: auto-detecting
*geometry* detected driver: luatex

Package unicode-math Warning: Using \overbracket and \underbracket from
(unicode-math)                `mathtools' package.
(unicode-math)                 
(unicode-math)                 Use \Uoverbracket and \Uunderbracket for
(unicode-math)                original `unicode-math' definition.


Package unicode-math Warning: I'm going to overwrite the following commands
(unicode-math)                from the `mathtools' package: 
(unicode-math)                 
(unicode-math)                     \dblcolon, \coloneqq, \Coloneqq, \eqqcolon.
(unicode-math)                
(unicode-math)                 
(unicode-math)                 Note that since I won't overwrite the other
(unicode-math)                colon-like commands, using them will lead to
(unicode-math)                inconsistencies.

(/usr/local/texlive/2025/texmf-dist/tex/context/base/mkii/supp-pdf.mkii
[Loading MPS to PDF converter (version 2006.09.02).]
) (/usr/local/texlive/2025/texmf-dist/tex/latex/epstopdf-pkg/epstopdf-base.sty
(/usr/local/texlive/2025/texmf-dist/tex/latex/latexconfig/epstopdf-sys.cfg))
Package pgfplots notification 'compat/show suggested version=true': document ha
s been generated with the most recent feature set (\pgfplotsset{compat=1.18}).


(/usr/local/texlive/2025/texmf-dist/tex/latex/translations/translations-basic-d
ictionary-spanish.trsl)
(/usr/local/texlive/2025/texmf-dist/tex/latex/pdflscape/pdflscape.sty
(/usr/local/texlive/2025/texmf-dist/tex/latex/pdflscape/pdflscape-nometadata.st
y (/usr/local/texlive/2025/texmf-dist/tex/latex/graphics/lscape.sty)))
(/usr/local/texlive/2025/texmf-dist/tex/latex/biblatex-apa/spanish-apa.lbx
(/usr/local/texlive/2025/texmf-dist/tex/latex/biblatex/lbx/spanish.lbx)
(/usr/local/texlive/2025/texmf-dist/tex/latex/biblatex/lbx/spanish.lbx))
(./build/cap00/cap00.bbl) (./capitulos/cap00.tex
Capítulo 0.
(/usr/local/texlive/2025/texmf-dist/tex/latex/microtype/mt-msa.cfg)
(/usr/local/texlive/2025/texmf-dist/tex/latex/microtype/mt-msb.cfg)
(./build/cap00/_594AD41EEAE52EAAD4ABFF7AC9828328.config.minted)
(./build/cap00/_minted/friendly.style.minted)
(./build/cap00/_minted/1C4C29C6DED06785C42DFF2B61AC01E8.highlight.minted)
(./build/cap00/_minted/410393DEA1CE63A321821B4FB71933E7.highlight.minted)
[1{/usr/local/texlive/2025/texmf-var/fonts/map/pdftex/updmap/pdftex.map}]
(/usr/local/texlive/2025/texmf-dist/tex/latex/microtype/mt-TU-empty.cfg)
[2]
[3] (./build/cap00/_minted/09D206DCA2274E30B7321B532134723C.highlight.minted)
[4] (./build/cap00/_minted/B0235B16BA39A28E1070498885AD4BD8.highlight.minted)
(./build/cap00/_minted/B0235B16BA39A28E1070498885AD4BD8.highlight.minted)
(./build/cap00/_minted/B0235B16BA39A28E1070498885AD4BD8.highlight.minted)
(./build/cap00/_minted/B0235B16BA39A28E1070498885AD4BD8.highlight.minted)
(./build/cap00/_minted/0F7A7129A9AFC0F63302647B4105F3AD.highlight.minted)
(./build/cap00/_minted/8DE920E3C94226F71A2B09701D3EA1AC.highlight.minted)
(./build/cap00/_minted/6BAF64C970B5544AC2CBFBCB92B41955.highlight.minted)
[5]

LaTeX Warning: Reference `cap:03' on page 1 undefined on input line 121.

(./build/cap00/_minted/FC734051F13B5E0904DB00A592BA4A61.highlight.minted)
(./build/cap00/_minted/8B3E3D396A857C51B8C7A11D1FAF54D7.highlight.minted)
(./build/cap00/_minted/D6AECCBE09B8194A03A913917DDFE631.highlight.minted)
(./build/cap00/_minted/758ED8B1D007F419F13B4CEBE007F2D1.highlight.minted)
(./build/cap00/_minted/9539904E828AC5062BA8FEBABA64BC87.highlight.minted)
[6] (./build/cap00/_minted/C69BDEF420965ACC9689D61EC0663F2C.highlight.minted)
(./build/cap00/_minted/0CCA776FDF7DBC699D6DFF2DB0405089.highlight.minted)
(./build/cap00/_minted/F89754A959665FCF10F1540D486C8EDF.highlight.minted)
(./build/cap00/_minted/DFC1FC4FB64A55C840E7630EED9C8062.highlight.minted)

LaTeX Warning: Reference `cap:03' on page 1 undefined on input line 178.


[7] (./build/cap00/_minted/8DE920E3C94226F71A2B09701D3EA1AC.highlight.minted)
(./build/cap00/_minted/A09FC902265BDAB6DA83EB8F881B2483.highlight.minted)
(./build/cap00/_minted/6BAF64C970B5544AC2CBFBCB92B41955.highlight.minted)
Underfull \vbox (badness 10000) has occurred while \output is active
[8] (./build/cap00/_minted/FFC62B07480BB7059DD96216D5B1D331.highlight.minted)
(./build/cap00/_minted/517B0721550CE3F11D8967F5D7C48EB5.highlight.minted)
(./build/cap00/_minted/D05329EEDA2651D6FDE5C803DB93DC54.highlight.minted)
(./build/cap00/_minted/01EE77B102513682133F946E1A4B9227.highlight.minted)
(./build/cap00/_minted/6BAF64C970B5544AC2CBFBCB92B41955.highlight.minted)
[9] (./build/cap00/_minted/62B802147F83A485716DFC2F70DEF256.highlight.minted)
(./build/cap00/_minted/C9CCA593C9416D60B4E9CCC6C241F021.highlight.minted)
(./build/cap00/_minted/7A230E23EAA8880356F8343DC9782B13.highlight.minted)
Overfull \hbox (11.4545pt too wide) in paragraph at lines 230--231
\TU/FiraMono(0)/m/n/10 np[].[]log(np[].[]exp([][][][]1000[]) []+[] np[].[]exp([
][][][]1001[])) \TU/LibertinusSerif(0)/m/n/10.95 de-vuel-ve $\TU/LibertinusMath
-Regular.otf(1)/m/n/10.95 −∞$\TU/LibertinusSerif(0)/m/n/10.95 , mien-tras q
ue la []ecua-ción (󰀙.󰂩)[]

Underfull \vbox (badness 8151) has occurred while \output is active
[10]
[11] (./build/cap00/_minted/E5750A2413EE08CE765C5BF2CF2644CA.highlight.minted)
[12] (./build/cap00/_minted/C399CCC1F80B9C5CE92E5E89CAB567CC.highlight.minted)
(./build/cap00/_minted/A0D6054318D1218156E63FDBD04C2CF3.highlight.minted)
(./build/cap00/_minted/044DF22AE0FBF470BE5A6136404CBAAF.highlight.minted)
Overfull \hbox (28.66144pt too wide) in paragraph at lines 345--346
 [][] 

[13]
[14] (./figuras/cap00/franjas.tex)
Underfull \vbox (badness 10000) has occurred while \output is active
[15] (./build/cap00/_minted/EA848F31BFFD8EE1AE69A7C320AD38EB.highlight.minted)
Underfull \vbox (badness 10000) has occurred while \output is active
[16]
Underfull \hbox (badness 10000) in paragraph at lines 434--434
[]|\TU/LibertinusSerif(0)/m/n/10 Ta-bla de tra-duc-ción; Biopython la guar-da 
en
(./figuras/cap00/codigo_genetico.tex)
Underfull \hbox (badness 3088) in paragraph at lines 441--441
[][][]|\TU/SourceSansPro(0)/m/n/10 El có-di-go ge-né-ti-co es-tán-dar (ta-bl
a 1 del NC-BI), ge-ne-ra-do a par-tir de

[17]
[18] (./figuras/cap00/orfs.tex)
Overfull \hbox (15.90991pt too wide) in paragraph at lines 3819--472
 [][] 
(./build/cap00/_minted/C8DE8B25434A84036F1D5FA69B746CAD.highlight.minted)
(./build/cap00/_minted/377D4935FB17CAD63C2AB004FCB48E33.highlight.minted)

LaTeX Warning: Reference `cap:02' on page 1 undefined on input line 479.

(./build/cap00/_minted/A2AD6D8F475637ABD94FD246D187B3DB.highlight.minted)
(./build/cap00/_minted/D36BCACD6478C1D44642827C8113BD21.highlight.minted)
(./build/cap00/_minted/DDFED49CF9B99A0CD49C564C7858FB44.highlight.minted)
(./build/cap00/_minted/DA081593EF905BD6997CBF2930A2F360.highlight.minted)
(./build/cap00/_minted/307441C450A6BA1D71D725C146F94FBB.highlight.minted)
(./build/cap00/_minted/377D4935FB17CAD63C2AB004FCB48E33.highlight.minted)
(./build/cap00/_minted/D352F6FCB39B46CCF42DB904FA0B0F25.highlight.minted)
(./build/cap00/_minted/659A09B4095ACADB66A34D6D9305A9E5.highlight.minted)
[19] (./build/cap00/_minted/9E5D446D4484784CBDECFAAF0399E8C0.highlight.minted)
(./build/cap00/_minted/8891B0A0F7550EF974D575033000915B.highlight.minted)
(./build/cap00/_minted/49300661BF071BF8C01E693F85937AE4.highlight.minted)
(./build/cap00/_minted/4AE697F0ECB5ACC78F58343A479A631C.highlight.minted)
(./build/cap00/_minted/ED8E2EE1DCA16AE6F1AB4A312D80DA86.highlight.minted)
[20] (./build/cap00/_minted/901DEE3A343AE8E785FEFD7B7D1DE0D5.highlight.minted)
(./build/cap00/_minted/5FDED597161A24D8605DEA3027998537.highlight.minted)
Overfull \hbox (101.52014pt too wide) in paragraph at lines 504--505
\TU/LibertinusSerif(0)/m/n/10.95 ca-da re-gión in-ge-nua-men-te, des-de su ini
-cio has-ta su fi-nal (\TU/FiraMono(0)/m/n/10 seq[start:end][].[]translate(to_s
top[]=[][]\TU/FiraMono(0)/b/n/10 True[]\TU/FiraMono(0)/m/n/10 )\TU/LibertinusSe
rif(0)/m/n/10.95 ),

Underfull \vbox (badness 1490) has occurred while \output is active
[21] (./build/cap00/_minted/659A09B4095ACADB66A34D6D9305A9E5.highlight.minted)
Overfull \hbox (10.83565pt too wide) in paragraph at lines 543--544
 [][] 

LaTeX Warning: Reference `cap:03' on page 1 undefined on input line 551.


[22] (./build/cap00/_minted/CEB7A084B537A243266E7F8567610B59.highlight.minted)
(./build/cap00/_minted/94A6E745EEF26F3549AB14EE312AB6C9.highlight.minted)
(./build/cap00/_minted/410393DEA1CE63A321821B4FB71933E7.highlight.minted)
Overfull \hbox (1.79884pt too wide) in paragraph at lines 553--554
[]\TU/LibertinusSerif(0)/m/n/10.95 En Co-lab, BLAST+ se ins-ta-la des-de los re
-po-si-to-rios del sis-te-ma (\TU/FiraMono(0)/m/n/10.95 apt-get install
(./build/cap00/_minted/DE7FC50917B88191EB8CF82464ACE162.highlight.minted)
[23]

LaTeX Warning: Reference `cap:03' on page 1 undefined on input line 588.


[24]
[25]
[26]
Overfull \hbox (60.07864pt too wide) detected at line 639
\TU/LibertinusMath-Regular.otf(1)/m/n/10.95 7 → 6 → 1 → 8 → 11 → 10 
→ 5 → 12 → 15 → 14 → 9 → 0 → 3 → 2 → 13 → 4 → 7 → ⋯

[27] (./build/cap00/_minted/0ED2A88E1B45D4FBB8D4786AB1FDDFA1.highlight.minted)
Underfull \vbox (badness 3724) has occurred while \output is active
[28] (./build/cap00/_minted/A8731D0F06BA3FAF0534DD44600A0625.highlight.minted)
(./build/cap00/_minted/EBB4D739C181ADEB4B1B57B7A39443C4.highlight.minted)
Underfull \vbox (badness 10000) has occurred while \output is active
[29]
Underfull \vbox (badness 2582) has occurred while \output is active
[30]
[31]
Underfull \vbox (badness 1286) has occurred while \output is active
[32] (./build/cap00/_minted/monokai.style.minted)
(./build/cap00/_minted/A71A3DD1CDAE1741A3B7A2C536E82BEF.highlight.minted)
Overfull \hbox (7.61224pt too wide) in paragraph at lines 813--814
[]\TU/FiraMono(0)/m/n/10.95 analisis_final.py[]\TU/LibertinusSerif(0)/m/n/10.95
 , []\TU/FiraMono(0)/m/n/10.95 analisis_final_v2.py[] \TU/LibertinusSerif(0)/m/
n/10.95 y []\TU/FiraMono(0)/m/n/10.95 analisis_final_DEFINITIVO.py[]

Underfull \vbox (badness 7030) has occurred while \output is active
[33] (./build/cap00/_minted/020FBF7346A6768A3D327335A264C69D.highlight.minted)
Underfull \vbox (badness 7451) has occurred while \output is active
[34]
[35]
Underfull \vbox (badness 10000) has occurred while \output is active
[36] (./build/cap00/_minted/EA848F31BFFD8EE1AE69A7C320AD38EB.highlight.minted)
(./build/cap00/_minted/C8DE8B25434A84036F1D5FA69B746CAD.highlight.minted)
(./build/cap00/_minted/377D4935FB17CAD63C2AB004FCB48E33.highlight.minted)
(./build/cap00/_minted/E263B0D6B2E6FC9AC746DB38EA194D17.highlight.minted)
(./build/cap00/_minted/CEB7A084B537A243266E7F8567610B59.highlight.minted)
Overfull \hbox (5.91696pt too wide) in paragraph at lines 907--908
[]\TU/LibertinusSerif(0)/m/n/10 Biopython re-pre-sen-ta se-cuen-cias (\TU/FiraM
ono(0)/m/n/10 Seq\TU/LibertinusSerif(0)/m/n/10 ), re-gis-tros (\TU/FiraMono(0)/
m/n/10 SeqRecord\TU/LibertinusSerif(0)/m/n/10 ) y ar-chi-vos (\TU/FiraMono(0)/m
/n/10 SeqIO\TU/LibertinusSerif(0)/m/n/10 );

[37] (./build/cap00/_minted/72527580B59BA506998123FE9B0C4031.highlight.minted)
(./build/cap00/_minted/BA9AA3C4BE8F96B8387779A4C7405787.highlight.minted)
(./build/cap00/_minted/7A230E23EAA8880356F8343DC9782B13.highlight.minted)
(./build/cap00/_minted/4F8FD8A17DD8EA1C04693B018C84BC0B.highlight.minted)
(./build/cap00/_minted/5CE90765678B6E21A1A4114539EB4D1F.highlight.minted)
[38]
[39]
[40])
[41] (./build/cap00/cap00.aux)

LaTeX Warning: There were undefined references.

)
(see the transcript file for additional information)
 1781 words of node memory still in use:
   31 hlist, 2 vlist, 14 rule, 4 glue, 4 kern, 1 glyph, 184 attribute, 81 glue_
spec, 130 attribute_list, 2 write, 24 pdf_literal, 5 pdf_action, 24 pdf_colorst
ack nodes
   avail lists: 1:41,2:117603,3:70765,4:15498,5:685,6:111,7:20737,8:75,9:1555,1
0:29,11:961,12:4
</usr/local/texlive/2025/texmf-dist/fonts/opentype/adobe/sourcesanspro/SourceSa
nsPro-SemiboldIt.otf></usr/local/texlive/2025/texmf-dist/fonts/opentype/public/
fira/FiraMono-Oblique.otf></usr/local/texlive/2025/texmf-dist/fonts/opentype/pu
blic/libertinus-fonts/LibertinusSerif-Semibold.otf></usr/local/texlive/2025/tex
mf-dist/fonts/opentype/public/libertinus-fonts/LibertinusMath-Regular.otf></usr
/local/texlive/2025/texmf-dist/fonts/opentype/public/libertinus-fonts/Libertinu
sSerif-Regular.otf></usr/local/texlive/2025/texmf-dist/fonts/opentype/public/li
bertinus-fonts/LibertinusMath-Regular.otf></usr/local/texlive/2025/texmf-dist/f
onts/opentype/public/fira/FiraMono-Medium.otf></usr/local/texlive/2025/texmf-di
st/fonts/opentype/public/libertinus-fonts/LibertinusMath-Regular.otf></usr/loca
l/texlive/2025/texmf-dist/fonts/opentype/public/fontawesome5/FontAwesome5Free-S
olid-900.otf></usr/local/texlive/2025/texmf-dist/fonts/opentype/adobe/sourcesan
spro/SourceSansPro-Black.otf></usr/local/texlive/2025/texmf-dist/fonts/opentype
/public/libertinus-fonts/LibertinusSerif-Regular.otf></usr/local/texlive/2025/t
exmf-dist/fonts/opentype/adobe/sourcesanspro/SourceSansPro-RegularIt.otf></usr/
local/texlive/2025/texmf-dist/fonts/opentype/public/fira/FiraMono-Regular.otf><
/usr/local/texlive/2025/texmf-dist/fonts/opentype/adobe/sourcesanspro/SourceSan
sPro-Regular.otf></usr/local/texlive/2025/texmf-dist/fonts/opentype/public/libe
rtinus-fonts/LibertinusSerif-Italic.otf></usr/local/texlive/2025/texmf-dist/fon
ts/opentype/adobe/sourcesanspro/SourceSansPro-Light.otf></usr/local/texlive/202
5/texmf-dist/fonts/opentype/adobe/sourcesanspro/SourceSansPro-Semibold.otf></us
r/local/texlive/2025/texmf-dist/fonts/opentype/adobe/sourcesanspro/SourceSansPr
o-ExtraLight.otf>
Output written on cap00.pdf (41 pages, 678058 bytes).
Transcript written on cap00.log.
Latexmk: Getting log file 'build/cap00/cap00.log'
Latexmk: Examining 'build/cap00/cap00.fls'
Latexmk: Examining 'build/cap00/cap00.log'
Latexmk: Found input bbl file 'build/cap00/cap00.bbl'
Latexmk: Log file says output to 'cap00.pdf'
Latexmk: Bibliography file(s) from .bcf file:
  bib/cap00.bib
Latexmk: applying rule 'lualatex'...
Rule 'lualatex':  Reasons for rerun
Changed files or newly in use/created:
  build/cap00/cap00.run.xml

------------
Run number 3 of rule 'lualatex'
------------
------------
Running 'lualatex  -shell-escape -interaction=nonstopmode -halt-on-error -recorder -output-directory="build/cap00"  "build/cap00/cap00.tex"'
------------
This is LuaHBTeX, Version 1.21.0 (TeX Live 2025) 
 system commands enabled.
(./build/cap00/cap00.tex
LaTeX2e <2024-11-01> patch level 2
L3 programming layer <2025-01-18>
 (/usr/local/texlive/2025/texmf-dist/tex/latex/base/book.cls
Document Class: book 2024/06/29 v1.4n Standard LaTeX document class
(/usr/local/texlive/2025/texmf-dist/tex/latex/base/bk11.clo))
(./estilo/bioinfo.sty

LaTeX Warning: You have requested package `estilo/bioinfo',
               but the package provides `bioinfo'.

(/usr/local/texlive/2025/texmf-dist/tex/latex/geometry/geometry.sty
(/usr/local/texlive/2025/texmf-dist/tex/latex/graphics/keyval.sty)
(/usr/local/texlive/2025/texmf-dist/tex/generic/iftex/ifvtex.sty
(/usr/local/texlive/2025/texmf-dist/tex/generic/iftex/iftex.sty)))
(/usr/local/texlive/2025/texmf-dist/tex/generic/babel/babel.sty
(/usr/local/texlive/2025/texmf-dist/tex/generic/babel/luababel.def)
(/usr/local/texlive/2025/texmf-dist/tex/generic/babel/luababel.def)
(/usr/local/texlive/2025/texmf-dist/tex/generic/babel-spanish/spanish.ldf
(/usr/local/texlive/2025/texmf-dist/tex/generic/hyph-utf8/loadhyph/loadhyph-es.
tex UTF-8 Spanish hyphenation patterns
(/usr/local/texlive/2025/texmf-dist/tex/generic/hyph-utf8/patterns/tex/hyph-es.
tex))))
(/usr/local/texlive/2025/texmf-dist/tex/generic/babel/locale/es/babel-spanish.t
ex) (/usr/local/texlive/2025/texmf-dist/tex/latex/amsmath/amsmath.sty
For additional information on amsmath, use the `?' option.
(/usr/local/texlive/2025/texmf-dist/tex/latex/amsmath/amstext.sty
(/usr/local/texlive/2025/texmf-dist/tex/latex/amsmath/amsgen.sty))
(/usr/local/texlive/2025/texmf-dist/tex/latex/amsmath/amsbsy.sty)
(/usr/local/texlive/2025/texmf-dist/tex/latex/amsmath/amsopn.sty))
(/usr/local/texlive/2025/texmf-dist/tex/latex/amsfonts/amssymb.sty
(/usr/local/texlive/2025/texmf-dist/tex/latex/amsfonts/amsfonts.sty))
(/usr/local/texlive/2025/texmf-dist/tex/latex/mathtools/mathtools.sty
(/usr/local/texlive/2025/texmf-dist/tex/latex/tools/calc.sty)
(/usr/local/texlive/2025/texmf-dist/tex/latex/mathtools/mhsetup.sty))
(/usr/local/texlive/2025/texmf-dist/tex/latex/fontspec/fontspec.sty
(/usr/local/texlive/2025/texmf-dist/tex/latex/l3packages/xparse/xparse.sty
(/usr/local/texlive/2025/texmf-dist/tex/latex/l3kernel/expl3.sty
(/usr/local/texlive/2025/texmf-dist/tex/latex/l3backend/l3backend-luatex.def)))
 (/usr/local/texlive/2025/texmf-dist/tex/latex/fontspec/fontspec-luatex.sty
(/usr/local/texlive/2025/texmf-dist/tex/latex/base/fontenc.sty)
(/usr/local/texlive/2025/texmf-dist/tex/latex/fontspec/fontspec.cfg)))
(/usr/local/texlive/2025/texmf-dist/tex/latex/unicode-math/unicode-math.sty
(/usr/local/texlive/2025/texmf-dist/tex/latex/unicode-math/unicode-math-luatex.
sty
(/usr/local/texlive/2025/texmf-dist/tex/latex/l3packages/l3keys2e/l3keys2e.sty)
 (/usr/local/texlive/2025/texmf-dist/tex/latex/base/fix-cm.sty
(/usr/local/texlive/2025/texmf-dist/tex/latex/base/ts1enc.def))
(/usr/local/texlive/2025/texmf-dist/tex/lualatex/lualatex-math/lualatex-math.st
y (/usr/local/texlive/2025/texmf-dist/tex/latex/etoolbox/etoolbox.sty))
(/usr/local/texlive/2025/texmf-dist/tex/latex/unicode-math/unicode-math-table.t
ex))) (/usr/local/texlive/2025/texmf-dist/tex/latex/amsfonts/umsa.fd)
(/usr/local/texlive/2025/texmf-dist/tex/latex/amsfonts/umsb.fd)
(/usr/local/texlive/2025/texmf-dist/tex/latex/microtype/microtype.sty
(/usr/local/texlive/2025/texmf-dist/tex/latex/microtype/microtype-luatex.def)
(/usr/local/texlive/2025/texmf-dist/tex/latex/microtype/microtype.cfg))
(/usr/local/texlive/2025/texmf-dist/tex/latex/csquotes/csquotes.sty
(/usr/local/texlive/2025/texmf-dist/tex/latex/csquotes/csquotes.def)
(/usr/local/texlive/2025/texmf-dist/tex/latex/csquotes/csquotes.cfg))
(/usr/local/texlive/2025/texmf-dist/tex/latex/xcolor/xcolor.sty
(/usr/local/texlive/2025/texmf-dist/tex/latex/graphics-cfg/color.cfg)
(/usr/local/texlive/2025/texmf-dist/tex/latex/graphics-def/luatex.def)
(/usr/local/texlive/2025/texmf-dist/tex/latex/graphics/mathcolor.ltx))
(/usr/local/texlive/2025/texmf-dist/tex/latex/graphics/dvipsnam.def)
(/usr/local/texlive/2025/texmf-dist/tex/latex/colortbl/colortbl.sty
(/usr/local/texlive/2025/texmf-dist/tex/latex/tools/array.sty))
(/usr/local/texlive/2025/texmf-dist/tex/latex/graphics/graphicx.sty
(/usr/local/texlive/2025/texmf-dist/tex/latex/graphics/graphics.sty
(/usr/local/texlive/2025/texmf-dist/tex/latex/graphics/trig.sty)
(/usr/local/texlive/2025/texmf-dist/tex/latex/graphics-cfg/graphics.cfg)))
(/usr/local/texlive/2025/texmf-dist/tex/latex/pgf/frontendlayer/tikz.sty
(/usr/local/texlive/2025/texmf-dist/tex/latex/pgf/basiclayer/pgf.sty
(/usr/local/texlive/2025/texmf-dist/tex/latex/pgf/utilities/pgfrcs.sty
(/usr/local/texlive/2025/texmf-dist/tex/generic/pgf/utilities/pgfutil-common.te
x)
(/usr/local/texlive/2025/texmf-dist/tex/generic/pgf/utilities/pgfutil-latex.def
) (/usr/local/texlive/2025/texmf-dist/tex/generic/pgf/utilities/pgfrcs.code.tex
(/usr/local/texlive/2025/texmf-dist/tex/generic/pgf/pgf.revision.tex)))
(/usr/local/texlive/2025/texmf-dist/tex/latex/pgf/basiclayer/pgfcore.sty
(/usr/local/texlive/2025/texmf-dist/tex/latex/pgf/systemlayer/pgfsys.sty
(/usr/local/texlive/2025/texmf-dist/tex/generic/pgf/systemlayer/pgfsys.code.tex
(/usr/local/texlive/2025/texmf-dist/tex/generic/pgf/utilities/pgfkeys.code.tex
(/usr/local/texlive/2025/texmf-dist/tex/generic/pgf/utilities/pgfkeyslibraryfil
tered.code.tex))
(/usr/local/texlive/2025/texmf-dist/tex/generic/pgf/systemlayer/pgf.cfg)
(/usr/local/texlive/2025/texmf-dist/tex/generic/pgf/systemlayer/pgfsys-luatex.d
ef
(/usr/local/texlive/2025/texmf-dist/tex/generic/pgf/systemlayer/pgfsys-common-p
df.def)))
(/usr/local/texlive/2025/texmf-dist/tex/generic/pgf/systemlayer/pgfsyssoftpath.
code.tex)
(/usr/local/texlive/2025/texmf-dist/tex/generic/pgf/systemlayer/pgfsysprotocol.
code.tex))
(/usr/local/texlive/2025/texmf-dist/tex/generic/pgf/basiclayer/pgfcore.code.tex
(/usr/local/texlive/2025/texmf-dist/tex/generic/pgf/math/pgfmath.code.tex
(/usr/local/texlive/2025/texmf-dist/tex/generic/pgf/math/pgfmathutil.code.tex)
(/usr/local/texlive/2025/texmf-dist/tex/generic/pgf/math/pgfmathparser.code.tex
)
(/usr/local/texlive/2025/texmf-dist/tex/generic/pgf/math/pgfmathfunctions.code.
tex)
(/usr/local/texlive/2025/texmf-dist/tex/generic/pgf/math/pgfmathfunctions.basic
.code.tex)
(/usr/local/texlive/2025/texmf-dist/tex/generic/pgf/math/pgfmathfunctions.trigo
nometric.code.tex)
(/usr/local/texlive/2025/texmf-dist/tex/generic/pgf/math/pgfmathfunctions.rando
m.code.tex)
(/usr/local/texlive/2025/texmf-dist/tex/generic/pgf/math/pgfmathfunctions.compa
rison.code.tex)
(/usr/local/texlive/2025/texmf-dist/tex/generic/pgf/math/pgfmathfunctions.base.
code.tex)
(/usr/local/texlive/2025/texmf-dist/tex/generic/pgf/math/pgfmathfunctions.round
.code.tex)
(/usr/local/texlive/2025/texmf-dist/tex/generic/pgf/math/pgfmathfunctions.misc.
code.tex)
(/usr/local/texlive/2025/texmf-dist/tex/generic/pgf/math/pgfmathfunctions.integ
erarithmetics.code.tex)
(/usr/local/texlive/2025/texmf-dist/tex/generic/pgf/math/pgfmathcalc.code.tex)
(/usr/local/texlive/2025/texmf-dist/tex/generic/pgf/math/pgfmathfloat.code.tex)
) (/usr/local/texlive/2025/texmf-dist/tex/generic/pgf/math/pgfint.code.tex)
(/usr/local/texlive/2025/texmf-dist/tex/generic/pgf/basiclayer/pgfcorepoints.co
de.tex)
(/usr/local/texlive/2025/texmf-dist/tex/generic/pgf/basiclayer/pgfcorepathconst
ruct.code.tex)
(/usr/local/texlive/2025/texmf-dist/tex/generic/pgf/basiclayer/pgfcorepathusage
.code.tex)
(/usr/local/texlive/2025/texmf-dist/tex/generic/pgf/basiclayer/pgfcorescopes.co
de.tex)
(/usr/local/texlive/2025/texmf-dist/tex/generic/pgf/basiclayer/pgfcoregraphicst
ate.code.tex)
(/usr/local/texlive/2025/texmf-dist/tex/generic/pgf/basiclayer/pgfcoretransform
ations.code.tex)
(/usr/local/texlive/2025/texmf-dist/tex/generic/pgf/basiclayer/pgfcorequick.cod
e.tex)
(/usr/local/texlive/2025/texmf-dist/tex/generic/pgf/basiclayer/pgfcoreobjects.c
ode.tex)
(/usr/local/texlive/2025/texmf-dist/tex/generic/pgf/basiclayer/pgfcorepathproce
ssing.code.tex)
(/usr/local/texlive/2025/texmf-dist/tex/generic/pgf/basiclayer/pgfcorearrows.co
de.tex)
(/usr/local/texlive/2025/texmf-dist/tex/generic/pgf/basiclayer/pgfcoreshade.cod
e.tex)
(/usr/local/texlive/2025/texmf-dist/tex/generic/pgf/basiclayer/pgfcoreimage.cod
e.tex)
(/usr/local/texlive/2025/texmf-dist/tex/generic/pgf/basiclayer/pgfcoreexternal.
code.tex)
(/usr/local/texlive/2025/texmf-dist/tex/generic/pgf/basiclayer/pgfcorelayers.co
de.tex)
(/usr/local/texlive/2025/texmf-dist/tex/generic/pgf/basiclayer/pgfcoretranspare
ncy.code.tex)
(/usr/local/texlive/2025/texmf-dist/tex/generic/pgf/basiclayer/pgfcorepatterns.
code.tex)
(/usr/local/texlive/2025/texmf-dist/tex/generic/pgf/basiclayer/pgfcorerdf.code.
tex)))
(/usr/local/texlive/2025/texmf-dist/tex/generic/pgf/modules/pgfmoduleshapes.cod
e.tex)
(/usr/local/texlive/2025/texmf-dist/tex/generic/pgf/modules/pgfmoduleplot.code.
tex)
(/usr/local/texlive/2025/texmf-dist/tex/latex/pgf/compatibility/pgfcomp-version
-0-65.sty)
(/usr/local/texlive/2025/texmf-dist/tex/latex/pgf/compatibility/pgfcomp-version
-1-18.sty))
(/usr/local/texlive/2025/texmf-dist/tex/latex/pgf/utilities/pgffor.sty
(/usr/local/texlive/2025/texmf-dist/tex/latex/pgf/utilities/pgfkeys.sty
(/usr/local/texlive/2025/texmf-dist/tex/generic/pgf/utilities/pgfkeys.code.tex)
) (/usr/local/texlive/2025/texmf-dist/tex/latex/pgf/math/pgfmath.sty
(/usr/local/texlive/2025/texmf-dist/tex/generic/pgf/math/pgfmath.code.tex))
(/usr/local/texlive/2025/texmf-dist/tex/generic/pgf/utilities/pgffor.code.tex))

(/usr/local/texlive/2025/texmf-dist/tex/generic/pgf/frontendlayer/tikz/tikz.cod
e.tex
(/usr/local/texlive/2025/texmf-dist/tex/generic/pgf/libraries/pgflibraryplothan
dlers.code.tex)
(/usr/local/texlive/2025/texmf-dist/tex/generic/pgf/modules/pgfmodulematrix.cod
e.tex)
(/usr/local/texlive/2025/texmf-dist/tex/generic/pgf/frontendlayer/tikz/librarie
s/tikzlibrarytopaths.code.tex)))
(/usr/local/texlive/2025/texmf-dist/tex/generic/pgf/libraries/pgflibraryarrows.
meta.code.tex)
(/usr/local/texlive/2025/texmf-dist/tex/generic/pgf/frontendlayer/tikz/librarie
s/tikzlibrarypositioning.code.tex)
(/usr/local/texlive/2025/texmf-dist/tex/generic/pgf/frontendlayer/tikz/librarie
s/tikzlibrarycalc.code.tex)
(/usr/local/texlive/2025/texmf-dist/tex/generic/pgf/frontendlayer/tikz/librarie
s/tikzlibraryfit.code.tex)
(/usr/local/texlive/2025/texmf-dist/tex/generic/pgf/frontendlayer/tikz/librarie
s/tikzlibrarybackgrounds.code.tex)
(/usr/local/texlive/2025/texmf-dist/tex/generic/pgf/frontendlayer/tikz/librarie
s/tikzlibraryshapes.code.tex
(/usr/local/texlive/2025/texmf-dist/tex/generic/pgf/frontendlayer/tikz/librarie
s/tikzlibraryshapes.geometric.code.tex
(/usr/local/texlive/2025/texmf-dist/tex/generic/pgf/libraries/shapes/pgflibrary
shapes.geometric.code.tex))
(/usr/local/texlive/2025/texmf-dist/tex/generic/pgf/frontendlayer/tikz/librarie
s/tikzlibraryshapes.misc.code.tex
(/usr/local/texlive/2025/texmf-dist/tex/generic/pgf/libraries/shapes/pgflibrary
shapes.misc.code.tex))
(/usr/local/texlive/2025/texmf-dist/tex/generic/pgf/frontendlayer/tikz/librarie
s/tikzlibraryshapes.symbols.code.tex
(/usr/local/texlive/2025/texmf-dist/tex/generic/pgf/libraries/shapes/pgflibrary
shapes.symbols.code.tex))
(/usr/local/texlive/2025/texmf-dist/tex/generic/pgf/frontendlayer/tikz/librarie
s/tikzlibraryshapes.arrows.code.tex
(/usr/local/texlive/2025/texmf-dist/tex/generic/pgf/libraries/shapes/pgflibrary
shapes.arrows.code.tex))
(/usr/local/texlive/2025/texmf-dist/tex/generic/pgf/frontendlayer/tikz/librarie
s/tikzlibraryshapes.callouts.code.tex
(/usr/local/texlive/2025/texmf-dist/tex/generic/pgf/libraries/shapes/pgflibrary
shapes.callouts.code.tex))
(/usr/local/texlive/2025/texmf-dist/tex/generic/pgf/frontendlayer/tikz/librarie
s/tikzlibraryshapes.multipart.code.tex
(/usr/local/texlive/2025/texmf-dist/tex/generic/pgf/libraries/shapes/pgflibrary
shapes.multipart.code.tex)))
(/usr/local/texlive/2025/texmf-dist/tex/generic/pgf/frontendlayer/tikz/librarie
s/tikzlibrarydecorations.pathreplacing.code.tex
(/usr/local/texlive/2025/texmf-dist/tex/generic/pgf/frontendlayer/tikz/librarie
s/tikzlibrarydecorations.code.tex
(/usr/local/texlive/2025/texmf-dist/tex/generic/pgf/modules/pgfmoduledecoration
s.code.tex))
(/usr/local/texlive/2025/texmf-dist/tex/generic/pgf/libraries/decorations/pgfli
brarydecorations.pathreplacing.code.tex))
(/usr/local/texlive/2025/texmf-dist/tex/generic/pgf/frontendlayer/tikz/librarie
s/tikzlibrarydecorations.pathmorphing.code.tex
(/usr/local/texlive/2025/texmf-dist/tex/generic/pgf/libraries/decorations/pgfli
brarydecorations.pathmorphing.code.tex))
(/usr/local/texlive/2025/texmf-dist/tex/generic/pgf/frontendlayer/tikz/librarie
s/tikzlibrarydecorations.text.code.tex
(/usr/local/texlive/2025/texmf-dist/tex/generic/pgf/libraries/decorations/pgfli
brarydecorations.text.code.tex))
(/usr/local/texlive/2025/texmf-dist/tex/generic/pgf/frontendlayer/tikz/librarie
s/tikzlibrarypatterns.code.tex
(/usr/local/texlive/2025/texmf-dist/tex/generic/pgf/libraries/pgflibrarypattern
s.code.tex))
(/usr/local/texlive/2025/texmf-dist/tex/generic/pgf/frontendlayer/tikz/librarie
s/tikzlibraryshadows.code.tex
(/usr/local/texlive/2025/texmf-dist/tex/generic/pgf/frontendlayer/tikz/librarie
s/tikzlibraryfadings.code.tex
(/usr/local/texlive/2025/texmf-dist/tex/generic/pgf/libraries/pgflibraryfadings
.code.tex)))
(/usr/local/texlive/2025/texmf-dist/tex/latex/pgf-blur/tikzlibraryshadows.blur.
code.tex  v1.02, 2012/12/09)
(/usr/local/texlive/2025/texmf-dist/tex/generic/pgf/frontendlayer/tikz/librarie
s/tikzlibrarymatrix.code.tex)
(/usr/local/texlive/2025/texmf-dist/tex/generic/pgf/frontendlayer/tikz/librarie
s/tikzlibrarychains.code.tex)
(/usr/local/texlive/2025/texmf-dist/tex/generic/pgf/frontendlayer/tikz/librarie
s/tikzlibraryintersections.code.tex
(/usr/local/texlive/2025/texmf-dist/tex/generic/pgf/libraries/pgflibraryinterse
ctions.code.tex
(/usr/local/texlive/2025/texmf-dist/tex/generic/pgf/libraries/pgflibraryfpu.cod
e.tex)))
(/usr/local/texlive/2025/texmf-dist/tex/generic/pgf/frontendlayer/tikz/librarie
s/tikzlibrarytrees.code.tex)
(/usr/local/texlive/2025/texmf-dist/tex/generic/pgf/frontendlayer/tikz/librarie
s/graphs/tikzlibrarygraphs.code.tex)
(/usr/local/texlive/2025/texmf-dist/tex/generic/pgf/frontendlayer/tikz/librarie
s/tikzlibraryquotes.code.tex)
(/usr/local/texlive/2025/texmf-dist/tex/generic/pgf/frontendlayer/tikz/librarie
s/tikzlibraryspy.code.tex)
(/usr/local/texlive/2025/texmf-dist/tex/generic/pgf/frontendlayer/tikz/librarie
s/tikzlibrarybending.code.tex
(/usr/local/texlive/2025/texmf-dist/tex/generic/pgf/modules/pgfmodulebending.co
de.tex
(/usr/local/texlive/2025/texmf-dist/tex/generic/pgf/modules/pgfmodulenonlineart
ransformations.code.tex)
(/usr/local/texlive/2025/texmf-dist/tex/generic/pgf/libraries/pgflibrarycurvili
near.code.tex)))
(/usr/local/texlive/2025/texmf-dist/tex/generic/pgf/frontendlayer/tikz/librarie
s/tikzlibrarymath.code.tex
(/usr/local/texlive/2025/texmf-dist/tex/generic/pgf/frontendlayer/tikz/librarie
s/tikzlibraryfpu.code.tex))
(/usr/local/texlive/2025/texmf-dist/tex/latex/pgfplots/pgfplots.sty
(/usr/local/texlive/2025/texmf-dist/tex/generic/pgfplots/pgfplots.revision.tex)
(/usr/local/texlive/2025/texmf-dist/tex/generic/pgfplots/pgfplots.code.tex
(/usr/local/texlive/2025/texmf-dist/tex/generic/pgfplots/pgfplotscore.code.tex
(/usr/local/texlive/2025/texmf-dist/tex/generic/pgfplots/sys/pgfplotssysgeneric
.code.tex))
(/usr/local/texlive/2025/texmf-dist/tex/generic/pgfplots/libs/pgfplotslibrary.c
ode.tex)
(/usr/local/texlive/2025/texmf-dist/tex/generic/pgfplots/oldpgfcompatib/pgfplot
soldpgfsupp_loader.code.tex
Package pgfplots: loading complementary utilities for your pgf version...

(/usr/local/texlive/2025/texmf-dist/tex/generic/pgfplots/oldpgfcompatib/pgfplot
soldpgfsupp_pgfutil-common-lists.tex)
(/usr/local/texlive/2025/texmf-dist/tex/generic/pgf/libraries/luamath/pgflibrar
yluamath.code.tex))
(/usr/local/texlive/2025/texmf-dist/tex/generic/pgfplots/util/pgfplotsutil.code
.tex
(/usr/local/texlive/2025/texmf-dist/tex/generic/pgfplots/liststructure/pgfplots
liststructure.code.tex)
(/usr/local/texlive/2025/texmf-dist/tex/generic/pgfplots/liststructure/pgfplots
liststructureext.code.tex)
(/usr/local/texlive/2025/texmf-dist/tex/generic/pgfplots/liststructure/pgfplots
array.code.tex)
(/usr/local/texlive/2025/texmf-dist/tex/generic/pgfplots/liststructure/pgfplots
matrix.code.tex)
(/usr/local/texlive/2025/texmf-dist/tex/generic/pgfplots/numtable/pgfplotstable
shared.code.tex)
(/usr/local/texlive/2025/texmf-dist/tex/generic/pgfplots/liststructure/pgfplots
deque.code.tex)
(/usr/local/texlive/2025/texmf-dist/tex/generic/pgfplots/util/pgfplotsbinary.co
de.tex
(/usr/local/texlive/2025/texmf-dist/tex/generic/pgfplots/util/pgfplotsbinary.da
ta.code.tex))
(/usr/local/texlive/2025/texmf-dist/tex/generic/pgfplots/util/pgfplotsutil.verb
.code.tex)
(/usr/local/texlive/2025/texmf-dist/tex/generic/pgfplots/libs/pgflibrarypgfplot
s.surfshading.code.tex
(/usr/local/texlive/2025/texmf-dist/tex/generic/pgfplots/sys/pgflibrarypgfplots
.surfshading.pgfsys-luatex.def)))
(/usr/local/texlive/2025/texmf-dist/tex/generic/pgfplots/util/pgfplotscolormap.
code.tex
(/usr/local/texlive/2025/texmf-dist/tex/generic/pgfplots/util/pgfplotscolor.cod
e.tex))
(/usr/local/texlive/2025/texmf-dist/tex/generic/pgfplots/pgfplotsstackedplots.c
ode.tex)
(/usr/local/texlive/2025/texmf-dist/tex/generic/pgfplots/pgfplotsplothandlers.c
ode.tex
(/usr/local/texlive/2025/texmf-dist/tex/generic/pgfplots/pgfplotsmeshplothandle
r.code.tex
(/usr/local/texlive/2025/texmf-dist/tex/generic/pgfplots/pgfplotsmeshplotimage.
code.tex)))
(/usr/local/texlive/2025/texmf-dist/tex/generic/pgfplots/pgfplots.scaling.code.
tex)
(/usr/local/texlive/2025/texmf-dist/tex/generic/pgfplots/pgfplotscoordprocessin
g.code.tex)
(/usr/local/texlive/2025/texmf-dist/tex/generic/pgfplots/pgfplots.errorbars.cod
e.tex)
(/usr/local/texlive/2025/texmf-dist/tex/generic/pgfplots/pgfplots.markers.code.
tex)
(/usr/local/texlive/2025/texmf-dist/tex/generic/pgfplots/pgfplotsticks.code.tex
)
(/usr/local/texlive/2025/texmf-dist/tex/generic/pgfplots/pgfplots.paths.code.te
x)
(/usr/local/texlive/2025/texmf-dist/tex/generic/pgfplots/libs/tikzlibrarypgfplo
ts.contourlua.code.tex))
(/usr/local/texlive/2025/texmf-dist/tex/generic/pgf/frontendlayer/tikz/librarie
s/tikzlibraryplotmarks.code.tex
(/usr/local/texlive/2025/texmf-dist/tex/generic/pgf/libraries/pgflibraryplotmar
ks.code.tex)))
(/usr/local/texlive/2025/texmf-dist/tex/generic/pgfplots/libs/tikzlibrarypgfplo
ts.fillbetween.code.tex
(/usr/local/texlive/2025/texmf-dist/tex/generic/pgfplots/pgfcontrib/tikzlibrary
fillbetween.code.tex
(/usr/local/texlive/2025/texmf-dist/tex/generic/pgfplots/pgfcontrib/tikzlibrary
decorations.softclip.code.tex
(/usr/local/texlive/2025/texmf-dist/tex/generic/pgfplots/pgfcontrib/pgflibraryf
illbetween.code.tex)))
(/usr/local/texlive/2025/texmf-dist/tex/generic/pgfplots/libs/tikzlibrarypgfplo
ts.decorations.softclip.code.tex))
(/usr/local/texlive/2025/texmf-dist/tex/generic/pgfplots/libs/tikzlibrarypgfplo
ts.groupplots.code.tex)
(/usr/local/texlive/2025/texmf-dist/tex/generic/pgfplots/libs/tikzlibrarypgfplo
ts.colormaps.code.tex)
(/usr/local/texlive/2025/texmf-dist/tex/generic/pgfplots/libs/tikzlibrarypgfplo
ts.statistics.code.tex)
(/usr/local/texlive/2025/texmf-dist/tex/latex/booktabs/booktabs.sty)
(/usr/local/texlive/2025/texmf-dist/tex/latex/tools/tabularx.sty)
(/usr/local/texlive/2025/texmf-dist/tex/latex/multirow/multirow.sty)
(/usr/local/texlive/2025/texmf-dist/tex/latex/tools/longtable.sty)
(/usr/local/texlive/2025/texmf-dist/tex/latex/enumitem/enumitem.sty)
(/usr/local/texlive/2025/texmf-dist/tex/latex/caption/caption.sty
(/usr/local/texlive/2025/texmf-dist/tex/latex/caption/caption3.sty)
(/usr/local/texlive/2025/texmf-dist/tex/latex/caption/ltcaption.sty))
(/usr/local/texlive/2025/texmf-dist/tex/latex/caption/subcaption.sty)
(/usr/local/texlive/2025/texmf-dist/tex/latex/siunitx/siunitx.sty
(/usr/local/texlive/2025/texmf-dist/tex/latex/translations/translations.sty
(/usr/local/texlive/2025/texmf-dist/tex/generic/pdftexcmds/pdftexcmds.sty
(/usr/local/texlive/2025/texmf-dist/tex/generic/infwarerr/infwarerr.sty)
(/usr/local/texlive/2025/texmf-dist/tex/generic/ltxcmds/ltxcmds.sty))))
(/usr/local/texlive/2025/texmf-dist/tex/latex/float/float.sty)
(/usr/local/texlive/2025/texmf-dist/tex/latex/wrapfig/wrapfig.sty)
(/usr/local/texlive/2025/texmf-dist/tex/latex/marginnote/marginnote.sty)
(/usr/local/texlive/2025/texmf-dist/tex/latex/pdfpages/pdfpages.sty
(/usr/local/texlive/2025/texmf-dist/tex/latex/base/ifthen.sty)
(/usr/local/texlive/2025/texmf-dist/tex/latex/eso-pic/eso-pic.sty)
(/usr/local/texlive/2025/texmf-dist/tex/latex/pdfpages/ppluatex.def))
(/usr/local/texlive/2025/texmf-dist/tex/latex/tools/multicol.sty)
(/usr/local/texlive/2025/texmf-dist/tex/latex/tools/afterpage.sty)
(/usr/local/texlive/2025/texmf-dist/tex/latex/lipsum/lipsum.sty
(/usr/local/texlive/2025/texmf-dist/tex/latex/lipsum/lipsum.ltd.tex))
(/usr/local/texlive/2025/texmf-dist/tex/latex/emptypage/emptypage.sty)
(/usr/local/texlive/2025/texmf-dist/tex/latex/tcolorbox/tcolorbox.sty
(/usr/local/texlive/2025/texmf-dist/tex/latex/tools/verbatim.sty)
(/usr/local/texlive/2025/texmf-dist/tex/latex/environ/environ.sty
(/usr/local/texlive/2025/texmf-dist/tex/latex/trimspaces/trimspaces.sty))
(/usr/local/texlive/2025/texmf-dist/tex/latex/tcolorbox/tcbraster.code.tex
Library (tcolorbox): 'tcbraster.code.tex' version '6.4.1'
) (/usr/local/texlive/2025/texmf-dist/tex/latex/tcolorbox/tcbskins.code.tex
Library (tcolorbox): 'tcbskins.code.tex' version '6.4.1'
(/usr/local/texlive/2025/texmf-dist/tex/latex/tikzfill/tikzfill.image.sty
(/usr/local/texlive/2025/texmf-dist/tex/latex/tikzfill/tikzfill-common.sty)
(/usr/local/texlive/2025/texmf-dist/tex/latex/tikzfill/tikzlibraryfill.image.co
de.tex))
(/usr/local/texlive/2025/texmf-dist/tex/latex/tcolorbox/tcbskinsjigsaw.code.tex
Library (tcolorbox): 'tcbskinsjigsaw.code.tex' version '6.4.1'
))
(/usr/local/texlive/2025/texmf-dist/tex/latex/tcolorbox/tcbbreakable.code.tex
Library (tcolorbox): 'tcbbreakable.code.tex' version '6.4.1'
(/usr/local/texlive/2025/texmf-dist/tex/latex/pdfcol/pdfcol.sty)
(/usr/local/texlive/2025/texmf-dist/tex/generic/iftex/ifluatex.sty))
(/usr/local/texlive/2025/texmf-dist/tex/latex/tcolorbox/tcbhooks.code.tex
Library (tcolorbox): 'tcbhooks.code.tex' version '6.4.1'
) (/usr/local/texlive/2025/texmf-dist/tex/latex/tcolorbox/tcbtheorems.code.tex
Library (tcolorbox): 'tcbtheorems.code.tex' version '6.4.1'
) (/usr/local/texlive/2025/texmf-dist/tex/latex/tcolorbox/tcbfitting.code.tex
Library (tcolorbox): 'tcbfitting.code.tex' version '6.4.1'
)
(/usr/local/texlive/2025/texmf-dist/tex/latex/tcolorbox/tcblistingsutf8.code.te
x
Library (tcolorbox): 'tcblistingsutf8.code.tex' version '6.4.1'
(/usr/local/texlive/2025/texmf-dist/tex/latex/tcolorbox/tcblistings.code.tex
Library (tcolorbox): 'tcblistings.code.tex' version '6.4.1'
(/usr/local/texlive/2025/texmf-dist/tex/latex/listings/listings.sty
(/usr/local/texlive/2025/texmf-dist/tex/latex/listings/lstpatch.sty)
(/usr/local/texlive/2025/texmf-dist/tex/latex/listings/lstmisc.sty)
(/usr/local/texlive/2025/texmf-dist/tex/latex/listings/listings.cfg))
(/usr/local/texlive/2025/texmf-dist/tex/latex/tcolorbox/tcblistingscore.code.te
x
Library (tcolorbox): 'tcblistingscore.code.tex' version '6.4.1'
(/usr/local/texlive/2025/texmf-dist/tex/latex/tcolorbox/tcbprocessing.code.tex
Library (tcolorbox): 'tcbprocessing.code.tex' version '6.4.1'
))))
(/usr/local/texlive/2025/texmf-dist/tex/latex/tcolorbox/tcbexternal.code.tex
Library (tcolorbox): 'tcbexternal.code.tex' version '6.4.1'
) (/usr/local/texlive/2025/texmf-dist/tex/latex/tcolorbox/tcbmagazine.code.tex
Library (tcolorbox): 'tcbmagazine.code.tex' version '6.4.1'
) (/usr/local/texlive/2025/texmf-dist/tex/latex/tcolorbox/tcbvignette.code.tex
Library (tcolorbox): 'tcbvignette.code.tex' version '6.4.1'
) (/usr/local/texlive/2025/texmf-dist/tex/latex/tcolorbox/tcbposter.code.tex
Library (tcolorbox): 'tcbposter.code.tex' version '6.4.1'
) (/usr/local/texlive/2025/texmf-dist/tex/latex/tcolorbox/tcbminted.code.tex
Library (tcolorbox): 'tcbminted.code.tex' version '6.4.1'
(/usr/local/texlive/2025/texmf-dist/tex/latex/minted/minted.sty
(/usr/local/texlive/2025/texmf-dist/tex/generic/catchfile/catchfile.sty
(/usr/local/texlive/2025/texmf-dist/tex/generic/etexcmds/etexcmds.sty))
(/usr/local/texlive/2025/texmf-dist/tex/latex/fvextra/fvextra.sty
(/usr/local/texlive/2025/texmf-dist/tex/latex/fancyvrb/fancyvrb.sty)
(/usr/local/texlive/2025/texmf-dist/tex/latex/upquote/upquote.sty
(/usr/local/texlive/2025/texmf-dist/tex/latex/base/textcomp.sty))
(/usr/local/texlive/2025/texmf-dist/tex/latex/lineno/lineno.sty
(/usr/local/texlive/2025/texmf-dist/tex/latex/kvoptions/kvoptions.sty
(/usr/local/texlive/2025/texmf-dist/tex/latex/kvsetkeys/kvsetkeys.sty))

LaTeX Warning: Command \@parboxrestore  has changed.
               Check if current package is valid.

)

Package fvextra Warning: csquotes should be loaded after fvextra, to avoid a wa
rning from the lineno package on input line 37.

) (/usr/local/texlive/2025/texmf-dist/tex/latex/latex2pydata/latex2pydata.sty)
(/usr/local/texlive/2025/texmf-dist/tex/latex/pgfopts/pgfopts.sty)
(/usr/local/texlive/2025/texmf-dist/tex/latex/tools/shellesc.sty))))
(/usr/local/texlive/2025/texmf-dist/tex/latex/fontawesome5/fontawesome5.sty
(/usr/local/texlive/2025/texmf-dist/tex/latex/fontawesome5/fontawesome5-utex-he
lper.sty
(/usr/local/texlive/2025/texmf-dist/tex/luatex/luatexbase/luatexbase.sty
(/usr/local/texlive/2025/texmf-dist/tex/luatex/ctablestack/ctablestack.sty))
(/usr/local/texlive/2025/texmf-dist/tex/latex/fontawesome5/tufontawesomefree.fd
)
(/usr/local/texlive/2025/texmf-dist/tex/latex/fontawesome5/tufontawesomebrands.
fd))) (/usr/local/texlive/2025/texmf-dist/tex/latex/titlesec/titlesec.sty)
(/usr/local/texlive/2025/texmf-dist/tex/latex/fancyhdr/fancyhdr.sty)
(/usr/local/texlive/2025/texmf-dist/tex/latex/titlesec/titletoc.sty)
(/usr/local/texlive/2025/texmf-dist/tex/latex/biblatex/biblatex.sty
(/usr/local/texlive/2025/texmf-dist/tex/latex/logreq/logreq.sty
(/usr/local/texlive/2025/texmf-dist/tex/latex/logreq/logreq.def))
(/usr/local/texlive/2025/texmf-dist/tex/latex/url/url.sty)
(/usr/local/texlive/2025/texmf-dist/tex/latex/biblatex/blx-dm.def)
(/usr/local/texlive/2025/texmf-dist/tex/latex/biblatex-apa/apa.dbx)
(/usr/local/texlive/2025/texmf-dist/tex/latex/biblatex/blx-unicode.def)
(/usr/local/texlive/2025/texmf-dist/tex/latex/biblatex/blx-compat.def)
(/usr/local/texlive/2025/texmf-dist/tex/latex/biblatex/biblatex.def)
(/usr/local/texlive/2025/texmf-dist/tex/latex/biblatex-apa/apa.bbx
(/usr/local/texlive/2025/texmf-dist/tex/latex/biblatex/bbx/standard.bbx))
(/usr/local/texlive/2025/texmf-dist/tex/latex/biblatex-apa/apa.cbx)
(/usr/local/texlive/2025/texmf-dist/tex/latex/biblatex/biblatex.cfg)
(/usr/local/texlive/2025/texmf-dist/tex/latex/biblatex/blx-case-expl3.sty))
(/usr/local/texlive/2025/texmf-dist/tex/latex/hyperref/hyperref.sty
(/usr/local/texlive/2025/texmf-dist/tex/generic/kvdefinekeys/kvdefinekeys.sty)
(/usr/local/texlive/2025/texmf-dist/tex/generic/pdfescape/pdfescape.sty)
(/usr/local/texlive/2025/texmf-dist/tex/latex/hycolor/hycolor.sty)
(/usr/local/texlive/2025/texmf-dist/tex/latex/hyperref/nameref.sty
(/usr/local/texlive/2025/texmf-dist/tex/latex/refcount/refcount.sty)
(/usr/local/texlive/2025/texmf-dist/tex/generic/gettitlestring/gettitlestring.s
ty)) (/usr/local/texlive/2025/texmf-dist/tex/generic/stringenc/stringenc.sty)
(/usr/local/texlive/2025/texmf-dist/tex/latex/hyperref/pd1enc.def)
(/usr/local/texlive/2025/texmf-dist/tex/generic/intcalc/intcalc.sty)
(/usr/local/texlive/2025/texmf-dist/tex/latex/hyperref/puenc.def)
(/usr/local/texlive/2025/texmf-dist/tex/generic/bitset/bitset.sty
(/usr/local/texlive/2025/texmf-dist/tex/generic/bigintcalc/bigintcalc.sty))
(/usr/local/texlive/2025/texmf-dist/tex/latex/base/atbegshi-ltx.sty))
(/usr/local/texlive/2025/texmf-dist/tex/latex/hyperref/hluatex.def
(/usr/local/texlive/2025/texmf-dist/tex/latex/base/atveryend-ltx.sty)
(/usr/local/texlive/2025/texmf-dist/tex/latex/rerunfilecheck/rerunfilecheck.sty

(/usr/local/texlive/2025/texmf-dist/tex/generic/uniquecounter/uniquecounter.sty
))) (/usr/local/texlive/2025/texmf-dist/tex/latex/bookmark/bookmark.sty
(/usr/local/texlive/2025/texmf-dist/tex/latex/bookmark/bkm-pdftex.def))
(/usr/local/texlive/2025/texmf-dist/tex/latex/cleveref/cleveref.sty))
(./build/cap00/cap00.aux)
*geometry* driver: auto-detecting
*geometry* detected driver: luatex

Package unicode-math Warning: Using \overbracket and \underbracket from
(unicode-math)                `mathtools' package.
(unicode-math)                 
(unicode-math)                 Use \Uoverbracket and \Uunderbracket for
(unicode-math)                original `unicode-math' definition.


Package unicode-math Warning: I'm going to overwrite the following commands
(unicode-math)                from the `mathtools' package: 
(unicode-math)                 
(unicode-math)                     \dblcolon, \coloneqq, \Coloneqq, \eqqcolon.
(unicode-math)                
(unicode-math)                 
(unicode-math)                 Note that since I won't overwrite the other
(unicode-math)                colon-like commands, using them will lead to
(unicode-math)                inconsistencies.

(/usr/local/texlive/2025/texmf-dist/tex/context/base/mkii/supp-pdf.mkii
[Loading MPS to PDF converter (version 2006.09.02).]
) (/usr/local/texlive/2025/texmf-dist/tex/latex/epstopdf-pkg/epstopdf-base.sty
(/usr/local/texlive/2025/texmf-dist/tex/latex/latexconfig/epstopdf-sys.cfg))
Package pgfplots notification 'compat/show suggested version=true': document ha
s been generated with the most recent feature set (\pgfplotsset{compat=1.18}).


(/usr/local/texlive/2025/texmf-dist/tex/latex/translations/translations-basic-d
ictionary-spanish.trsl)
(/usr/local/texlive/2025/texmf-dist/tex/latex/pdflscape/pdflscape.sty
(/usr/local/texlive/2025/texmf-dist/tex/latex/pdflscape/pdflscape-nometadata.st
y (/usr/local/texlive/2025/texmf-dist/tex/latex/graphics/lscape.sty)))
(/usr/local/texlive/2025/texmf-dist/tex/latex/biblatex-apa/spanish-apa.lbx
(/usr/local/texlive/2025/texmf-dist/tex/latex/biblatex/lbx/spanish.lbx)
(/usr/local/texlive/2025/texmf-dist/tex/latex/biblatex/lbx/spanish.lbx))
(./build/cap00/cap00.bbl) (./capitulos/cap00.tex
Capítulo 0.
(/usr/local/texlive/2025/texmf-dist/tex/latex/microtype/mt-msa.cfg)
(/usr/local/texlive/2025/texmf-dist/tex/latex/microtype/mt-msb.cfg)
(./build/cap00/_594AD41EEAE52EAAD4ABFF7AC9828328.config.minted)
(./build/cap00/_minted/friendly.style.minted)
(./build/cap00/_minted/1C4C29C6DED06785C42DFF2B61AC01E8.highlight.minted)
(./build/cap00/_minted/410393DEA1CE63A321821B4FB71933E7.highlight.minted)
[1{/usr/local/texlive/2025/texmf-var/fonts/map/pdftex/updmap/pdftex.map}]
(/usr/local/texlive/2025/texmf-dist/tex/latex/microtype/mt-TU-empty.cfg)
[2]
[3] (./build/cap00/_minted/09D206DCA2274E30B7321B532134723C.highlight.minted)
[4] (./build/cap00/_minted/B0235B16BA39A28E1070498885AD4BD8.highlight.minted)
(./build/cap00/_minted/B0235B16BA39A28E1070498885AD4BD8.highlight.minted)
(./build/cap00/_minted/B0235B16BA39A28E1070498885AD4BD8.highlight.minted)
(./build/cap00/_minted/B0235B16BA39A28E1070498885AD4BD8.highlight.minted)
(./build/cap00/_minted/0F7A7129A9AFC0F63302647B4105F3AD.highlight.minted)
(./build/cap00/_minted/8DE920E3C94226F71A2B09701D3EA1AC.highlight.minted)
(./build/cap00/_minted/6BAF64C970B5544AC2CBFBCB92B41955.highlight.minted)
[5]

LaTeX Warning: Reference `cap:03' on page 1 undefined on input line 121.

(./build/cap00/_minted/FC734051F13B5E0904DB00A592BA4A61.highlight.minted)
(./build/cap00/_minted/8B3E3D396A857C51B8C7A11D1FAF54D7.highlight.minted)
(./build/cap00/_minted/D6AECCBE09B8194A03A913917DDFE631.highlight.minted)
(./build/cap00/_minted/758ED8B1D007F419F13B4CEBE007F2D1.highlight.minted)
(./build/cap00/_minted/9539904E828AC5062BA8FEBABA64BC87.highlight.minted)
[6] (./build/cap00/_minted/C69BDEF420965ACC9689D61EC0663F2C.highlight.minted)
(./build/cap00/_minted/0CCA776FDF7DBC699D6DFF2DB0405089.highlight.minted)
(./build/cap00/_minted/F89754A959665FCF10F1540D486C8EDF.highlight.minted)
(./build/cap00/_minted/DFC1FC4FB64A55C840E7630EED9C8062.highlight.minted)

LaTeX Warning: Reference `cap:03' on page 1 undefined on input line 178.


[7] (./build/cap00/_minted/8DE920E3C94226F71A2B09701D3EA1AC.highlight.minted)
(./build/cap00/_minted/A09FC902265BDAB6DA83EB8F881B2483.highlight.minted)
(./build/cap00/_minted/6BAF64C970B5544AC2CBFBCB92B41955.highlight.minted)
Underfull \vbox (badness 10000) has occurred while \output is active
[8] (./build/cap00/_minted/FFC62B07480BB7059DD96216D5B1D331.highlight.minted)
(./build/cap00/_minted/517B0721550CE3F11D8967F5D7C48EB5.highlight.minted)
(./build/cap00/_minted/D05329EEDA2651D6FDE5C803DB93DC54.highlight.minted)
(./build/cap00/_minted/01EE77B102513682133F946E1A4B9227.highlight.minted)
(./build/cap00/_minted/6BAF64C970B5544AC2CBFBCB92B41955.highlight.minted)
[9] (./build/cap00/_minted/62B802147F83A485716DFC2F70DEF256.highlight.minted)
(./build/cap00/_minted/C9CCA593C9416D60B4E9CCC6C241F021.highlight.minted)
(./build/cap00/_minted/7A230E23EAA8880356F8343DC9782B13.highlight.minted)
Overfull \hbox (11.4545pt too wide) in paragraph at lines 230--231
\TU/FiraMono(0)/m/n/10 np[].[]log(np[].[]exp([][][][]1000[]) []+[] np[].[]exp([
][][][]1001[])) \TU/LibertinusSerif(0)/m/n/10.95 de-vuel-ve $\TU/LibertinusMath
-Regular.otf(1)/m/n/10.95 −∞$\TU/LibertinusSerif(0)/m/n/10.95 , mien-tras q
ue la []ecua-ción (󰀙.󰂩)[]

Underfull \vbox (badness 8151) has occurred while \output is active
[10]
[11] (./build/cap00/_minted/E5750A2413EE08CE765C5BF2CF2644CA.highlight.minted)
[12] (./build/cap00/_minted/C399CCC1F80B9C5CE92E5E89CAB567CC.highlight.minted)
(./build/cap00/_minted/A0D6054318D1218156E63FDBD04C2CF3.highlight.minted)
(./build/cap00/_minted/044DF22AE0FBF470BE5A6136404CBAAF.highlight.minted)
Overfull \hbox (28.66144pt too wide) in paragraph at lines 345--346
 [][] 

[13]
[14] (./figuras/cap00/franjas.tex)
Underfull \vbox (badness 10000) has occurred while \output is active
[15] (./build/cap00/_minted/EA848F31BFFD8EE1AE69A7C320AD38EB.highlight.minted)
Underfull \vbox (badness 10000) has occurred while \output is active
[16]
Underfull \hbox (badness 10000) in paragraph at lines 434--434
[]|\TU/LibertinusSerif(0)/m/n/10 Ta-bla de tra-duc-ción; Biopython la guar-da 
en
(./figuras/cap00/codigo_genetico.tex)
Underfull \hbox (badness 3088) in paragraph at lines 441--441
[][][]|\TU/SourceSansPro(0)/m/n/10 El có-di-go ge-né-ti-co es-tán-dar (ta-bl
a 1 del NC-BI), ge-ne-ra-do a par-tir de

[17]
[18] (./figuras/cap00/orfs.tex)
Overfull \hbox (15.90991pt too wide) in paragraph at lines 3819--472
 [][] 
(./build/cap00/_minted/C8DE8B25434A84036F1D5FA69B746CAD.highlight.minted)
(./build/cap00/_minted/377D4935FB17CAD63C2AB004FCB48E33.highlight.minted)

LaTeX Warning: Reference `cap:02' on page 1 undefined on input line 479.

(./build/cap00/_minted/A2AD6D8F475637ABD94FD246D187B3DB.highlight.minted)
(./build/cap00/_minted/D36BCACD6478C1D44642827C8113BD21.highlight.minted)
(./build/cap00/_minted/DDFED49CF9B99A0CD49C564C7858FB44.highlight.minted)
(./build/cap00/_minted/DA081593EF905BD6997CBF2930A2F360.highlight.minted)
(./build/cap00/_minted/307441C450A6BA1D71D725C146F94FBB.highlight.minted)
(./build/cap00/_minted/377D4935FB17CAD63C2AB004FCB48E33.highlight.minted)
(./build/cap00/_minted/D352F6FCB39B46CCF42DB904FA0B0F25.highlight.minted)
(./build/cap00/_minted/659A09B4095ACADB66A34D6D9305A9E5.highlight.minted)
[19] (./build/cap00/_minted/9E5D446D4484784CBDECFAAF0399E8C0.highlight.minted)
(./build/cap00/_minted/8891B0A0F7550EF974D575033000915B.highlight.minted)
(./build/cap00/_minted/49300661BF071BF8C01E693F85937AE4.highlight.minted)
(./build/cap00/_minted/4AE697F0ECB5ACC78F58343A479A631C.highlight.minted)
(./build/cap00/_minted/ED8E2EE1DCA16AE6F1AB4A312D80DA86.highlight.minted)
[20] (./build/cap00/_minted/901DEE3A343AE8E785FEFD7B7D1DE0D5.highlight.minted)
(./build/cap00/_minted/5FDED597161A24D8605DEA3027998537.highlight.minted)
Overfull \hbox (101.52014pt too wide) in paragraph at lines 504--505
\TU/LibertinusSerif(0)/m/n/10.95 ca-da re-gión in-ge-nua-men-te, des-de su ini
-cio has-ta su fi-nal (\TU/FiraMono(0)/m/n/10 seq[start:end][].[]translate(to_s
top[]=[][]\TU/FiraMono(0)/b/n/10 True[]\TU/FiraMono(0)/m/n/10 )\TU/LibertinusSe
rif(0)/m/n/10.95 ),

Underfull \vbox (badness 1490) has occurred while \output is active
[21] (./build/cap00/_minted/659A09B4095ACADB66A34D6D9305A9E5.highlight.minted)
Overfull \hbox (10.83565pt too wide) in paragraph at lines 543--544
 [][] 

LaTeX Warning: Reference `cap:03' on page 1 undefined on input line 551.


[22] (./build/cap00/_minted/CEB7A084B537A243266E7F8567610B59.highlight.minted)
(./build/cap00/_minted/94A6E745EEF26F3549AB14EE312AB6C9.highlight.minted)
(./build/cap00/_minted/410393DEA1CE63A321821B4FB71933E7.highlight.minted)
Overfull \hbox (1.79884pt too wide) in paragraph at lines 553--554
[]\TU/LibertinusSerif(0)/m/n/10.95 En Co-lab, BLAST+ se ins-ta-la des-de los re
-po-si-to-rios del sis-te-ma (\TU/FiraMono(0)/m/n/10.95 apt-get install
(./build/cap00/_minted/DE7FC50917B88191EB8CF82464ACE162.highlight.minted)
[23]

LaTeX Warning: Reference `cap:03' on page 1 undefined on input line 588.


[24]
[25]
[26]
Overfull \hbox (60.07864pt too wide) detected at line 639
\TU/LibertinusMath-Regular.otf(1)/m/n/10.95 7 → 6 → 1 → 8 → 11 → 10 
→ 5 → 12 → 15 → 14 → 9 → 0 → 3 → 2 → 13 → 4 → 7 → ⋯

[27] (./build/cap00/_minted/0ED2A88E1B45D4FBB8D4786AB1FDDFA1.highlight.minted)
Underfull \vbox (badness 3724) has occurred while \output is active
[28] (./build/cap00/_minted/A8731D0F06BA3FAF0534DD44600A0625.highlight.minted)
(./build/cap00/_minted/EBB4D739C181ADEB4B1B57B7A39443C4.highlight.minted)
Underfull \vbox (badness 10000) has occurred while \output is active
[29]
Underfull \vbox (badness 2582) has occurred while \output is active
[30]
[31]
Underfull \vbox (badness 1286) has occurred while \output is active
[32] (./build/cap00/_minted/monokai.style.minted)
(./build/cap00/_minted/A71A3DD1CDAE1741A3B7A2C536E82BEF.highlight.minted)
Overfull \hbox (7.61224pt too wide) in paragraph at lines 813--814
[]\TU/FiraMono(0)/m/n/10.95 analisis_final.py[]\TU/LibertinusSerif(0)/m/n/10.95
 , []\TU/FiraMono(0)/m/n/10.95 analisis_final_v2.py[] \TU/LibertinusSerif(0)/m/
n/10.95 y []\TU/FiraMono(0)/m/n/10.95 analisis_final_DEFINITIVO.py[]

Underfull \vbox (badness 7030) has occurred while \output is active
[33] (./build/cap00/_minted/020FBF7346A6768A3D327335A264C69D.highlight.minted)
Underfull \vbox (badness 7451) has occurred while \output is active
[34]
[35]
Underfull \vbox (badness 10000) has occurred while \output is active
[36] (./build/cap00/_minted/EA848F31BFFD8EE1AE69A7C320AD38EB.highlight.minted)
(./build/cap00/_minted/C8DE8B25434A84036F1D5FA69B746CAD.highlight.minted)
(./build/cap00/_minted/377D4935FB17CAD63C2AB004FCB48E33.highlight.minted)
(./build/cap00/_minted/E263B0D6B2E6FC9AC746DB38EA194D17.highlight.minted)
(./build/cap00/_minted/CEB7A084B537A243266E7F8567610B59.highlight.minted)
Overfull \hbox (5.91696pt too wide) in paragraph at lines 907--908
[]\TU/LibertinusSerif(0)/m/n/10 Biopython re-pre-sen-ta se-cuen-cias (\TU/FiraM
ono(0)/m/n/10 Seq\TU/LibertinusSerif(0)/m/n/10 ), re-gis-tros (\TU/FiraMono(0)/
m/n/10 SeqRecord\TU/LibertinusSerif(0)/m/n/10 ) y ar-chi-vos (\TU/FiraMono(0)/m
/n/10 SeqIO\TU/LibertinusSerif(0)/m/n/10 );

[37] (./build/cap00/_minted/72527580B59BA506998123FE9B0C4031.highlight.minted)
(./build/cap00/_minted/BA9AA3C4BE8F96B8387779A4C7405787.highlight.minted)
(./build/cap00/_minted/7A230E23EAA8880356F8343DC9782B13.highlight.minted)
(./build/cap00/_minted/4F8FD8A17DD8EA1C04693B018C84BC0B.highlight.minted)
(./build/cap00/_minted/5CE90765678B6E21A1A4114539EB4D1F.highlight.minted)
[38]
[39]
[40])
[41] (./build/cap00/cap00.aux)

LaTeX Warning: There were undefined references.

)
(see the transcript file for additional information)
 1781 words of node memory still in use:
   31 hlist, 2 vlist, 14 rule, 4 glue, 4 kern, 1 glyph, 184 attribute, 81 glue_
spec, 130 attribute_list, 2 write, 24 pdf_literal, 5 pdf_action, 24 pdf_colorst
ack nodes
   avail lists: 1:41,2:117603,3:70765,4:15498,5:685,6:111,7:20737,8:75,9:1555,1
0:29,11:961,12:4
</usr/local/texlive/2025/texmf-dist/fonts/opentype/adobe/sourcesanspro/SourceSa
nsPro-SemiboldIt.otf></usr/local/texlive/2025/texmf-dist/fonts/opentype/public/
fira/FiraMono-Oblique.otf></usr/local/texlive/2025/texmf-dist/fonts/opentype/pu
blic/libertinus-fonts/LibertinusSerif-Semibold.otf></usr/local/texlive/2025/tex
mf-dist/fonts/opentype/public/libertinus-fonts/LibertinusMath-Regular.otf></usr
/local/texlive/2025/texmf-dist/fonts/opentype/public/libertinus-fonts/Libertinu
sSerif-Regular.otf></usr/local/texlive/2025/texmf-dist/fonts/opentype/public/li
bertinus-fonts/LibertinusMath-Regular.otf></usr/local/texlive/2025/texmf-dist/f
onts/opentype/public/fira/FiraMono-Medium.otf></usr/local/texlive/2025/texmf-di
st/fonts/opentype/public/libertinus-fonts/LibertinusMath-Regular.otf></usr/loca
l/texlive/2025/texmf-dist/fonts/opentype/public/fontawesome5/FontAwesome5Free-S
olid-900.otf></usr/local/texlive/2025/texmf-dist/fonts/opentype/adobe/sourcesan
spro/SourceSansPro-Black.otf></usr/local/texlive/2025/texmf-dist/fonts/opentype
/public/libertinus-fonts/LibertinusSerif-Regular.otf></usr/local/texlive/2025/t
exmf-dist/fonts/opentype/adobe/sourcesanspro/SourceSansPro-RegularIt.otf></usr/
local/texlive/2025/texmf-dist/fonts/opentype/public/fira/FiraMono-Regular.otf><
/usr/local/texlive/2025/texmf-dist/fonts/opentype/adobe/sourcesanspro/SourceSan
sPro-Regular.otf></usr/local/texlive/2025/texmf-dist/fonts/opentype/public/libe
rtinus-fonts/LibertinusSerif-Italic.otf></usr/local/texlive/2025/texmf-dist/fon
ts/opentype/adobe/sourcesanspro/SourceSansPro-Light.otf></usr/local/texlive/202
5/texmf-dist/fonts/opentype/adobe/sourcesanspro/SourceSansPro-Semibold.otf></us
r/local/texlive/2025/texmf-dist/fonts/opentype/adobe/sourcesanspro/SourceSansPr
o-ExtraLight.otf>
Output written on cap00.pdf (41 pages, 678058 bytes).
Transcript written on cap00.log.
Latexmk: Getting log file 'build/cap00/cap00.log'
Latexmk: Examining 'build/cap00/cap00.fls'
Latexmk: Examining 'build/cap00/cap00.log'
Latexmk: Found input bbl file 'build/cap00/cap00.bbl'
Latexmk: Log file says output to 'cap00.pdf'
Latexmk: Bibliography file(s) from .bcf file:
  bib/cap00.bib
Latexmk: Summary of warnings from last run of *latex:
  Latex failed to resolve 5 reference(s)
Latexmk: ====Undefined refs and citations with line #s in .tex file:
  Reference `cap:03' on page 1 undefined on input line 121
  Reference `cap:03' on page 1 undefined on input line 178
  Reference `cap:02' on page 1 undefined on input line 479
  Reference `cap:03' on page 1 undefined on input line 551
  Reference `cap:03' on page 1 undefined on input line 588
Latexmk: All targets (build/cap00/cap00.pdf) are up-to-date

