Rc files read:
  NONE
Latexmk: This is Latexmk, John Collins, 27 Dec. 2024. Version 4.86a.
No existing .aux file, so I'll make a simple one, and require run of *latex.
Force everything to be remade.
Latexmk: applying rule 'lualatex'...
Rule 'lualatex':  Reasons for rerun
Category 'other':
  Rerun of 'lualatex' forced or previously required:
    Reason or flag: 'go_mode'

------------
Run number 1 of rule 'lualatex'
------------
------------
Running 'lualatex  -shell-escape -interaction=nonstopmode -halt-on-error -recorder -output-directory="build/libro"  "main.tex"'
------------
This is LuaHBTeX, Version 1.21.0 (TeX Live 2025) 
 system commands enabled.
(./main.tex
LaTeX2e <2024-11-01> patch level 2
L3 programming layer <2025-01-18>
 (/usr/local/texlive/2025/texmf-dist/tex/latex/base/book.cls
Document Class: book 2024/06/29 v1.4n Standard LaTeX document class
(/usr/local/texlive/2025/texmf-dist/tex/latex/base/bk11.clo))
(./estilo/bioinfo.sty

LaTeX Warning: You have requested package `estilo/bioinfo',
               but the package provides `bioinfo'.

(/usr/local/texlive/2025/texmf-dist/tex/latex/geometry/geometry.sty
(/usr/local/texlive/2025/texmf-dist/tex/latex/graphics/keyval.sty)
(/usr/local/texlive/2025/texmf-dist/tex/generic/iftex/ifvtex.sty
(/usr/local/texlive/2025/texmf-dist/tex/generic/iftex/iftex.sty)))
(/usr/local/texlive/2025/texmf-dist/tex/generic/babel/babel.sty
(/usr/local/texlive/2025/texmf-dist/tex/generic/babel/luababel.def)
(/usr/local/texlive/2025/texmf-dist/tex/generic/babel/luababel.def)
(/usr/local/texlive/2025/texmf-dist/tex/generic/babel-spanish/spanish.ldf
(/usr/local/texlive/2025/texmf-dist/tex/generic/hyph-utf8/loadhyph/loadhyph-es.
tex UTF-8 Spanish hyphenation patterns
(/usr/local/texlive/2025/texmf-dist/tex/generic/hyph-utf8/patterns/tex/hyph-es.
tex))))
(/usr/local/texlive/2025/texmf-dist/tex/generic/babel/locale/es/babel-spanish.t
ex) (/usr/local/texlive/2025/texmf-dist/tex/latex/amsmath/amsmath.sty
For additional information on amsmath, use the `?' option.
(/usr/local/texlive/2025/texmf-dist/tex/latex/amsmath/amstext.sty
(/usr/local/texlive/2025/texmf-dist/tex/latex/amsmath/amsgen.sty))
(/usr/local/texlive/2025/texmf-dist/tex/latex/amsmath/amsbsy.sty)
(/usr/local/texlive/2025/texmf-dist/tex/latex/amsmath/amsopn.sty))
(/usr/local/texlive/2025/texmf-dist/tex/latex/amsfonts/amssymb.sty
(/usr/local/texlive/2025/texmf-dist/tex/latex/amsfonts/amsfonts.sty))
(/usr/local/texlive/2025/texmf-dist/tex/latex/mathtools/mathtools.sty
(/usr/local/texlive/2025/texmf-dist/tex/latex/tools/calc.sty)
(/usr/local/texlive/2025/texmf-dist/tex/latex/mathtools/mhsetup.sty))
(/usr/local/texlive/2025/texmf-dist/tex/latex/fontspec/fontspec.sty
(/usr/local/texlive/2025/texmf-dist/tex/latex/l3packages/xparse/xparse.sty
(/usr/local/texlive/2025/texmf-dist/tex/latex/l3kernel/expl3.sty
(/usr/local/texlive/2025/texmf-dist/tex/latex/l3backend/l3backend-luatex.def)))
 (/usr/local/texlive/2025/texmf-dist/tex/latex/fontspec/fontspec-luatex.sty
(/usr/local/texlive/2025/texmf-dist/tex/latex/base/fontenc.sty)
(/usr/local/texlive/2025/texmf-dist/tex/latex/fontspec/fontspec.cfg)))
(/usr/local/texlive/2025/texmf-dist/tex/latex/unicode-math/unicode-math.sty
(/usr/local/texlive/2025/texmf-dist/tex/latex/unicode-math/unicode-math-luatex.
sty
(/usr/local/texlive/2025/texmf-dist/tex/latex/l3packages/l3keys2e/l3keys2e.sty)
 (/usr/local/texlive/2025/texmf-dist/tex/latex/base/fix-cm.sty
(/usr/local/texlive/2025/texmf-dist/tex/latex/base/ts1enc.def))
(/usr/local/texlive/2025/texmf-dist/tex/lualatex/lualatex-math/lualatex-math.st
y (/usr/local/texlive/2025/texmf-dist/tex/latex/etoolbox/etoolbox.sty))
(/usr/local/texlive/2025/texmf-dist/tex/latex/unicode-math/unicode-math-table.t
ex))) (/usr/local/texlive/2025/texmf-dist/tex/latex/amsfonts/umsa.fd)
(/usr/local/texlive/2025/texmf-dist/tex/latex/amsfonts/umsb.fd)
(/usr/local/texlive/2025/texmf-dist/tex/latex/microtype/microtype.sty
(/usr/local/texlive/2025/texmf-dist/tex/latex/microtype/microtype-luatex.def)
(/usr/local/texlive/2025/texmf-dist/tex/latex/microtype/microtype.cfg))
(/usr/local/texlive/2025/texmf-dist/tex/latex/csquotes/csquotes.sty
(/usr/local/texlive/2025/texmf-dist/tex/latex/csquotes/csquotes.def)
(/usr/local/texlive/2025/texmf-dist/tex/latex/csquotes/csquotes.cfg))
(/usr/local/texlive/2025/texmf-dist/tex/latex/xcolor/xcolor.sty
(/usr/local/texlive/2025/texmf-dist/tex/latex/graphics-cfg/color.cfg)
(/usr/local/texlive/2025/texmf-dist/tex/latex/graphics-def/luatex.def)
(/usr/local/texlive/2025/texmf-dist/tex/latex/graphics/mathcolor.ltx))
(/usr/local/texlive/2025/texmf-dist/tex/latex/graphics/dvipsnam.def)
(/usr/local/texlive/2025/texmf-dist/tex/latex/colortbl/colortbl.sty
(/usr/local/texlive/2025/texmf-dist/tex/latex/tools/array.sty))
(/usr/local/texlive/2025/texmf-dist/tex/latex/graphics/graphicx.sty
(/usr/local/texlive/2025/texmf-dist/tex/latex/graphics/graphics.sty
(/usr/local/texlive/2025/texmf-dist/tex/latex/graphics/trig.sty)
(/usr/local/texlive/2025/texmf-dist/tex/latex/graphics-cfg/graphics.cfg)))
(/usr/local/texlive/2025/texmf-dist/tex/latex/pgf/frontendlayer/tikz.sty
(/usr/local/texlive/2025/texmf-dist/tex/latex/pgf/basiclayer/pgf.sty
(/usr/local/texlive/2025/texmf-dist/tex/latex/pgf/utilities/pgfrcs.sty
(/usr/local/texlive/2025/texmf-dist/tex/generic/pgf/utilities/pgfutil-common.te
x)
(/usr/local/texlive/2025/texmf-dist/tex/generic/pgf/utilities/pgfutil-latex.def
) (/usr/local/texlive/2025/texmf-dist/tex/generic/pgf/utilities/pgfrcs.code.tex
(/usr/local/texlive/2025/texmf-dist/tex/generic/pgf/pgf.revision.tex)))
(/usr/local/texlive/2025/texmf-dist/tex/latex/pgf/basiclayer/pgfcore.sty
(/usr/local/texlive/2025/texmf-dist/tex/latex/pgf/systemlayer/pgfsys.sty
(/usr/local/texlive/2025/texmf-dist/tex/generic/pgf/systemlayer/pgfsys.code.tex
(/usr/local/texlive/2025/texmf-dist/tex/generic/pgf/utilities/pgfkeys.code.tex
(/usr/local/texlive/2025/texmf-dist/tex/generic/pgf/utilities/pgfkeyslibraryfil
tered.code.tex))
(/usr/local/texlive/2025/texmf-dist/tex/generic/pgf/systemlayer/pgf.cfg)
(/usr/local/texlive/2025/texmf-dist/tex/generic/pgf/systemlayer/pgfsys-luatex.d
ef
(/usr/local/texlive/2025/texmf-dist/tex/generic/pgf/systemlayer/pgfsys-common-p
df.def)))
(/usr/local/texlive/2025/texmf-dist/tex/generic/pgf/systemlayer/pgfsyssoftpath.
code.tex)
(/usr/local/texlive/2025/texmf-dist/tex/generic/pgf/systemlayer/pgfsysprotocol.
code.tex))
(/usr/local/texlive/2025/texmf-dist/tex/generic/pgf/basiclayer/pgfcore.code.tex
(/usr/local/texlive/2025/texmf-dist/tex/generic/pgf/math/pgfmath.code.tex
(/usr/local/texlive/2025/texmf-dist/tex/generic/pgf/math/pgfmathutil.code.tex)
(/usr/local/texlive/2025/texmf-dist/tex/generic/pgf/math/pgfmathparser.code.tex
)
(/usr/local/texlive/2025/texmf-dist/tex/generic/pgf/math/pgfmathfunctions.code.
tex)
(/usr/local/texlive/2025/texmf-dist/tex/generic/pgf/math/pgfmathfunctions.basic
.code.tex)
(/usr/local/texlive/2025/texmf-dist/tex/generic/pgf/math/pgfmathfunctions.trigo
nometric.code.tex)
(/usr/local/texlive/2025/texmf-dist/tex/generic/pgf/math/pgfmathfunctions.rando
m.code.tex)
(/usr/local/texlive/2025/texmf-dist/tex/generic/pgf/math/pgfmathfunctions.compa
rison.code.tex)
(/usr/local/texlive/2025/texmf-dist/tex/generic/pgf/math/pgfmathfunctions.base.
code.tex)
(/usr/local/texlive/2025/texmf-dist/tex/generic/pgf/math/pgfmathfunctions.round
.code.tex)
(/usr/local/texlive/2025/texmf-dist/tex/generic/pgf/math/pgfmathfunctions.misc.
code.tex)
(/usr/local/texlive/2025/texmf-dist/tex/generic/pgf/math/pgfmathfunctions.integ
erarithmetics.code.tex)
(/usr/local/texlive/2025/texmf-dist/tex/generic/pgf/math/pgfmathcalc.code.tex)
(/usr/local/texlive/2025/texmf-dist/tex/generic/pgf/math/pgfmathfloat.code.tex)
) (/usr/local/texlive/2025/texmf-dist/tex/generic/pgf/math/pgfint.code.tex)
(/usr/local/texlive/2025/texmf-dist/tex/generic/pgf/basiclayer/pgfcorepoints.co
de.tex)
(/usr/local/texlive/2025/texmf-dist/tex/generic/pgf/basiclayer/pgfcorepathconst
ruct.code.tex)
(/usr/local/texlive/2025/texmf-dist/tex/generic/pgf/basiclayer/pgfcorepathusage
.code.tex)
(/usr/local/texlive/2025/texmf-dist/tex/generic/pgf/basiclayer/pgfcorescopes.co
de.tex)
(/usr/local/texlive/2025/texmf-dist/tex/generic/pgf/basiclayer/pgfcoregraphicst
ate.code.tex)
(/usr/local/texlive/2025/texmf-dist/tex/generic/pgf/basiclayer/pgfcoretransform
ations.code.tex)
(/usr/local/texlive/2025/texmf-dist/tex/generic/pgf/basiclayer/pgfcorequick.cod
e.tex)
(/usr/local/texlive/2025/texmf-dist/tex/generic/pgf/basiclayer/pgfcoreobjects.c
ode.tex)
(/usr/local/texlive/2025/texmf-dist/tex/generic/pgf/basiclayer/pgfcorepathproce
ssing.code.tex)
(/usr/local/texlive/2025/texmf-dist/tex/generic/pgf/basiclayer/pgfcorearrows.co
de.tex)
(/usr/local/texlive/2025/texmf-dist/tex/generic/pgf/basiclayer/pgfcoreshade.cod
e.tex)
(/usr/local/texlive/2025/texmf-dist/tex/generic/pgf/basiclayer/pgfcoreimage.cod
e.tex)
(/usr/local/texlive/2025/texmf-dist/tex/generic/pgf/basiclayer/pgfcoreexternal.
code.tex)
(/usr/local/texlive/2025/texmf-dist/tex/generic/pgf/basiclayer/pgfcorelayers.co
de.tex)
(/usr/local/texlive/2025/texmf-dist/tex/generic/pgf/basiclayer/pgfcoretranspare
ncy.code.tex)
(/usr/local/texlive/2025/texmf-dist/tex/generic/pgf/basiclayer/pgfcorepatterns.
code.tex)
(/usr/local/texlive/2025/texmf-dist/tex/generic/pgf/basiclayer/pgfcorerdf.code.
tex)))
(/usr/local/texlive/2025/texmf-dist/tex/generic/pgf/modules/pgfmoduleshapes.cod
e.tex)
(/usr/local/texlive/2025/texmf-dist/tex/generic/pgf/modules/pgfmoduleplot.code.
tex)
(/usr/local/texlive/2025/texmf-dist/tex/latex/pgf/compatibility/pgfcomp-version
-0-65.sty)
(/usr/local/texlive/2025/texmf-dist/tex/latex/pgf/compatibility/pgfcomp-version
-1-18.sty))
(/usr/local/texlive/2025/texmf-dist/tex/latex/pgf/utilities/pgffor.sty
(/usr/local/texlive/2025/texmf-dist/tex/latex/pgf/utilities/pgfkeys.sty
(/usr/local/texlive/2025/texmf-dist/tex/generic/pgf/utilities/pgfkeys.code.tex)
) (/usr/local/texlive/2025/texmf-dist/tex/latex/pgf/math/pgfmath.sty
(/usr/local/texlive/2025/texmf-dist/tex/generic/pgf/math/pgfmath.code.tex))
(/usr/local/texlive/2025/texmf-dist/tex/generic/pgf/utilities/pgffor.code.tex))

(/usr/local/texlive/2025/texmf-dist/tex/generic/pgf/frontendlayer/tikz/tikz.cod
e.tex
(/usr/local/texlive/2025/texmf-dist/tex/generic/pgf/libraries/pgflibraryplothan
dlers.code.tex)
(/usr/local/texlive/2025/texmf-dist/tex/generic/pgf/modules/pgfmodulematrix.cod
e.tex)
(/usr/local/texlive/2025/texmf-dist/tex/generic/pgf/frontendlayer/tikz/librarie
s/tikzlibrarytopaths.code.tex)))
(/usr/local/texlive/2025/texmf-dist/tex/generic/pgf/libraries/pgflibraryarrows.
meta.code.tex)
(/usr/local/texlive/2025/texmf-dist/tex/generic/pgf/frontendlayer/tikz/librarie
s/tikzlibrarypositioning.code.tex)
(/usr/local/texlive/2025/texmf-dist/tex/generic/pgf/frontendlayer/tikz/librarie
s/tikzlibrarycalc.code.tex)
(/usr/local/texlive/2025/texmf-dist/tex/generic/pgf/frontendlayer/tikz/librarie
s/tikzlibraryfit.code.tex)
(/usr/local/texlive/2025/texmf-dist/tex/generic/pgf/frontendlayer/tikz/librarie
s/tikzlibrarybackgrounds.code.tex)
(/usr/local/texlive/2025/texmf-dist/tex/generic/pgf/frontendlayer/tikz/librarie
s/tikzlibraryshapes.code.tex
(/usr/local/texlive/2025/texmf-dist/tex/generic/pgf/frontendlayer/tikz/librarie
s/tikzlibraryshapes.geometric.code.tex
(/usr/local/texlive/2025/texmf-dist/tex/generic/pgf/libraries/shapes/pgflibrary
shapes.geometric.code.tex))
(/usr/local/texlive/2025/texmf-dist/tex/generic/pgf/frontendlayer/tikz/librarie
s/tikzlibraryshapes.misc.code.tex
(/usr/local/texlive/2025/texmf-dist/tex/generic/pgf/libraries/shapes/pgflibrary
shapes.misc.code.tex))
(/usr/local/texlive/2025/texmf-dist/tex/generic/pgf/frontendlayer/tikz/librarie
s/tikzlibraryshapes.symbols.code.tex
(/usr/local/texlive/2025/texmf-dist/tex/generic/pgf/libraries/shapes/pgflibrary
shapes.symbols.code.tex))
(/usr/local/texlive/2025/texmf-dist/tex/generic/pgf/frontendlayer/tikz/librarie
s/tikzlibraryshapes.arrows.code.tex
(/usr/local/texlive/2025/texmf-dist/tex/generic/pgf/libraries/shapes/pgflibrary
shapes.arrows.code.tex))
(/usr/local/texlive/2025/texmf-dist/tex/generic/pgf/frontendlayer/tikz/librarie
s/tikzlibraryshapes.callouts.code.tex
(/usr/local/texlive/2025/texmf-dist/tex/generic/pgf/libraries/shapes/pgflibrary
shapes.callouts.code.tex))
(/usr/local/texlive/2025/texmf-dist/tex/generic/pgf/frontendlayer/tikz/librarie
s/tikzlibraryshapes.multipart.code.tex
(/usr/local/texlive/2025/texmf-dist/tex/generic/pgf/libraries/shapes/pgflibrary
shapes.multipart.code.tex)))
(/usr/local/texlive/2025/texmf-dist/tex/generic/pgf/frontendlayer/tikz/librarie
s/tikzlibrarydecorations.pathreplacing.code.tex
(/usr/local/texlive/2025/texmf-dist/tex/generic/pgf/frontendlayer/tikz/librarie
s/tikzlibrarydecorations.code.tex
(/usr/local/texlive/2025/texmf-dist/tex/generic/pgf/modules/pgfmoduledecoration
s.code.tex))
(/usr/local/texlive/2025/texmf-dist/tex/generic/pgf/libraries/decorations/pgfli
brarydecorations.pathreplacing.code.tex))
(/usr/local/texlive/2025/texmf-dist/tex/generic/pgf/frontendlayer/tikz/librarie
s/tikzlibrarydecorations.pathmorphing.code.tex
(/usr/local/texlive/2025/texmf-dist/tex/generic/pgf/libraries/decorations/pgfli
brarydecorations.pathmorphing.code.tex))
(/usr/local/texlive/2025/texmf-dist/tex/generic/pgf/frontendlayer/tikz/librarie
s/tikzlibrarydecorations.text.code.tex
(/usr/local/texlive/2025/texmf-dist/tex/generic/pgf/libraries/decorations/pgfli
brarydecorations.text.code.tex))
(/usr/local/texlive/2025/texmf-dist/tex/generic/pgf/frontendlayer/tikz/librarie
s/tikzlibrarypatterns.code.tex
(/usr/local/texlive/2025/texmf-dist/tex/generic/pgf/libraries/pgflibrarypattern
s.code.tex))
(/usr/local/texlive/2025/texmf-dist/tex/generic/pgf/frontendlayer/tikz/librarie
s/tikzlibraryshadows.code.tex
(/usr/local/texlive/2025/texmf-dist/tex/generic/pgf/frontendlayer/tikz/librarie
s/tikzlibraryfadings.code.tex
(/usr/local/texlive/2025/texmf-dist/tex/generic/pgf/libraries/pgflibraryfadings
.code.tex)))
(/usr/local/texlive/2025/texmf-dist/tex/latex/pgf-blur/tikzlibraryshadows.blur.
code.tex  v1.02, 2012/12/09)
(/usr/local/texlive/2025/texmf-dist/tex/generic/pgf/frontendlayer/tikz/librarie
s/tikzlibrarymatrix.code.tex)
(/usr/local/texlive/2025/texmf-dist/tex/generic/pgf/frontendlayer/tikz/librarie
s/tikzlibrarychains.code.tex)
(/usr/local/texlive/2025/texmf-dist/tex/generic/pgf/frontendlayer/tikz/librarie
s/tikzlibraryintersections.code.tex
(/usr/local/texlive/2025/texmf-dist/tex/generic/pgf/libraries/pgflibraryinterse
ctions.code.tex
(/usr/local/texlive/2025/texmf-dist/tex/generic/pgf/libraries/pgflibraryfpu.cod
e.tex)))
(/usr/local/texlive/2025/texmf-dist/tex/generic/pgf/frontendlayer/tikz/librarie
s/tikzlibrarytrees.code.tex)
(/usr/local/texlive/2025/texmf-dist/tex/generic/pgf/frontendlayer/tikz/librarie
s/graphs/tikzlibrarygraphs.code.tex)
(/usr/local/texlive/2025/texmf-dist/tex/generic/pgf/frontendlayer/tikz/librarie
s/tikzlibraryquotes.code.tex)
(/usr/local/texlive/2025/texmf-dist/tex/generic/pgf/frontendlayer/tikz/librarie
s/tikzlibraryspy.code.tex)
(/usr/local/texlive/2025/texmf-dist/tex/generic/pgf/frontendlayer/tikz/librarie
s/tikzlibrarybending.code.tex
(/usr/local/texlive/2025/texmf-dist/tex/generic/pgf/modules/pgfmodulebending.co
de.tex
(/usr/local/texlive/2025/texmf-dist/tex/generic/pgf/modules/pgfmodulenonlineart
ransformations.code.tex)
(/usr/local/texlive/2025/texmf-dist/tex/generic/pgf/libraries/pgflibrarycurvili
near.code.tex)))
(/usr/local/texlive/2025/texmf-dist/tex/generic/pgf/frontendlayer/tikz/librarie
s/tikzlibrarymath.code.tex
(/usr/local/texlive/2025/texmf-dist/tex/generic/pgf/frontendlayer/tikz/librarie
s/tikzlibraryfpu.code.tex))
(/usr/local/texlive/2025/texmf-dist/tex/latex/pgfplots/pgfplots.sty
(/usr/local/texlive/2025/texmf-dist/tex/generic/pgfplots/pgfplots.revision.tex)
(/usr/local/texlive/2025/texmf-dist/tex/generic/pgfplots/pgfplots.code.tex
(/usr/local/texlive/2025/texmf-dist/tex/generic/pgfplots/pgfplotscore.code.tex
(/usr/local/texlive/2025/texmf-dist/tex/generic/pgfplots/sys/pgfplotssysgeneric
.code.tex))
(/usr/local/texlive/2025/texmf-dist/tex/generic/pgfplots/libs/pgfplotslibrary.c
ode.tex)
(/usr/local/texlive/2025/texmf-dist/tex/generic/pgfplots/oldpgfcompatib/pgfplot
soldpgfsupp_loader.code.tex
Package pgfplots: loading complementary utilities for your pgf version...

(/usr/local/texlive/2025/texmf-dist/tex/generic/pgfplots/oldpgfcompatib/pgfplot
soldpgfsupp_pgfutil-common-lists.tex)
(/usr/local/texlive/2025/texmf-dist/tex/generic/pgf/libraries/luamath/pgflibrar
yluamath.code.tex))
(/usr/local/texlive/2025/texmf-dist/tex/generic/pgfplots/util/pgfplotsutil.code
.tex
(/usr/local/texlive/2025/texmf-dist/tex/generic/pgfplots/liststructure/pgfplots
liststructure.code.tex)
(/usr/local/texlive/2025/texmf-dist/tex/generic/pgfplots/liststructure/pgfplots
liststructureext.code.tex)
(/usr/local/texlive/2025/texmf-dist/tex/generic/pgfplots/liststructure/pgfplots
array.code.tex)
(/usr/local/texlive/2025/texmf-dist/tex/generic/pgfplots/liststructure/pgfplots
matrix.code.tex)
(/usr/local/texlive/2025/texmf-dist/tex/generic/pgfplots/numtable/pgfplotstable
shared.code.tex)
(/usr/local/texlive/2025/texmf-dist/tex/generic/pgfplots/liststructure/pgfplots
deque.code.tex)
(/usr/local/texlive/2025/texmf-dist/tex/generic/pgfplots/util/pgfplotsbinary.co
de.tex
(/usr/local/texlive/2025/texmf-dist/tex/generic/pgfplots/util/pgfplotsbinary.da
ta.code.tex))
(/usr/local/texlive/2025/texmf-dist/tex/generic/pgfplots/util/pgfplotsutil.verb
.code.tex)
(/usr/local/texlive/2025/texmf-dist/tex/generic/pgfplots/libs/pgflibrarypgfplot
s.surfshading.code.tex
(/usr/local/texlive/2025/texmf-dist/tex/generic/pgfplots/sys/pgflibrarypgfplots
.surfshading.pgfsys-luatex.def)))
(/usr/local/texlive/2025/texmf-dist/tex/generic/pgfplots/util/pgfplotscolormap.
code.tex
(/usr/local/texlive/2025/texmf-dist/tex/generic/pgfplots/util/pgfplotscolor.cod
e.tex))
(/usr/local/texlive/2025/texmf-dist/tex/generic/pgfplots/pgfplotsstackedplots.c
ode.tex)
(/usr/local/texlive/2025/texmf-dist/tex/generic/pgfplots/pgfplotsplothandlers.c
ode.tex
(/usr/local/texlive/2025/texmf-dist/tex/generic/pgfplots/pgfplotsmeshplothandle
r.code.tex
(/usr/local/texlive/2025/texmf-dist/tex/generic/pgfplots/pgfplotsmeshplotimage.
code.tex)))
(/usr/local/texlive/2025/texmf-dist/tex/generic/pgfplots/pgfplots.scaling.code.
tex)
(/usr/local/texlive/2025/texmf-dist/tex/generic/pgfplots/pgfplotscoordprocessin
g.code.tex)
(/usr/local/texlive/2025/texmf-dist/tex/generic/pgfplots/pgfplots.errorbars.cod
e.tex)
(/usr/local/texlive/2025/texmf-dist/tex/generic/pgfplots/pgfplots.markers.code.
tex)
(/usr/local/texlive/2025/texmf-dist/tex/generic/pgfplots/pgfplotsticks.code.tex
)
(/usr/local/texlive/2025/texmf-dist/tex/generic/pgfplots/pgfplots.paths.code.te
x)
(/usr/local/texlive/2025/texmf-dist/tex/generic/pgfplots/libs/tikzlibrarypgfplo
ts.contourlua.code.tex))
(/usr/local/texlive/2025/texmf-dist/tex/generic/pgf/frontendlayer/tikz/librarie
s/tikzlibraryplotmarks.code.tex
(/usr/local/texlive/2025/texmf-dist/tex/generic/pgf/libraries/pgflibraryplotmar
ks.code.tex)))
(/usr/local/texlive/2025/texmf-dist/tex/generic/pgfplots/libs/tikzlibrarypgfplo
ts.fillbetween.code.tex
(/usr/local/texlive/2025/texmf-dist/tex/generic/pgfplots/pgfcontrib/tikzlibrary
fillbetween.code.tex
(/usr/local/texlive/2025/texmf-dist/tex/generic/pgfplots/pgfcontrib/tikzlibrary
decorations.softclip.code.tex
(/usr/local/texlive/2025/texmf-dist/tex/generic/pgfplots/pgfcontrib/pgflibraryf
illbetween.code.tex)))
(/usr/local/texlive/2025/texmf-dist/tex/generic/pgfplots/libs/tikzlibrarypgfplo
ts.decorations.softclip.code.tex))
(/usr/local/texlive/2025/texmf-dist/tex/generic/pgfplots/libs/tikzlibrarypgfplo
ts.groupplots.code.tex)
(/usr/local/texlive/2025/texmf-dist/tex/generic/pgfplots/libs/tikzlibrarypgfplo
ts.colormaps.code.tex)
(/usr/local/texlive/2025/texmf-dist/tex/generic/pgfplots/libs/tikzlibrarypgfplo
ts.statistics.code.tex)
(/usr/local/texlive/2025/texmf-dist/tex/latex/booktabs/booktabs.sty)
(/usr/local/texlive/2025/texmf-dist/tex/latex/tools/tabularx.sty)
(/usr/local/texlive/2025/texmf-dist/tex/latex/multirow/multirow.sty)
(/usr/local/texlive/2025/texmf-dist/tex/latex/tools/longtable.sty)
(/usr/local/texlive/2025/texmf-dist/tex/latex/enumitem/enumitem.sty)
(/usr/local/texlive/2025/texmf-dist/tex/latex/caption/caption.sty
(/usr/local/texlive/2025/texmf-dist/tex/latex/caption/caption3.sty)
(/usr/local/texlive/2025/texmf-dist/tex/latex/caption/ltcaption.sty))
(/usr/local/texlive/2025/texmf-dist/tex/latex/caption/subcaption.sty)
(/usr/local/texlive/2025/texmf-dist/tex/latex/siunitx/siunitx.sty
(/usr/local/texlive/2025/texmf-dist/tex/latex/translations/translations.sty
(/usr/local/texlive/2025/texmf-dist/tex/generic/pdftexcmds/pdftexcmds.sty
(/usr/local/texlive/2025/texmf-dist/tex/generic/infwarerr/infwarerr.sty)
(/usr/local/texlive/2025/texmf-dist/tex/generic/ltxcmds/ltxcmds.sty))))
(/usr/local/texlive/2025/texmf-dist/tex/latex/float/float.sty)
(/usr/local/texlive/2025/texmf-dist/tex/latex/wrapfig/wrapfig.sty)
(/usr/local/texlive/2025/texmf-dist/tex/latex/marginnote/marginnote.sty)
(/usr/local/texlive/2025/texmf-dist/tex/latex/pdfpages/pdfpages.sty
(/usr/local/texlive/2025/texmf-dist/tex/latex/base/ifthen.sty)
(/usr/local/texlive/2025/texmf-dist/tex/latex/eso-pic/eso-pic.sty)
(/usr/local/texlive/2025/texmf-dist/tex/latex/pdfpages/ppluatex.def))
(/usr/local/texlive/2025/texmf-dist/tex/latex/tools/multicol.sty)
(/usr/local/texlive/2025/texmf-dist/tex/latex/tools/afterpage.sty)
(/usr/local/texlive/2025/texmf-dist/tex/latex/lipsum/lipsum.sty
(/usr/local/texlive/2025/texmf-dist/tex/latex/lipsum/lipsum.ltd.tex))
(/usr/local/texlive/2025/texmf-dist/tex/latex/emptypage/emptypage.sty)
(/usr/local/texlive/2025/texmf-dist/tex/latex/tcolorbox/tcolorbox.sty
(/usr/local/texlive/2025/texmf-dist/tex/latex/tools/verbatim.sty)
(/usr/local/texlive/2025/texmf-dist/tex/latex/environ/environ.sty
(/usr/local/texlive/2025/texmf-dist/tex/latex/trimspaces/trimspaces.sty))
(/usr/local/texlive/2025/texmf-dist/tex/latex/tcolorbox/tcbraster.code.tex
Library (tcolorbox): 'tcbraster.code.tex' version '6.4.1'
) (/usr/local/texlive/2025/texmf-dist/tex/latex/tcolorbox/tcbskins.code.tex
Library (tcolorbox): 'tcbskins.code.tex' version '6.4.1'
(/usr/local/texlive/2025/texmf-dist/tex/latex/tikzfill/tikzfill.image.sty
(/usr/local/texlive/2025/texmf-dist/tex/latex/tikzfill/tikzfill-common.sty)
(/usr/local/texlive/2025/texmf-dist/tex/latex/tikzfill/tikzlibraryfill.image.co
de.tex))
(/usr/local/texlive/2025/texmf-dist/tex/latex/tcolorbox/tcbskinsjigsaw.code.tex
Library (tcolorbox): 'tcbskinsjigsaw.code.tex' version '6.4.1'
))
(/usr/local/texlive/2025/texmf-dist/tex/latex/tcolorbox/tcbbreakable.code.tex
Library (tcolorbox): 'tcbbreakable.code.tex' version '6.4.1'
(/usr/local/texlive/2025/texmf-dist/tex/latex/pdfcol/pdfcol.sty)
(/usr/local/texlive/2025/texmf-dist/tex/generic/iftex/ifluatex.sty))
(/usr/local/texlive/2025/texmf-dist/tex/latex/tcolorbox/tcbhooks.code.tex
Library (tcolorbox): 'tcbhooks.code.tex' version '6.4.1'
) (/usr/local/texlive/2025/texmf-dist/tex/latex/tcolorbox/tcbtheorems.code.tex
Library (tcolorbox): 'tcbtheorems.code.tex' version '6.4.1'
) (/usr/local/texlive/2025/texmf-dist/tex/latex/tcolorbox/tcbfitting.code.tex
Library (tcolorbox): 'tcbfitting.code.tex' version '6.4.1'
)
(/usr/local/texlive/2025/texmf-dist/tex/latex/tcolorbox/tcblistingsutf8.code.te
x
Library (tcolorbox): 'tcblistingsutf8.code.tex' version '6.4.1'
(/usr/local/texlive/2025/texmf-dist/tex/latex/tcolorbox/tcblistings.code.tex
Library (tcolorbox): 'tcblistings.code.tex' version '6.4.1'
(/usr/local/texlive/2025/texmf-dist/tex/latex/listings/listings.sty
(/usr/local/texlive/2025/texmf-dist/tex/latex/listings/lstpatch.sty)
(/usr/local/texlive/2025/texmf-dist/tex/latex/listings/lstmisc.sty)
(/usr/local/texlive/2025/texmf-dist/tex/latex/listings/listings.cfg))
(/usr/local/texlive/2025/texmf-dist/tex/latex/tcolorbox/tcblistingscore.code.te
x
Library (tcolorbox): 'tcblistingscore.code.tex' version '6.4.1'
(/usr/local/texlive/2025/texmf-dist/tex/latex/tcolorbox/tcbprocessing.code.tex
Library (tcolorbox): 'tcbprocessing.code.tex' version '6.4.1'
))))
(/usr/local/texlive/2025/texmf-dist/tex/latex/tcolorbox/tcbexternal.code.tex
Library (tcolorbox): 'tcbexternal.code.tex' version '6.4.1'
) (/usr/local/texlive/2025/texmf-dist/tex/latex/tcolorbox/tcbmagazine.code.tex
Library (tcolorbox): 'tcbmagazine.code.tex' version '6.4.1'
) (/usr/local/texlive/2025/texmf-dist/tex/latex/tcolorbox/tcbvignette.code.tex
Library (tcolorbox): 'tcbvignette.code.tex' version '6.4.1'
) (/usr/local/texlive/2025/texmf-dist/tex/latex/tcolorbox/tcbposter.code.tex
Library (tcolorbox): 'tcbposter.code.tex' version '6.4.1'
) (/usr/local/texlive/2025/texmf-dist/tex/latex/tcolorbox/tcbminted.code.tex
Library (tcolorbox): 'tcbminted.code.tex' version '6.4.1'
(/usr/local/texlive/2025/texmf-dist/tex/latex/minted/minted.sty
(/usr/local/texlive/2025/texmf-dist/tex/generic/catchfile/catchfile.sty
(/usr/local/texlive/2025/texmf-dist/tex/generic/etexcmds/etexcmds.sty))
(/usr/local/texlive/2025/texmf-dist/tex/latex/fvextra/fvextra.sty
(/usr/local/texlive/2025/texmf-dist/tex/latex/fancyvrb/fancyvrb.sty)
(/usr/local/texlive/2025/texmf-dist/tex/latex/upquote/upquote.sty
(/usr/local/texlive/2025/texmf-dist/tex/latex/base/textcomp.sty))
(/usr/local/texlive/2025/texmf-dist/tex/latex/lineno/lineno.sty
(/usr/local/texlive/2025/texmf-dist/tex/latex/kvoptions/kvoptions.sty
(/usr/local/texlive/2025/texmf-dist/tex/latex/kvsetkeys/kvsetkeys.sty))

LaTeX Warning: Command \@parboxrestore  has changed.
               Check if current package is valid.

)

Package fvextra Warning: csquotes should be loaded after fvextra, to avoid a wa
rning from the lineno package on input line 37.

) (/usr/local/texlive/2025/texmf-dist/tex/latex/latex2pydata/latex2pydata.sty)
(/usr/local/texlive/2025/texmf-dist/tex/latex/pgfopts/pgfopts.sty)
(/usr/local/texlive/2025/texmf-dist/tex/latex/tools/shellesc.sty))))
(/usr/local/texlive/2025/texmf-dist/tex/latex/fontawesome5/fontawesome5.sty
(/usr/local/texlive/2025/texmf-dist/tex/latex/fontawesome5/fontawesome5-utex-he
lper.sty
(/usr/local/texlive/2025/texmf-dist/tex/luatex/luatexbase/luatexbase.sty
(/usr/local/texlive/2025/texmf-dist/tex/luatex/ctablestack/ctablestack.sty))
(/usr/local/texlive/2025/texmf-dist/tex/latex/fontawesome5/tufontawesomefree.fd
)
(/usr/local/texlive/2025/texmf-dist/tex/latex/fontawesome5/tufontawesomebrands.
fd))) (/usr/local/texlive/2025/texmf-dist/tex/latex/titlesec/titlesec.sty)
(/usr/local/texlive/2025/texmf-dist/tex/latex/fancyhdr/fancyhdr.sty)
(/usr/local/texlive/2025/texmf-dist/tex/latex/titlesec/titletoc.sty)
(/usr/local/texlive/2025/texmf-dist/tex/latex/biblatex/biblatex.sty
(/usr/local/texlive/2025/texmf-dist/tex/latex/logreq/logreq.sty
(/usr/local/texlive/2025/texmf-dist/tex/latex/logreq/logreq.def))
(/usr/local/texlive/2025/texmf-dist/tex/latex/url/url.sty)
(/usr/local/texlive/2025/texmf-dist/tex/latex/biblatex/blx-dm.def)
(/usr/local/texlive/2025/texmf-dist/tex/latex/biblatex-apa/apa.dbx)
(/usr/local/texlive/2025/texmf-dist/tex/latex/biblatex/blx-unicode.def)
(/usr/local/texlive/2025/texmf-dist/tex/latex/biblatex/blx-compat.def)
(/usr/local/texlive/2025/texmf-dist/tex/latex/biblatex/biblatex.def)
(/usr/local/texlive/2025/texmf-dist/tex/latex/biblatex-apa/apa.bbx
(/usr/local/texlive/2025/texmf-dist/tex/latex/biblatex/bbx/standard.bbx))
(/usr/local/texlive/2025/texmf-dist/tex/latex/biblatex-apa/apa.cbx)
(/usr/local/texlive/2025/texmf-dist/tex/latex/biblatex/biblatex.cfg)
(/usr/local/texlive/2025/texmf-dist/tex/latex/biblatex/blx-case-expl3.sty))
(/usr/local/texlive/2025/texmf-dist/tex/latex/hyperref/hyperref.sty
(/usr/local/texlive/2025/texmf-dist/tex/generic/kvdefinekeys/kvdefinekeys.sty)
(/usr/local/texlive/2025/texmf-dist/tex/generic/pdfescape/pdfescape.sty)
(/usr/local/texlive/2025/texmf-dist/tex/latex/hycolor/hycolor.sty)
(/usr/local/texlive/2025/texmf-dist/tex/latex/hyperref/nameref.sty
(/usr/local/texlive/2025/texmf-dist/tex/latex/refcount/refcount.sty)
(/usr/local/texlive/2025/texmf-dist/tex/generic/gettitlestring/gettitlestring.s
ty)) (/usr/local/texlive/2025/texmf-dist/tex/generic/stringenc/stringenc.sty)
(/usr/local/texlive/2025/texmf-dist/tex/latex/hyperref/pd1enc.def)
(/usr/local/texlive/2025/texmf-dist/tex/generic/intcalc/intcalc.sty)
(/usr/local/texlive/2025/texmf-dist/tex/latex/hyperref/puenc.def)
(/usr/local/texlive/2025/texmf-dist/tex/generic/bitset/bitset.sty
(/usr/local/texlive/2025/texmf-dist/tex/generic/bigintcalc/bigintcalc.sty))
(/usr/local/texlive/2025/texmf-dist/tex/latex/base/atbegshi-ltx.sty))
(/usr/local/texlive/2025/texmf-dist/tex/latex/hyperref/hluatex.def
(/usr/local/texlive/2025/texmf-dist/tex/latex/base/atveryend-ltx.sty)
(/usr/local/texlive/2025/texmf-dist/tex/latex/rerunfilecheck/rerunfilecheck.sty

(/usr/local/texlive/2025/texmf-dist/tex/generic/uniquecounter/uniquecounter.sty
))) (/usr/local/texlive/2025/texmf-dist/tex/latex/bookmark/bookmark.sty
(/usr/local/texlive/2025/texmf-dist/tex/latex/bookmark/bkm-pdftex.def))
(/usr/local/texlive/2025/texmf-dist/tex/latex/cleveref/cleveref.sty))
(./estilo/libro.sty

LaTeX Warning: You have requested package `estilo/libro',
               but the package provides `libro'.

) (./build/libro/main.aux)
*geometry* driver: auto-detecting
*geometry* detected driver: luatex

Package unicode-math Warning: Using \overbracket and \underbracket from
(unicode-math)                `mathtools' package.
(unicode-math)                 
(unicode-math)                 Use \Uoverbracket and \Uunderbracket for
(unicode-math)                original `unicode-math' definition.


Package unicode-math Warning: I'm going to overwrite the following commands
(unicode-math)                from the `mathtools' package: 
(unicode-math)                 
(unicode-math)                     \dblcolon, \coloneqq, \Coloneqq, \eqqcolon.
(unicode-math)                
(unicode-math)                 
(unicode-math)                 Note that since I won't overwrite the other
(unicode-math)                colon-like commands, using them will lead to
(unicode-math)                inconsistencies.

(/usr/local/texlive/2025/texmf-dist/tex/context/base/mkii/supp-pdf.mkii
[Loading MPS to PDF converter (version 2006.09.02).]
) (/usr/local/texlive/2025/texmf-dist/tex/latex/epstopdf-pkg/epstopdf-base.sty
(/usr/local/texlive/2025/texmf-dist/tex/latex/latexconfig/epstopdf-sys.cfg))
Package pgfplots notification 'compat/show suggested version=true': document ha
s been generated with the most recent feature set (\pgfplotsset{compat=1.18}).


(/usr/local/texlive/2025/texmf-dist/tex/latex/translations/translations-basic-d
ictionary-spanish.trsl)
(/usr/local/texlive/2025/texmf-dist/tex/latex/pdflscape/pdflscape.sty
(/usr/local/texlive/2025/texmf-dist/tex/latex/pdflscape/pdflscape-nometadata.st
y (/usr/local/texlive/2025/texmf-dist/tex/latex/graphics/lscape.sty)))
(/usr/local/texlive/2025/texmf-dist/tex/latex/biblatex-apa/spanish-apa.lbx
(/usr/local/texlive/2025/texmf-dist/tex/latex/biblatex/lbx/spanish.lbx)
(/usr/local/texlive/2025/texmf-dist/tex/latex/biblatex/lbx/spanish.lbx))
No file main.bbl.
(./preliminares/portada.tex
[1{/usr/local/texlive/2025/texmf-var/fonts/map/pdftex/updmap/pdftex.map}])
(./preliminares/creditos.tex
Overfull \hbox (84.31575pt too wide) in paragraph at lines 14--16
[]\TU/SourceSansPro(0)/b/n/10 La-bo-ra-to-rios: \TU/SourceSansPro(0)/m/n/10 ca-
da ca-pí-tu-lo tie-ne no-te-books de Goo-gle Co-lab en []\TU/FiraMono(0)/m/n/1
0 github.com/juvenalyosa/bioinformatica-
(/usr/local/texlive/2025/texmf-dist/tex/latex/microtype/mt-msa.cfg)
(/usr/local/texlive/2025/texmf-dist/tex/latex/microtype/mt-msb.cfg)
[2]) (./preliminares/prologo.tex
[3]) (./preliminares/como_leer.tex
[4]
[5] (./build/libro/_FAD58DE7366495DB4650CFEFAC2FCD61.config.minted)
(/usr/local/texlive/2025/texmf-dist/tex/latex/microtype/mt-TU-empty.cfg)

LaTeX Warning: Reference `tab:convenciones' on page i undefined on input line 5
7.


[6]

LaTeX Warning: Reference `cap:00' on page i undefined on input line 74.


LaTeX Warning: Reference `cap:01' on page i undefined on input line 74.

)
[7]
[8]
No file main.toc.

[9]
[10]
[1]
[2] (./capitulos/cap00.tex
Capítulo 0.

LaTeX Warning: Citation 'c00-buckheit1995' on page 3 undefined on input line 6.



LaTeX Warning: Citation '' on page 3 undefined on input line 6.


[3]

LaTeX Warning: Reference `sec:00-colab' on page 1 undefined on input line 20.


LaTeX Warning: Reference `sec:00-biopython' on page 1 undefined on input line 2
0.


LaTeX Warning: Reference `sec:00-reproducibilidad' on page 1 undefined on input
 line 20.


[4]

LaTeX Warning: Citation 'c00-kluyver2016' on page 5 undefined on input line 33.



LaTeX Warning: Citation '' on page 5 undefined on input line 33.


LaTeX Warning: Reference `fig:00-cuaderno' on page 1 undefined on input line 35
.


LaTeX Warning: Reference `sec:00-reproducibilidad' on page 1 undefined on input
 line 66.


[5]
[6]

LaTeX Warning: Reference `eq:00-memoria' on page 1 undefined on input line 101.



[7]

LaTeX Warning: Reference `cap:03' on page 1 undefined on input line 121.


LaTeX Warning: Citation 'c00-harris2020' on page 8 undefined on input line 127.



[8]

LaTeX Warning: Reference `eq:00-strides' on page 1 undefined on input line 138.



LaTeX Warning: Reference `eq:00-ogrande' on page 1 undefined on input line 172.



LaTeX Warning: Reference `eq:00-ogrande' on page 1 undefined on input line 172.



LaTeX Warning: Reference `fig:00-tiempos' on page 1 undefined on input line 176
.


LaTeX Warning: Reference `cap:03' on page 1 undefined on input line 178.


LaTeX Warning: Citation 'c00-goldberg1991' on page 9 undefined on input line 18
4.


[9]

LaTeX Warning: Reference `eq:00-ieee' on page 1 undefined on input line 195.


[10]

LaTeX Warning: Reference `eq:00-redondeo' on page 1 undefined on input line 207
.


[11]

LaTeX Warning: Reference `eq:00-lse' on page 1 undefined on input line 230.


[12]

LaTeX Warning: Reference `fig:00-gc' on page 1 undefined on input line 261.


LaTeX Warning: Reference `eq:00-binomial' on page 1 undefined on input line 283
.


LaTeX Warning: Reference `eq:00-binomial' on page 1 undefined on input line 283
.


[13]

LaTeX Warning: Citation 'c00-mckinney2010' on page 14 undefined on input line 3
06.


LaTeX Warning: Citation 'c00-wickham2014' on page 14 undefined on input line 30
8.


LaTeX Warning: Citation '' on page 14 undefined on input line 308.


LaTeX Warning: Reference `fig:00-tidy' on page 1 undefined on input line 314.


[14]

LaTeX Warning: Citation 'c00-ziemann2016' on page 15 undefined on input line 35
1.


LaTeX Warning: Citation '' on page 15 undefined on input line 351.


LaTeX Warning: Citation 'c00-cleveland1984' on page 15 undefined on input line 
355.


LaTeX Warning: Citation '' on page 15 undefined on input line 355.


LaTeX Warning: Citation 'c00-tufte2001' on page 15 undefined on input line 357.



LaTeX Warning: Citation '' on page 15 undefined on input line 357.


[15]

LaTeX Warning: Reference `fig:00-color' on page 1 undefined on input line 365.


LaTeX Warning: Citation 'c00-crameri2020' on page 16 undefined on input line 36
5.


LaTeX Warning: Citation '' on page 16 undefined on input line 365.

(./figuras/cap00/franjas.tex)

LaTeX Warning: Citation 'c00-hunter2007' on page 16 undefined on input line 390
.


[16]

LaTeX Warning: Citation 'c00-cock2009' on page 17 undefined on input line 402.


[17]
Underfull \hbox (badness 10000) in paragraph at lines 434--434
[]|\TU/LibertinusSerif(0)/m/n/10 Ta-bla de tra-duc-ción; Biopython la guar-da 
en

[18]

LaTeX Warning: Reference `fig:00-codigo' on page 1 undefined on input line 436.


(./figuras/cap00/codigo_genetico.tex)
Underfull \hbox (badness 3088) in paragraph at lines 441--441
[][][]|\TU/SourceSansPro(0)/m/n/10 El có-di-go ge-né-ti-co es-tán-dar (ta-bl
a 1 del NC-BI), ge-ne-ra-do a par-tir de

[19]

LaTeX Warning: Reference `eq:00-pstop' on page 1 undefined on input line 466.


[20] (./figuras/cap00/orfs.tex)

LaTeX Warning: Reference `eq:00-pstop' on page 1 undefined on input line 472.


LaTeX Warning: Reference `eq:00-pstop' on page 1 undefined on input line 472.


LaTeX Warning: Reference `fig:00-orfs' on page 1 undefined on input line 476.


LaTeX Warning: Reference `cap:02' on page 1 undefined on input line 481.


[21]

LaTeX Warning: Citation 'c00-sayers2022' on page 22 undefined on input line 489
.


LaTeX Warning: Citation 'c00-wu2020' on page 22 undefined on input line 503.


LaTeX Warning: Citation '' on page 22 undefined on input line 503.


[22]

LaTeX Warning: Citation 'c00-ritchie1974' on page 23 undefined on input line 51
2.


LaTeX Warning: Citation '' on page 23 undefined on input line 512.


[23]

LaTeX Warning: Reference `fig:00-tuberia' on page 1 undefined on input line 525
.


LaTeX Warning: Citation 'c00-camacho2009' on page 24 undefined on input line 55
4.


LaTeX Warning: Reference `cap:03' on page 1 undefined on input line 554.


LaTeX Warning: Reference `sec:00-reproducibilidad' on page 1 undefined on input
 line 556.


Overfull \hbox (1.79884pt too wide) in paragraph at lines 556--557
[]\TU/LibertinusSerif(0)/m/n/10.95 En Co-lab, BLAST+ se ins-ta-la des-de los re
-po-si-to-rios del sis-te-ma (\TU/FiraMono(0)/m/n/10.95 apt-get install

[24]

LaTeX Warning: Reference `cap:03' on page 1 undefined on input line 591.


[25]

LaTeX Warning: Citation 'c00-baker2016' on page 26 undefined on input line 606.



LaTeX Warning: Citation 'c00-ioannidis2009' on page 26 undefined on input line 
606.


LaTeX Warning: Citation '' on page 26 undefined on input line 606.


[26]
[27]

LaTeX Warning: Citation 'c00-knuth1997' on page 28 undefined on input line 632.



LaTeX Warning: Citation '' on page 28 undefined on input line 632.


LaTeX Warning: Reference `eq:00-lcg' on page 1 undefined on input line 635.


[28]

LaTeX Warning: Reference `eq:00-randu-planos' on page 1 undefined on input line
 662.


LaTeX Warning: Reference `fig:00-randu' on page 1 undefined on input line 662.


LaTeX Warning: Citation 'c00-marsaglia1968' on page 29 undefined on input line 
662.


LaTeX Warning: Citation '' on page 29 undefined on input line 662.


Overfull \hbox (17.09933pt too wide) in paragraph at lines 662--663
\TU/LibertinusSerif(0)/m/n/10.95 so-lo 󰀚󰂧 lá-mi-nas del cu-bo y de-ja va
-cío to-do lo de-más. [][]

LaTeX Warning: Reference `eq:00-randu-planos' on page 1 undefined on input line
 677.


LaTeX Warning: Reference `eq:00-randu-planos' on page 1 undefined on input line
 677.


LaTeX Warning: Citation 'c00-matsumoto1998' on page 29 undefined on input line 
683.


LaTeX Warning: Citation '' on page 29 undefined on input line 683.


[29]

LaTeX Warning: Reference `ej:00-lcg' on page 1 undefined on input line 685.


LaTeX Warning: Citation 'c00-numpypcg' on page 30 undefined on input line 685.


[30]

LaTeX Warning: Reference `eq:00-mc' on page 1 undefined on input line 721.


LaTeX Warning: Reference `fig:00-montecarlo' on page 1 undefined on input line 
724.


[31]

LaTeX Warning: Citation 'c00-nist2015' on page 32 undefined on input line 757.


Overfull \hbox (21.29662pt too wide) in paragraph at lines 757--758
[]\TU/LibertinusSerif(0)/m/n/10.95 SHA-󰀫󰂧󰂨, de-fi-ni-da en el es-tán-
dar fe-de-ral es-ta-dou-ni-den-se de \TU/LibertinusSerif(0)/m/it/10.95 hash \TU
/LibertinusSerif(0)/m/n/10.95 se-gu-ro ([]),

LaTeX Warning: Reference `fig:00-avalancha' on page 1 undefined on input line 7
68.


[32]
[33]
Overfull \hbox (7.61224pt too wide) in paragraph at lines 815--816
[]\TU/FiraMono(0)/m/n/10.95 analisis_final.py[]\TU/LibertinusSerif(0)/m/n/10.95
 , []\TU/FiraMono(0)/m/n/10.95 analisis_final_v2.py[] \TU/LibertinusSerif(0)/m/
n/10.95 y []\TU/FiraMono(0)/m/n/10.95 analisis_final_DEFINITIVO.py[]

[34]

LaTeX Warning: Reference `fig:00-git' on page 1 undefined on input line 823.


LaTeX Warning: Citation 'c00-perezriverol2016' on page 35 undefined on input li
ne 857.


LaTeX Warning: Citation '' on page 35 undefined on input line 857.


[35]

LaTeX Warning: Citation 'c00-gruning2018' on page 36 undefined on input line 86
6.


LaTeX Warning: Citation '' on page 36 undefined on input line 866.


LaTeX Warning: Citation 'c00-sandve2013' on page 36 undefined on input line 871
.


LaTeX Warning: Citation '' on page 36 undefined on input line 871.


LaTeX Warning: Reference `tab:00-sandve' on page 1 undefined on input line 871.



LaTeX Warning: Citation 'c00-wilson2014' on page 36 undefined on input line 871
.


LaTeX Warning: Citation '' on page 36 undefined on input line 871.


LaTeX Warning: Citation 'c00-wilson2017' on page 36 undefined on input line 871
.


LaTeX Warning: Citation '' on page 36 undefined on input line 871.


Overfull \hbox (25.06598pt too wide) in paragraph at lines 871--872
\TU/LibertinusSerif(0)/m/n/10.95 cio-na con los ins-tru-men-tos de es-te ca-p
í-tu-lo. En pa-ra-le-lo, [][]

LaTeX Warning: Citation 'c00-sandve2013' on page 36 undefined on input line 875
.


LaTeX Warning: Citation '' on page 36 undefined on input line 875.


LaTeX Warning: Citation 'c00-sandve2013' on page 36 undefined on input line 875
.


LaTeX Warning: Citation '' on page 36 undefined on input line 875.


Underfull \hbox (badness 1701) in paragraph at lines 875--875
[][][]|\TU/SourceSansPro(0)/m/n/10 Las diez re-glas de [][] pa-ra la in-ves-ti-
ga-ción

LaTeX Warning: Citation 'c00-wilkinson2016' on page 36 undefined on input line 
896.


LaTeX Warning: Citation '' on page 36 undefined on input line 896.


Overfull \hbox (86.03484pt too wide) in paragraph at lines 896--897
[]\TU/LibertinusSerif(0)/m/n/10.95 Los prin-ci-pios FAIR am-plían la mi-ra-da 
de los aná-li-sis a los \TU/LibertinusSerif(0)/m/it/10.95 da-tos\TU/Libertinus
Serif(0)/m/n/10.95 . [][]

[36]
[37]

LaTeX Warning: Reference `eq:00-memoria' on page 1 undefined on input line 917.



LaTeX Warning: Reference `eq:00-lse' on page 1 undefined on input line 918.


[38]

LaTeX Warning: Reference `ej:00-gc' on page 1 undefined on input line 919.


LaTeX Warning: Reference `eq:00-cumple' on page 1 undefined on input line 920.


LaTeX Warning: Reference `eq:00-mc' on page 1 undefined on input line 921.


LaTeX Warning: Reference `sec:00-biopython' on page 1 undefined on input line 9
22.


LaTeX Warning: Reference `tab:00-sandve' on page 1 undefined on input line 922.



LaTeX Warning: Empty bibliography on input line 925.

)
[39] (./capitulos/cap01.tex
[40]
Capítulo 1.

LaTeX Warning: Citation 'c01-watson1953' on page 41 undefined on input line 7.


LaTeX Warning: Citation '' on page 41 undefined on input line 7.


LaTeX Warning: Citation 'c01-crick1970' on page 41 undefined on input line 11.


LaTeX Warning: Citation '' on page 41 undefined on input line 11.


[41]

LaTeX Warning: Reference `sec:01-dogma' on page 1 undefined on input line 21.


LaTeX Warning: Reference `sec:01-orfs' on page 1 undefined on input line 21.


LaTeX Warning: Reference `sec:01-gcskew' on page 1 undefined on input line 21.


[42]

LaTeX Warning: Citation 'c01-watson1953' on page 43 undefined on input line 36.



LaTeX Warning: Citation '' on page 43 undefined on input line 36.


[43]

LaTeX Warning: Reference `eq:01-rc' on page 1 undefined on input line 56.


LaTeX Warning: Reference `sec:01-gcskew' on page 1 undefined on input line 56.


LaTeX Warning: Citation 'c01-crick1970' on page 44 undefined on input line 68.


LaTeX Warning: Reference `fig:01-dogma' on page 1 undefined on input line 68.


LaTeX Warning: Citation 'c01-crick1970' on page 44 undefined on input line 97.


LaTeX Warning: Citation '' on page 44 undefined on input line 97.


LaTeX Warning: Citation 'c01-crick1970' on page 44 undefined on input line 97.


LaTeX Warning: Citation '' on page 44 undefined on input line 97.


LaTeX Warning: Citation 'c01-temin1970' on page 44 undefined on input line 101.



LaTeX Warning: Citation '' on page 44 undefined on input line 101.


LaTeX Warning: Citation 'c01-crick1970' on page 44 undefined on input line 101.



LaTeX Warning: Citation '' on page 44 undefined on input line 101.


[44]

LaTeX Warning: Citation 'c01-alberts2022' on page 45 undefined on input line 10
3.


[45]

LaTeX Warning: Reference `fig:01-spike' on page 1 undefined on input line 107.

(./figuras/cap01/spike_flujo.tex)
Overfull \hbox (8.5459pt too wide) in paragraph at lines 207--112
 [][] 

[46]

LaTeX Warning: Citation 'c01-shannon1948' on page 47 undefined on input line 14
7.


LaTeX Warning: Citation '' on page 47 undefined on input line 147.


[47]

LaTeX Warning: Citation 'c01-shannon1948' on page 48 undefined on input line 16
8.


LaTeX Warning: Reference `eq:01-entropia' on page 1 undefined on input line 187
.


[48]

LaTeX Warning: Reference `eq:01-bloque' on page 1 undefined on input line 235.


LaTeX Warning: Reference `eq:01-bloque' on page 1 undefined on input line 235.


LaTeX Warning: Reference `fig:01-entropia' on page 1 undefined on input line 23
9.


LaTeX Warning: Reference `cap:03' on page 1 undefined on input line 242.


[49]

LaTeX Warning: Citation 'c01-shannon1948' on page 50 undefined on input line 24
7.


LaTeX Warning: Citation '' on page 50 undefined on input line 247.


[50]

LaTeX Warning: Reference `fig:01-entropia' on page 1 undefined on input line 24
9.


LaTeX Warning: Citation 'c01-nirenberg1961' on page 51 undefined on input line 
256.


LaTeX Warning: Citation 'c01-crick1961' on page 51 undefined on input line 256.



LaTeX Warning: Citation '' on page 51 undefined on input line 256.


LaTeX Warning: Citation 'c01-nirenberg1964' on page 51 undefined on input line 
256.


LaTeX Warning: Citation '' on page 51 undefined on input line 256.


LaTeX Warning: Reference `fig:01-rueda' on page 1 undefined on input line 259.


LaTeX Warning: Citation 'c01-crick1966' on page 51 undefined on input line 259.



LaTeX Warning: Citation '' on page 51 undefined on input line 259.


[51] (./figuras/cap01/rueda_codigo.tex)

LaTeX Warning: Citation 'c01-yamao1985' on page 52 undefined on input line 279.



LaTeX Warning: Reference `sec:01-orfs' on page 1 undefined on input line 279.


[52]

LaTeX Warning: Citation 'c01-haig1991' on page 53 undefined on input line 310.


LaTeX Warning: Citation '' on page 53 undefined on input line 310.


[53]

LaTeX Warning: Citation 'c01-kyte1982' on page 54 undefined on input line 324.


LaTeX Warning: Citation '' on page 54 undefined on input line 324.


Underfull \hbox (badness 10000) in paragraph at lines 324--324
[]|\TU/LibertinusSerif(0)/m/n/10 Pro-pie-dad del ami-noá-ci-do $\TU/Libertinus
Math-Regular.otf(1)/m/n/10 𝑎$\TU/LibertinusSerif(0)/m/n/10 ; aquí, la hi-dr
o-pa-tía de

LaTeX Warning: Citation 'c01-haig1991' on page 54 undefined on input line 326.


LaTeX Warning: Citation '' on page 54 undefined on input line 326.


Overfull \hbox (64.69237pt too wide) in paragraph at lines 326--327
[]\TU/LibertinusSerif(0)/m/n/10.95 ¿Con qué có-di-gos al-ter-na-ti-vos com-p
a-ra-mos? El pro-ce-di-mien-to de [][]

LaTeX Warning: Reference `eq:01-costo' on page 1 undefined on input line 355.


LaTeX Warning: Citation 'c01-freeland1998' on page 54 undefined on input line 3
55.


LaTeX Warning: Reference `eq:01-costo' on page 1 undefined on input line 355.


LaTeX Warning: Citation 'c01-freeland1998' on page 54 undefined on input line 3
55.


LaTeX Warning: Reference `fig:01-costo' on page 1 undefined on input line 359.


LaTeX Warning: Citation 'c01-haig1991' on page 54 undefined on input line 359.


LaTeX Warning: Citation '' on page 54 undefined on input line 359.


LaTeX Warning: Citation 'c01-freeland1998' on page 54 undefined on input line 3
59.


LaTeX Warning: Citation '' on page 54 undefined on input line 359.


[54]

LaTeX Warning: Citation 'c01-crick1968' on page 55 undefined on input line 362.



LaTeX Warning: Citation '' on page 55 undefined on input line 362.


LaTeX Warning: Citation 'c01-koonin2009' on page 55 undefined on input line 362
.


LaTeX Warning: Citation '' on page 55 undefined on input line 362.


[55]

LaTeX Warning: Reference `fig:01-genes' on page 1 undefined on input line 382.


LaTeX Warning: Citation 'c01-shine1974' on page 56 undefined on input line 386.



LaTeX Warning: Citation '' on page 56 undefined on input line 386.


Overfull \hbox (20.14264pt too wide) in paragraph at lines 386--387
\TU/LibertinusSerif(0)/m/n/10.95 ci-da a []\TU/FiraMono(0)/b/n/10.95 A[][]G[][]
G[][]A[][]G[][]G[]\TU/LibertinusSerif(0)/m/n/10.95 , unas 󰂿 ba-ses an-tes de
l co-dón de ini-cio. [][]

[56]

LaTeX Warning: Citation 'c01-berget1977' on page 57 undefined on input line 391
.


LaTeX Warning: Citation '' on page 57 undefined on input line 391.


LaTeX Warning: Citation 'c01-gilbert1978' on page 57 undefined on input line 39
1.


LaTeX Warning: Citation '' on page 57 undefined on input line 391.


Overfull \hbox (1.79008pt too wide) in paragraph at lines 391--392
\TU/LibertinusSerif(0)/m/n/10.95 in-ter-nos que se eli-mi-nan du-ran-te el pro-
ce-sa-mien-to. [][]

LaTeX Warning: Reference `fig:01-marcos' on page 1 undefined on input line 456.



[57]

LaTeX Warning: Citation 'c01-hyatt2010' on page 58 undefined on input line 473.


(./figuras/cap01/seis_marcos.tex)
Overfull \hbox (3.73195pt too wide) in paragraph at lines 146--477
 [][] 

[58]

LaTeX Warning: Reference `eq:01-orf' on page 1 undefined on input line 490.


[59]

LaTeX Warning: Reference `eq:01-pstop' on page 1 undefined on input line 544.


[60]

LaTeX Warning: Citation 'c01-fraser1995' on page 61 undefined on input line 570
.


LaTeX Warning: Citation '' on page 61 undefined on input line 570.


LaTeX Warning: Citation 'c01-glass2006' on page 61 undefined on input line 570.



LaTeX Warning: Citation '' on page 61 undefined on input line 570.


LaTeX Warning: Citation 'c01-hutchison2016' on page 61 undefined on input line 
570.


LaTeX Warning: Citation '' on page 61 undefined on input line 570.


[61]

LaTeX Warning: Citation 'c01-yamao1985' on page 62 undefined on input line 575.



LaTeX Warning: Citation '' on page 62 undefined on input line 575.


Overfull \hbox (14.43657pt too wide) in paragraph at lines 578--579
[]\TU/LibertinusSerif(0)/m/n/10.95 El de-ta-lle tie-ne con-se-cuen-cias dra-m
á-ti-cas. Si tra-du-ci-mos las 󰂧󰀙󰂦 CDS de \TU/LibertinusSerif(0)/m/it
/10.95 M.genitalium

LaTeX Warning: Reference `eq:01-pstop' on page 1 undefined on input line 581.


LaTeX Warning: Reference `eq:01-umbral' on page 1 undefined on input line 586.


[62]

LaTeX Warning: Reference `fig:01-supervivencia' on page 1 undefined on input li
ne 595.


LaTeX Warning: Reference `teo:01-geometrica' on page 1 undefined on input line 
615.


LaTeX Warning: Reference `teo:01-geometrica' on page 1 undefined on input line 
615.


Underfull \hbox (badness 1783) in paragraph at lines 615--615
[][][]|\TU/SourceSansPro(0)/m/n/10 Lon-gi-tud de los tra-mos sin co-do-nes de p
a-ra-da en los seis mar-cos de

[63]
[64]

LaTeX Warning: Reference `fig:01-sensprec' on page 1 undefined on input line 64
4.


LaTeX Warning: Citation 'c01-fickett1982' on page 65 undefined on input line 67
3.


LaTeX Warning: Citation '' on page 65 undefined on input line 673.


LaTeX Warning: Citation 'c01-hyatt2010' on page 65 undefined on input line 673.



[65]
[66]

LaTeX Warning: Reference `sec:01-orfs' on page 1 undefined on input line 697.


LaTeX Warning: Citation 'c01-blattner1997' on page 67 undefined on input line 7
01.


LaTeX Warning: Citation '' on page 67 undefined on input line 701.


Overfull \hbox (39.8767pt too wide) in paragraph at lines 701--702
[]\TU/LibertinusSerif(0)/m/n/10.95 El cro-mo-so-ma de \TU/LibertinusSerif(0)/m/
it/10.95 Es-che-ri-chia co-li \TU/LibertinusSerif(0)/m/n/10.95 K-󰀚󰀫, se-c
uen-cia-do por [][],

LaTeX Warning: Citation 'c01-okazaki1968' on page 67 undefined on input line 70
3.


LaTeX Warning: Citation '' on page 67 undefined on input line 703.


LaTeX Warning: Reference `fig:01-replicacion' on page 1 undefined on input line
 703.


[67]

LaTeX Warning: Citation 'c01-frederico1990' on page 68 undefined on input line 
754.


LaTeX Warning: Citation '' on page 68 undefined on input line 754.


LaTeX Warning: Citation 'c01-lobry1996' on page 68 undefined on input line 754.



LaTeX Warning: Citation '' on page 68 undefined on input line 754.


[68]

LaTeX Warning: Reference `eq:01-skew-eq' on page 1 undefined on input line 774.



LaTeX Warning: Citation 'c01-frank1999' on page 69 undefined on input line 774.



LaTeX Warning: Citation '' on page 69 undefined on input line 774.


[69]

LaTeX Warning: Citation 'c01-grigoriev1998' on page 70 undefined on input line 
797.


LaTeX Warning: Citation '' on page 70 undefined on input line 797.


LaTeX Warning: Reference `eq:01-skew' on page 1 undefined on input line 804.


[70]
Overfull \hbox (9.11414pt too wide) in paragraph at lines 836--837
[]\TU/LibertinusSerif(0)/m/n/10.95 Apli-que-mos el mé-to-do al ge-no-ma de re-
fe-ren-cia de \TU/LibertinusSerif(0)/m/it/10.95 E.coli \TU/LibertinusSerif(0)/m
/n/10.95 K-󰀚󰀫 MG󰀚󰂨󰂧󰂧 (NC_󰀙󰀙󰀙󰂫󰀚󰀬.󰀬,

Overfull \hbox (7.47232pt too wide) in paragraph at lines 836--837
\TU/LibertinusMath-Regular.otf(1)/m/n/10.95 4 641 652$ \TU/LibertinusSerif(0)/m
/n/10.95 pb). Se-gún su pro-pia ano-ta-ción, el ori-gen de re-pli-ca-ción (\
TU/LibertinusSerif(0)/m/it/10.95 fea-tu-re \TU/FiraMono(0)/m/n/10.95 rep_origin
\TU/LibertinusSerif(0)/m/n/10.95 )

Overfull \hbox (11.83607pt too wide) in paragraph at lines 861--862
 [][] 

LaTeX Warning: Reference `eq:01-cumskew' on page 1 undefined on input line 862.



LaTeX Warning: Reference `eq:01-cumskew' on page 1 undefined on input line 862.



LaTeX Warning: Reference `fig:01-skew' on page 1 undefined on input line 866.


LaTeX Warning: Reference `eq:01-pendiente' on page 1 undefined on input line 86
9.


[71]

LaTeX Warning: Reference `fig:01-mapa' on page 1 undefined on input line 878.

(./figuras/cap01/mapa_circular.tex)
[72]
[73]

LaTeX Warning: Reference `fig:01-ruido' on page 1 undefined on input line 908.


LaTeX Warning: Reference `teo:01-ruido' on page 1 undefined on input line 908.


[74]

LaTeX Warning: Citation 'c01-rocha2004' on page 75 undefined on input line 934.



LaTeX Warning: Citation '' on page 75 undefined on input line 934.


LaTeX Warning: Citation 'c01-frank1999' on page 75 undefined on input line 934.



Overfull \hbox (55.64961pt too wide) in paragraph at lines 934--935
\TU/LibertinusSerif(0)/m/n/10 El ses-go de com-po-si-ción es so-lo una de las 
hue-llas de la re-pli-ca-ción. [][]

LaTeX Warning: Citation 'c01-crick1970' on page 75 undefined on input line 940.



[75]

LaTeX Warning: Reference `eq:01-pstop' on page 1 undefined on input line 952.


LaTeX Warning: Reference `sec:01-orfs' on page 1 undefined on input line 952.


[76]

LaTeX Warning: Reference `eq:01-pendiente' on page 1 undefined on input line 95
6.


LaTeX Warning: Empty bibliography on input line 959.

)
[77] (./capitulos/cap02.tex
[78]
Capítulo 2.

LaTeX Warning: Citation 'c02-wilkinson2016' on page 79 undefined on input line 
6.


LaTeX Warning: Citation '' on page 79 undefined on input line 6.


[79]

LaTeX Warning: Reference `sec:02-formatos' on page 1 undefined on input line 20
.


LaTeX Warning: Reference `sec:02-bases' on page 1 undefined on input line 20.


[80]

LaTeX Warning: Reference `fig:02-flujo' on page 1 undefined on input line 33.


LaTeX Warning: Citation 'c02-leinonen2011' on page 81 undefined on input line 3
3.


LaTeX Warning: Reference `sec:02-bases' on page 1 undefined on input line 55.


LaTeX Warning: Reference `sec:02-bases' on page 1 undefined on input line 55.


LaTeX Warning: Citation 'c02-buffalo2015' on page 81 undefined on input line 59
.


LaTeX Warning: Citation '' on page 81 undefined on input line 59.


LaTeX Warning: Citation 'c02-bonfield2021' on page 81 undefined on input line 5
9.


Overfull \hbox (23.42792pt too wide) in paragraph at lines 59--60
[]\TU/FiraMono(0)/m/n/10.95 awk[] \TU/LibertinusSerif(0)/m/n/10.95 sin nin-gún
 pro-gra-ma es-pe-cia-li-za-do, co-mo de-fien-de [][].

[81]

LaTeX Warning: Citation 'c02-lipman1985' on page 82 undefined on input line 63.



LaTeX Warning: Citation 'c02-pearson1988' on page 82 undefined on input line 63
.


[82]

LaTeX Warning: Citation 'c02-cock2010' on page 83 undefined on input line 89.


LaTeX Warning: Citation '' on page 83 undefined on input line 89.


LaTeX Warning: Reference `fig:02-fastq' on page 1 undefined on input line 89.

(./figuras/cap02/fastq_registro.tex)
Overfull \hbox (4.94872pt too wide) in paragraph at lines 144--94
 [][] 

LaTeX Warning: Citation 'c02-ewing1998a' on page 83 undefined on input line 100
.


LaTeX Warning: Citation 'c02-ewing1998b' on page 83 undefined on input line 100
.


[83]

LaTeX Warning: Reference `cap:03' on page 1 undefined on input line 114.


LaTeX Warning: Citation 'c02-ewing1998b' on page 84 undefined on input line 116
.


LaTeX Warning: Citation '' on page 84 undefined on input line 116.


[84]

LaTeX Warning: Citation 'c02-cock2010' on page 85 undefined on input line 118.


LaTeX Warning: Reference `eq:02-phred' on page 1 undefined on input line 129.


LaTeX Warning: Reference `fig:02-phred' on page 1 undefined on input line 130.


LaTeX Warning: Reference `eq:02-phred' on page 1 undefined on input line 149.


LaTeX Warning: Reference `eq:02-solexa' on page 1 undefined on input line 149.


LaTeX Warning: Reference `eq:02-phred' on page 1 undefined on input line 149.


LaTeX Warning: Reference `eq:02-solexa' on page 1 undefined on input line 149.


LaTeX Warning: Reference `fig:02-ascii' on page 1 undefined on input line 155.

(./figuras/cap02/ascii_phred.tex)

LaTeX Warning: Citation 'c02-cock2010' on page 85 undefined on input line 160.


LaTeX Warning: Citation 'c02-cock2010' on page 85 undefined on input line 160.


LaTeX Warning: Reference `fig:02-ascii' on page 1 undefined on input line 165.


[85]
[86]

LaTeX Warning: Reference `fig:02-fastq' on page 1 undefined on input line 186.


LaTeX Warning: Reference `fig:02-fastq' on page 1 undefined on input line 193.


[87]

LaTeX Warning: Reference `fig:02-calidad' on page 1 undefined on input line 197
.


LaTeX Warning: Reference `eq:02-ee' on page 1 undefined on input line 226.


LaTeX Warning: Reference `eq:02-ee' on page 1 undefined on input line 226.


LaTeX Warning: Citation 'c02-cock2009' on page 88 undefined on input line 248.


LaTeX Warning: Reference `eq:02-conversion' on page 1 undefined on input line 2
48.


LaTeX Warning: Citation 'c02-sayers2025genbank' on page 88 undefined on input l
ine 252.


LaTeX Warning: Citation 'c02-arita2021' on page 88 undefined on input line 252.



[88]

LaTeX Warning: Reference `fig:02-coordenadas' on page 1 undefined on input line
 268.


[89]
[90]

LaTeX Warning: Citation 'c02-quinlan2010' on page 91 undefined on input line 32
6.


Overfull \hbox (5.29198pt too wide) in paragraph at lines 326--327
[]\TU/LibertinusSerif(0)/m/n/10.95 Es-ta es la ope-ra-ción ele-men-tal de he-r
ra-mien-tas co-mo BED-Tools ([]),

LaTeX Warning: Reference `sec:02-bases' on page 1 undefined on input line 333.


[91]

LaTeX Warning: Citation 'c02-eilbeck2005' on page 92 undefined on input line 34
6.


[92]

LaTeX Warning: Citation 'c02-kent2002' on page 93 undefined on input line 366.


LaTeX Warning: Reference `eq:02-coord' on page 1 undefined on input line 366.


LaTeX Warning: Reference `cap:03' on page 1 undefined on input line 370.


LaTeX Warning: Citation 'c02-li2009' on page 93 undefined on input line 370.


LaTeX Warning: Citation '' on page 93 undefined on input line 370.


LaTeX Warning: Reference `tab:02-sam' on page 1 undefined on input line 370.


LaTeX Warning: Reference `fig:02-flag' on page 1 undefined on input line 390.


LaTeX Warning: Reference `fig:02-cigar' on page 1 undefined on input line 390.


[93]

LaTeX Warning: Reference `tab:02-cigar' on page 1 undefined on input line 397.


[94] (./figuras/cap02/cigar.tex)

LaTeX Warning: Reference `eq:02-lr' on page 1 undefined on input line 437.


LaTeX Warning: Reference `eq:02-lq' on page 1 undefined on input line 437.


LaTeX Warning: Reference `eq:02-lr' on page 1 undefined on input line 437.


LaTeX Warning: Reference `eq:02-lq' on page 1 undefined on input line 437.


[95]

LaTeX Warning: Reference `eq:02-lr' on page 1 undefined on input line 442.


LaTeX Warning: Reference `eq:02-lq' on page 1 undefined on input line 442.


[96]

LaTeX Warning: Reference `fig:02-flag' on page 1 undefined on input line 462.

(./figuras/cap02/flag.tex)
[97]

LaTeX Warning: Citation 'c02-li2009' on page 98 undefined on input line 479.


LaTeX Warning: Citation 'c02-kent2002' on page 98 undefined on input line 492.


LaTeX Warning: Reference `fig:02-bgzf' on page 1 undefined on input line 492.


[98]

LaTeX Warning: Citation 'c02-li2011' on page 99 undefined on input line 508.


LaTeX Warning: Reference `eq:02-voffset' on page 1 undefined on input line 524.



Overfull \hbox (9.48317pt too wide) in paragraph at lines 548--549
 [][] 

LaTeX Warning: Citation 'c02-hsiyangfritz2011' on page 99 undefined on input li
ne 557.


LaTeX Warning: Reference `sec:02-bases' on page 1 undefined on input line 557.


LaTeX Warning: Citation 'c02-bonfield2021' on page 99 undefined on input line 5
57.


LaTeX Warning: Citation 'c02-danecek2021' on page 99 undefined on input line 55
7.


[99]

LaTeX Warning: Citation 'c02-danecek2011' on page 100 undefined on input line 5
63.


[100]
Overfull \hbox (1.20883pt too wide) detected at line 583
[][][][]\TU/LibertinusMath-Regular.otf(1)/m/n/10.95 ℙ(𝐷 ∣ 𝐺) = [] [] 
,  [][] = −10 [][] [],

[101]

LaTeX Warning: Citation 'c02-tan2015' on page 102 undefined on input line 605.


LaTeX Warning: Citation '' on page 102 undefined on input line 605.


[102]

LaTeX Warning: Reference `fig:02-ecosistema' on page 1 undefined on input line 
621.


LaTeX Warning: Citation 'c02-arita2021' on page 103 undefined on input line 624
.


LaTeX Warning: Citation 'c02-leinonen2011' on page 103 undefined on input line 
624.


LaTeX Warning: Citation 'c02-oleary2016' on page 103 undefined on input line 62
5.


LaTeX Warning: Citation 'c02-uniprot2025' on page 103 undefined on input line 6
25.


LaTeX Warning: Citation 'c02-dyer2025' on page 103 undefined on input line 626.



LaTeX Warning: Citation 'c02-sayers2025ncbi' on page 103 undefined on input lin
e 626.


Overfull \hbox (25.68999pt too wide) in paragraph at lines 626--627
\TU/LibertinusSerif(0)/m/n/10.95 el con-jun-to de ba-ses del NC-BI (Ge-ne, dbSN
P, Clin-Var, Pub-Med…) ([])

[103]

LaTeX Warning: Reference `fig:02-pasaporte' on page 1 undefined on input line 6
72.


[104]

LaTeX Warning: Reference `cap:03' on page 1 undefined on input line 681.


LaTeX Warning: Citation 'c02-berman2000' on page 105 undefined on input line 68
1.


LaTeX Warning: Citation 'c02-berman2003' on page 105 undefined on input line 68
1.


LaTeX Warning: Reference `fig:02-rest' on page 1 undefined on input line 686.


LaTeX Warning: Citation 'c02-yates2015' on page 105 undefined on input line 712
.


LaTeX Warning: Citation 'c02-yates2015' on page 105 undefined on input line 712
.


[105]

LaTeX Warning: Reference `eq:02-tasa' on page 1 undefined on input line 738.


[106]

LaTeX Warning: Citation 'c02-sayers2025ncbi' on page 107 undefined on input lin
e 776.


[107]

LaTeX Warning: Reference `ej:02-coordS' on page 1 undefined on input line 792.


LaTeX Warning: Citation 'c02-cock2009' on page 108 undefined on input line 792.



LaTeX Warning: Citation 'c02-dyer2025' on page 108 undefined on input line 814.



LaTeX Warning: Citation 'c02-yates2015' on page 108 undefined on input line 814
.


LaTeX Warning: Reference `fig:02-tp53' on page 1 undefined on input line 816.


[108] (./figuras/cap02/tp53_gen.tex)

LaTeX Warning: Citation 'c02-uniprot2025' on page 109 undefined on input line 8
31.


[109]

LaTeX Warning: Reference `fig:02-p53var' on page 1 undefined on input line 858.



[110]

LaTeX Warning: Citation 'c02-berman2000' on page 111 undefined on input line 87
0.


LaTeX Warning: Citation 'c02-burley2025' on page 111 undefined on input line 87
0.


LaTeX Warning: Reference `fig:02-pdb' on page 1 undefined on input line 872.


Package siunitx Warning: Unit macro \angstrom has been deprecated in this
(siunitx)                release.
(siunitx)                
(siunitx)                The BIPM have removed this unit from the SI Brochure.
(siunitx)                You should define it yourself using \DeclareSIUnit in
(siunitx)                your source. The current definition is
(siunitx)                
(siunitx)                \DeclareSIUnit\angstrom{Å}


LaTeX Warning: Citation 'c02-cho1994' on page 111 undefined on input line 897.


[111]

LaTeX Warning: Reference `fig:02-pasaporte' on page 1 undefined on input line 9
01.


Overfull \hbox (1.60913pt too wide) in paragraph at lines 928--929
 [][] 

LaTeX Warning: Citation 'c02-wilkinson2016' on page 112 undefined on input line
 933.


LaTeX Warning: Citation '' on page 112 undefined on input line 933.


[112]
Overfull \hbox (1.52997pt too wide) in paragraph at lines 952--953
\TU/LibertinusMath-Regular.otf(1)/m/n/10 −10 [][] 𝑝$\TU/LibertinusSerif(0)
/m/n/10 , co-di-fi-ca-da co-mo \TU/FiraMono(0)/m/n/10 chr(Q+33)\TU/LibertinusSe
rif(0)/m/n/10 . Los erro-res es-pe-ra-dos, $[] \TU/LibertinusMath-Regular.otf(1
)/m/n/10 = [] 10[]$\TU/LibertinusSerif(0)/m/n/10 ,

[113]

LaTeX Warning: Reference `eq:02-p0' on page 1 undefined on input line 965.


LaTeX Warning: Reference `teo:02-bins' on page 1 undefined on input line 966.


LaTeX Warning: Reference `ej:02-bin' on page 1 undefined on input line 966.


LaTeX Warning: Reference `ej:02-pl' on page 1 undefined on input line 968.


LaTeX Warning: Reference `fig:02-calidad' on page 1 undefined on input line 968
.


[114]

LaTeX Warning: Empty bibliography on input line 971.

)
[115]
[116]
[117]
[118] (./capitulos/cap03.tex
Capítulo 3.

LaTeX Warning: Citation 'c03-dobzhansky1973' on page 119 undefined on input lin
e 7.


LaTeX Warning: Citation '' on page 119 undefined on input line 7.


[119]

LaTeX Warning: Reference `sec:03-dotplot' on page 1 undefined on input line 20.



LaTeX Warning: Reference `sec:03-dp' on page 1 undefined on input line 20.


LaTeX Warning: Reference `sec:03-matrices' on page 1 undefined on input line 20
.


LaTeX Warning: Reference `sec:03-blast' on page 1 undefined on input line 20.


LaTeX Warning: Citation 'c03-gibbs1970' on page 120 undefined on input line 31.



LaTeX Warning: Citation '' on page 120 undefined on input line 31.


[120]

LaTeX Warning: Citation 'c03-maizel1981' on page 121 undefined on input line 55
.


LaTeX Warning: Citation '' on page 121 undefined on input line 55.


LaTeX Warning: Reference `fig:03-dotplot' on page 1 undefined on input line 59.



[121] (./figuras/cap03/dotplot.tex)

LaTeX Warning: Reference `eq:03-dotplot' on page 1 undefined on input line 77.


[122]
[123]

LaTeX Warning: Citation 'c03-bellman1954' on page 124 undefined on input line 1
32.


LaTeX Warning: Citation '' on page 124 undefined on input line 132.


LaTeX Warning: Citation 'c03-eddy2004dp' on page 124 undefined on input line 13
2.


LaTeX Warning: Citation '' on page 124 undefined on input line 132.


Overfull \hbox (53.36562pt too wide) in paragraph at lines 132--133
[]\TU/LibertinusSerif(0)/m/n/10.95 La idea as-tu-ta pro-vie-ne de la in-ves-ti-
ga-ción de ope-ra-cio-nes. [][]

LaTeX Warning: Citation 'c03-needleman1970' on page 124 undefined on input line
 136.


LaTeX Warning: Citation '' on page 124 undefined on input line 136.


[124] (./figuras/cap03/nw_matriz.tex)

LaTeX Warning: Reference `fig:03-nw' on page 1 undefined on input line 166.


[125]

LaTeX Warning: Citation 'c03-smith1981' on page 126 undefined on input line 196
.


LaTeX Warning: Citation '' on page 126 undefined on input line 196.


[126]

LaTeX Warning: Citation 'c03-sellers1974' on page 127 undefined on input line 2
13.


LaTeX Warning: Citation '' on page 127 undefined on input line 213.


[127]

LaTeX Warning: Citation 'c03-gotoh1982' on page 128 undefined on input line 229
.


LaTeX Warning: Citation '' on page 128 undefined on input line 229.


LaTeX Warning: Citation 'c03-durbin1998' on page 128 undefined on input line 23
5.


LaTeX Warning: Citation '' on page 128 undefined on input line 235.


LaTeX Warning: Reference `cap:04' on page 1 undefined on input line 235.


LaTeX Warning: Citation 'c03-hirschberg1975' on page 128 undefined on input lin
e 238.


LaTeX Warning: Citation '' on page 128 undefined on input line 238.


[128]

LaTeX Warning: Citation 'c03-altschul1991' on page 129 undefined on input line 
266.


LaTeX Warning: Citation '' on page 129 undefined on input line 266.


LaTeX Warning: Citation 'c03-dayhoff1978' on page 129 undefined on input line 2
70.


[129]

LaTeX Warning: Citation 'c03-henikoff1992' on page 130 undefined on input line 
278.


LaTeX Warning: Citation '' on page 130 undefined on input line 278.

(./figuras/cap03/blosum62.tex)

LaTeX Warning: Citation 'c03-cock2009' on page 130 undefined on input line 283.



LaTeX Warning: Citation 'c03-cock2009' on page 130 undefined on input line 283.



LaTeX Warning: Citation 'c03-styczynski2008' on page 130 undefined on input lin
e 293.


LaTeX Warning: Citation '' on page 130 undefined on input line 293.


LaTeX Warning: Citation 'c03-eddy2004blosum' on page 130 undefined on input lin
e 293.


LaTeX Warning: Citation '' on page 130 undefined on input line 293.


Overfull \hbox (12.07393pt too wide) in paragraph at lines 293--294
[]\TU/LibertinusSerif(0)/m/n/10 Una dé-ca-da y me-dia des-pués de su pu-bli-c
a-ción, [][]

LaTeX Warning: Citation 'c03-pearson2013' on page 130 undefined on input line 2
98.


[130]
[131]

LaTeX Warning: Citation 'c03-pearson1988' on page 132 undefined on input line 3
11.


LaTeX Warning: Citation 'c03-altschul1990' on page 132 undefined on input line 
311.


Overfull \hbox (13.97198pt too wide) in paragraph at lines 353--354
 [][] 

LaTeX Warning: Citation 'c03-altschul1997' on page 132 undefined on input line 
358.


LaTeX Warning: Citation 'c03-camacho2009' on page 132 undefined on input line 3
58.


[132]

LaTeX Warning: Citation 'c03-karlin1990' on page 133 undefined on input line 36
2.


LaTeX Warning: Citation '' on page 133 undefined on input line 362.


[133]

LaTeX Warning: Reference `eq:03-lambda' on page 1 undefined on input line 386.


LaTeX Warning: Reference `eq:03-logodds' on page 1 undefined on input line 386.



LaTeX Warning: Reference `eq:03-bits' on page 1 undefined on input line 412.


LaTeX Warning: Reference `eq:03-bits' on page 1 undefined on input line 412.


[134]

LaTeX Warning: Reference `eq:03-evalue' on page 1 undefined on input line 442.


LaTeX Warning: Citation 'c03-karlin1990b' on page 135 undefined on input line 4
42.


LaTeX Warning: Citation 'c03-altschul1997' on page 135 undefined on input line 
442.


[135]
[136]

LaTeX Warning: Reference `eq:03-ruido' on page 1 undefined on input line 464.


LaTeX Warning: Reference `eq:03-lambda' on page 1 undefined on input line 468.


LaTeX Warning: Empty bibliography on input line 472.

)
[137] (./capitulos/cap04.tex
[138]
Capítulo 4.

LaTeX Warning: Citation 'c04-eddy1998' on page 139 undefined on input line 6.


LaTeX Warning: Citation '' on page 139 undefined on input line 6.


[139]

LaTeX Warning: Reference `cap:03' on page 1 undefined on input line 19.


LaTeX Warning: Reference `sec:03-dp' on page 1 undefined on input line 21.


LaTeX Warning: Reference `sec:04-msa' on page 1 undefined on input line 21.


LaTeX Warning: Reference `sec:04-motivos' on page 1 undefined on input line 21.



LaTeX Warning: Reference `sec:04-hmm' on page 1 undefined on input line 21.


LaTeX Warning: Reference `eq:03-gotoh-m' on page 1 undefined on input line 21.


[140]

LaTeX Warning: Reference `sec:04-hmm' on page 1 undefined on input line 40.


LaTeX Warning: Reference `sec:03-matrices' on page 1 undefined on input line 63
.


[141]

LaTeX Warning: Citation 'c04-henikoff1994' on page 142 undefined on input line 
65.


LaTeX Warning: Citation '' on page 142 undefined on input line 65.


LaTeX Warning: Reference `fig:04-msa' on page 1 undefined on input line 78.


[142]

LaTeX Warning: Reference `eq:03-nw' on page 1 undefined on input line 101.


LaTeX Font Warning: Font shape `TU/LibertinusMath-Regular.otf(1)/b/n' undefined

(Font)              using `TU/LibertinusMath-Regular.otf(1)/m/n' instead on inp
ut line 103.


LaTeX Font Warning: Font shape `TU/LibertinusMath-Regular.otf(2)/b/n' undefined

(Font)              using `TU/LibertinusMath-Regular.otf(2)/m/n' instead on inp
ut line 103.


LaTeX Font Warning: Font shape `TU/LibertinusMath-Regular.otf(3)/b/n' undefined

(Font)              using `TU/LibertinusMath-Regular.otf(3)/m/n' instead on inp
ut line 103.


[143]

LaTeX Warning: Reference `fig:04-complejidad' on page 1 undefined on input line
 117.


Overfull \hbox (3.70615pt too wide) in paragraph at lines 157--158
 [][] 

LaTeX Warning: Citation 'c04-wang1994' on page 144 undefined on input line 165.



LaTeX Warning: Citation 'c04-wang1994' on page 144 undefined on input line 168.



LaTeX Warning: Citation '' on page 144 undefined on input line 168.


LaTeX Warning: Citation 'c04-carrillo1988' on page 144 undefined on input line 
171.


LaTeX Warning: Citation '' on page 144 undefined on input line 171.


[144]

LaTeX Warning: Citation 'c04-feng1987' on page 145 undefined on input line 176.



LaTeX Warning: Citation '' on page 145 undefined on input line 176.


[145]

LaTeX Warning: Reference `eq:04-perfil' on page 1 undefined on input line 207.


LaTeX Warning: Reference `sec:04-hmm' on page 1 undefined on input line 207.

(./figuras/cap04/arbol_guia.tex)

LaTeX Warning: Reference `fig:04-arbol' on page 1 undefined on input line 217.


LaTeX Warning: Reference `eq:04-upgma' on page 1 undefined on input line 221.


[146]
[147] (./figuras/cap04/msa_globinas.tex)

LaTeX Warning: Citation 'c04-feng1987' on page 148 undefined on input line 235.



LaTeX Warning: Citation '' on page 148 undefined on input line 235.


LaTeX Warning: Citation 'c04-higgins1988' on page 148 undefined on input line 2
35.


LaTeX Warning: Citation '' on page 148 undefined on input line 235.


LaTeX Warning: Citation 'c04-thompson1994' on page 148 undefined on input line 
235.


Overfull \hbox (72.29694pt too wide) in paragraph at lines 235--236
\TU/LibertinusSerif(0)/m/n/10 ner ali-nea-mien-tos cohe-ren-tes pa-ra cons-trui
r ár-bo-les. Un año des-pués, [][]

Overfull \hbox (7.00676pt too wide) in paragraph at lines 235--236
\TU/LibertinusSerif(0)/m/n/10 ma y ali-nea-mien-to pro-gre-si-vo de per-fi-les.
 Su su-ce-sor, CLUS-TAL W ([]),

[148]

LaTeX Warning: Citation 'c04-feng1987' on page 149 undefined on input line 240.



LaTeX Warning: Citation '' on page 149 undefined on input line 240.


LaTeX Warning: Reference `fig:04-arbol' on page 1 undefined on input line 243.


LaTeX Warning: Reference `fig:04-metodos' on page 1 undefined on input line 246
.


LaTeX Warning: Citation 'c04-edgar2004' on page 149 undefined on input line 248
.


LaTeX Warning: Reference `eq:04-perfil' on page 1 undefined on input line 248.


LaTeX Warning: Citation 'c04-notredame2000' on page 149 undefined on input line
 250.


[149]

LaTeX Warning: Citation 'c04-katoh2002' on page 150 undefined on input line 252
.


LaTeX Warning: Citation 'c04-sievers2011' on page 150 undefined on input line 2
52.


LaTeX Warning: Citation 'c04-feng1987' on page 150 undefined on input line 279.



LaTeX Warning: Citation '' on page 150 undefined on input line 279.


LaTeX Warning: Citation 'c04-feng1987' on page 150 undefined on input line 279.



LaTeX Warning: Citation '' on page 150 undefined on input line 279.


LaTeX Warning: Citation 'c04-edgar2006' on page 150 undefined on input line 284
.


LaTeX Warning: Citation '' on page 150 undefined on input line 284.


[150]

LaTeX Warning: Reference `eq:04-sp' on page 1 undefined on input line 304.


LaTeX Warning: Reference `eq:04-henikoff' on page 1 undefined on input line 304
.


LaTeX Warning: Reference `sec:04-hmm' on page 1 undefined on input line 318.


[151]

LaTeX Warning: Citation 'c04-castromondragon2022' on page 152 undefined on inpu
t line 320.


[152]

LaTeX Warning: Reference `eq:04-pseudo' on page 1 undefined on input line 348.


LaTeX Warning: Citation 'c04-sjolander1996' on page 153 undefined on input line
 348.


LaTeX Warning: Reference `cap:03' on page 1 undefined on input line 352.


LaTeX Warning: Reference `eq:03-logodds' on page 1 undefined on input line 365.



LaTeX Warning: Citation 'c04-stormo1982' on page 153 undefined on input line 36
8.


LaTeX Warning: Citation '' on page 153 undefined on input line 368.


LaTeX Warning: Citation 'c04-stormo2000' on page 153 undefined on input line 36
8.


LaTeX Warning: Citation '' on page 153 undefined on input line 368.


Overfull \hbox (94.97253pt too wide) in paragraph at lines 368--369
[]\TU/LibertinusSerif(0)/m/n/10 Las ma-tri-ces de pe-so na-cie-ron an-tes que s
u in-ter-pre-ta-ción pro-ba-bi-lís-ti-ca. [][]

Overfull \hbox (12.6289pt too wide) in paragraph at lines 368--369
\TU/LibertinusSerif(0)/m/n/10 una des-crip-ción le-gi-ble del si-tio. Dos dé-
ca-das des-pués, [][]

[153] (./figuras/cap04/pwm_tbp.tex)

LaTeX Warning: Reference `eq:04-ic' on page 1 undefined on input line 374.


LaTeX Warning: Reference `eq:04-ic' on page 1 undefined on input line 374.


LaTeX Warning: Reference `eq:04-pseudo' on page 1 undefined on input line 379.


[154]

LaTeX Warning: Citation 'c04-shannon1948' on page 155 undefined on input line 3
89.


LaTeX Warning: Citation 'c04-schneider1990' on page 155 undefined on input line
 408.


LaTeX Warning: Citation '' on page 155 undefined on input line 408.


LaTeX Warning: Citation 'c04-crooks2004' on page 155 undefined on input line 41
2.

(./figuras/cap04/logo_tbp.tex)

LaTeX Warning: Reference `fig:04-pwm' on page 1 undefined on input line 417.


LaTeX Warning: Reference `eq:04-logo' on page 1 undefined on input line 417.


LaTeX Warning: Reference `fig:04-pwm' on page 1 undefined on input line 417.


LaTeX Warning: Reference `eq:04-logo' on page 1 undefined on input line 417.


[155]

LaTeX Warning: Reference `eq:04-pwm' on page 1 undefined on input line 428.


LaTeX Warning: Reference `eq:04-kl' on page 1 undefined on input line 431.


LaTeX Warning: Reference `fig:04-scan' on page 1 undefined on input line 431.


Overfull \hbox (4.77663pt too wide) in paragraph at lines 431--432
[]\TU/LibertinusSerif(0)/m/n/10.95 La de-mos-tra-ción es una lí-nea: por li-n
ea-li-dad de la es-pe-ran-za, $\TU/LibertinusMath-Regular.otf(1)/b/n/10.95 
𝔼[][𝑆] = [][] [][] 𝑓[]𝑊[]$\TU/LibertinusSerif(0)/m/n/10.95 ,

[156]
Overfull \hbox (1.76033pt too wide) in paragraph at lines 485--486
 [][] 

LaTeX Warning: Reference `teo:04-kl' on page 1 undefined on input line 486.


LaTeX Warning: Reference `teo:04-kl' on page 1 undefined on input line 486.


LaTeX Warning: Reference `fig:04-scan' on page 1 undefined on input line 490.


LaTeX Warning: Citation 'c04-cock2009' on page 157 undefined on input line 510.



LaTeX Warning: Reference `eq:04-pwm' on page 1 undefined on input line 510.


LaTeX Warning: Reference `eq:04-pseudo' on page 1 undefined on input line 510.


LaTeX Warning: Reference `teo:04-kl' on page 1 undefined on input line 510.


[157]
[158]

LaTeX Warning: Reference `eq:04-pwm' on page 1 undefined on input line 513.


LaTeX Warning: Citation 'c04-lawrence1993' on page 159 undefined on input line 
517.


LaTeX Warning: Citation '' on page 159 undefined on input line 517.


LaTeX Warning: Citation 'c04-dempster1977' on page 159 undefined on input line 
517.


[159]

LaTeX Warning: Citation 'c04-eddy2004' on page 160 undefined on input line 531.



LaTeX Warning: Citation '' on page 160 undefined on input line 531.


LaTeX Warning: Citation 'c04-rabiner1989' on page 160 undefined on input line 5
31.


LaTeX Warning: Citation '' on page 160 undefined on input line 531.


Overfull \hbox (37.22545pt too wide) in paragraph at lines 531--532
\TU/LibertinusSerif(0)/m/n/10.95 na-rio, hé-li-ce o lá-mi-na, po-si-ción 
󰀚󰂩 de un do-mi-nio o in-ser-ción. [][]

Overfull \hbox (29.4729pt too wide) in paragraph at lines 531--532
\TU/LibertinusSerif(0)/m/n/10.95 ofre-ce una in-tro-duc-ción bre-ve y muy cla-
ra; el tu-to-rial de [][],

LaTeX Warning: Reference `fig:04-hmm2' on page 1 undefined on input line 550.


LaTeX Warning: Citation 'c04-rabiner1989' on page 160 undefined on input line 5
50.


LaTeX Warning: Citation '' on page 160 undefined on input line 550.


[160]

LaTeX Warning: Reference `cap:03' on page 1 undefined on input line 590.


[161]

LaTeX Warning: Reference `fig:04-hmm2' on page 1 undefined on input line 617.


LaTeX Warning: Reference `eq:04-fwd' on page 1 undefined on input line 621.


LaTeX Warning: Reference `eq:04-fwd-fin' on page 1 undefined on input line 628.



LaTeX Warning: Reference `eq:04-posterior' on page 1 undefined on input line 62
8.


[162]

LaTeX Warning: Citation 'c04-eddy2011' on page 163 undefined on input line 632.



LaTeX Warning: Reference `eq:04-fwd' on page 1 undefined on input line 637.


LaTeX Warning: Citation 'c04-viterbi1967' on page 163 undefined on input line 6
37.


LaTeX Warning: Citation '' on page 163 undefined on input line 637.


[163]

LaTeX Warning: Reference `eq:04-vit' on page 1 undefined on input line 652.


LaTeX Warning: Reference `eq:04-vit' on page 1 undefined on input line 654.

(./figuras/cap04/trellis.tex)

LaTeX Warning: Reference `fig:04-hmm2' on page 1 undefined on input line 659.


LaTeX Warning: Reference `eq:04-vit' on page 1 undefined on input line 659.


LaTeX Warning: Reference `fig:04-hmm2' on page 1 undefined on input line 659.


LaTeX Warning: Reference `eq:04-vit' on page 1 undefined on input line 659.


LaTeX Warning: Reference `fig:04-trellis' on page 1 undefined on input line 664
.


LaTeX Warning: Reference `eq:04-posterior' on page 1 undefined on input line 66
8.


[164]

LaTeX Warning: Reference `fig:04-hmm2' on page 1 undefined on input line 685.


LaTeX Warning: Reference `fig:04-hmm2' on page 1 undefined on input line 685.


LaTeX Warning: Citation 'c04-baum1970' on page 165 undefined on input line 717.



LaTeX Warning: Citation '' on page 165 undefined on input line 717.


[165]

LaTeX Warning: Reference `eq:04-posterior' on page 1 undefined on input line 72
8.


LaTeX Warning: Reference `eq:04-bw' on page 1 undefined on input line 742.


LaTeX Warning: Citation 'c04-dempster1977' on page 166 undefined on input line 
742.


LaTeX Warning: Citation '' on page 166 undefined on input line 742.


LaTeX Warning: Reference `eq:04-bw' on page 1 undefined on input line 745.


LaTeX Warning: Citation 'c04-baum1970' on page 166 undefined on input line 745.



[166] (./figuras/cap04/baumwelch_ref.tex)

LaTeX Warning: Reference `teo:04-bw' on page 1 undefined on input line 771.


LaTeX Warning: Reference `teo:04-bw' on page 1 undefined on input line 771.


LaTeX Warning: Reference `cap:03' on page 1 undefined on input line 777.


LaTeX Warning: Reference `eq:03-gotoh-m' on page 1 undefined on input line 777.



LaTeX Warning: Citation 'c04-durbin1998' on page 167 undefined on input line 77
7.


LaTeX Warning: Citation '' on page 167 undefined on input line 777.


LaTeX Warning: Reference `eq:04-perfil' on page 1 undefined on input line 784.


LaTeX Warning: Citation 'c04-krogh1994' on page 167 undefined on input line 784
.


LaTeX Warning: Citation '' on page 167 undefined on input line 784.


LaTeX Warning: Citation 'c04-eddy1998' on page 167 undefined on input line 784.



LaTeX Warning: Citation '' on page 167 undefined on input line 784.


[167]

LaTeX Warning: Reference `ej:04-phmm' on page 1 undefined on input line 824.


LaTeX Warning: Reference `ej:04-phmm' on page 1 undefined on input line 824.


LaTeX Warning: Citation 'c04-sjolander1996' on page 168 undefined on input line
 830.


[168]

LaTeX Warning: Reference `eq:04-henikoff' on page 1 undefined on input line 842
.


LaTeX Warning: Reference `fig:04-phmm' on page 1 undefined on input line 860.


[169]

LaTeX Warning: Reference `eq:04-vi' on page 1 undefined on input line 884.


[170]

LaTeX Warning: Citation 'c04-eddy2011' on page 171 undefined on input line 890.



LaTeX Warning: Reference `fig:04-hmmer' on page 1 undefined on input line 890.


LaTeX Warning: Citation 'c04-eddy2011' on page 171 undefined on input line 908.



LaTeX Warning: Citation 'c04-eddy2011' on page 171 undefined on input line 908.



LaTeX Warning: Reference `cap:03' on page 1 undefined on input line 912.


LaTeX Warning: Citation 'c04-eddy2011' on page 171 undefined on input line 912.



LaTeX Warning: Citation '' on page 171 undefined on input line 912.


[171]

LaTeX Warning: Citation 'c04-mistry2021' on page 172 undefined on input line 93
5.


LaTeX Warning: Citation 'c04-rabiner1989' on page 172 undefined on input line 9
38.


LaTeX Warning: Citation '' on page 172 undefined on input line 938.


LaTeX Warning: Citation 'c04-krogh1994' on page 172 undefined on input line 938
.


LaTeX Warning: Citation '' on page 172 undefined on input line 938.


LaTeX Warning: Reference `fig:04-phmm' on page 1 undefined on input line 938.


LaTeX Warning: Citation 'c04-durbin1998' on page 172 undefined on input line 93
8.


LaTeX Warning: Citation '' on page 172 undefined on input line 938.


[172]
[173]

LaTeX Warning: Reference `eq:04-sp' on page 1 undefined on input line 959.


LaTeX Warning: Reference `ej:04-sp' on page 1 undefined on input line 959.


LaTeX Warning: Reference `fig:04-arbol' on page 1 undefined on input line 961.


LaTeX Warning: Reference `fig:04-bw' on page 1 undefined on input line 964.


LaTeX Warning: Reference `eq:04-vm' on page 1 undefined on input line 965.


[174]

LaTeX Warning: Empty bibliography on input line 968.

)
[175] (./capitulos/cap05.tex
[176]
Capítulo 5.

LaTeX Warning: Citation 'c05-darwin2009' on page 177 undefined on input line 6.



LaTeX Warning: Citation '' on page 177 undefined on input line 6.


LaTeX Warning: Reference `cap:03' on page 1 undefined on input line 17.


[177]

LaTeX Warning: Reference `sec:05-modelos' on page 1 undefined on input line 19.



LaTeX Warning: Reference `sec:05-distancias' on page 1 undefined on input line 
19.


LaTeX Warning: Reference `sec:05-ml' on page 1 undefined on input line 19.


[178]

LaTeX Warning: Reference `fig:05-anatomia' on page 1 undefined on input line 38
.


LaTeX Warning: Citation 'c05-felsenstein2004' on page 179 undefined on input li
ne 92.


LaTeX Warning: Citation '' on page 179 undefined on input line 92.


[179]

LaTeX Warning: Reference `tab:05-topologias' on page 1 undefined on input line 
108.


LaTeX Warning: Reference `sec:05-distancias' on page 1 undefined on input line 
108.


LaTeX Warning: Reference `sec:05-ml' on page 1 undefined on input line 108.


[180]

LaTeX Warning: Reference `eq:05-topologias' on page 1 undefined on input line 1
12.


LaTeX Warning: Reference `eq:05-topologias' on page 1 undefined on input line 1
12.

(./figuras/cap05/topologias.tex)

LaTeX Warning: Citation 'c05-zuckerkandl1965' on page 181 undefined on input li
ne 121.


[181]
[182]
[183]

LaTeX Warning: Reference `eq:05-expQ' on page 1 undefined on input line 188.


[184]

LaTeX Warning: Citation 'c05-jukes1969' on page 185 undefined on input line 213
.


LaTeX Warning: Citation '' on page 185 undefined on input line 213.


LaTeX Warning: Reference `eq:05-norm' on page 1 undefined on input line 226.


[185]

LaTeX Warning: Reference `eq:05-pjc' on page 1 undefined on input line 253.


LaTeX Warning: Reference `eq:05-djc' on page 1 undefined on input line 253.


LaTeX Warning: Reference `fig:05-saturacion' on page 1 undefined on input line 
253.


LaTeX Warning: Citation 'c05-kimura1980' on page 186 undefined on input line 28
6.


LaTeX Warning: Citation '' on page 186 undefined on input line 286.


LaTeX Warning: Reference `fig:05-modelos' on page 1 undefined on input line 286
.


[186]

LaTeX Warning: Citation 'c05-felsenstein1981' on page 187 undefined on input li
ne 296.


LaTeX Warning: Citation '' on page 187 undefined on input line 296.


[187]

LaTeX Warning: Citation 'c05-hasegawa1985' on page 188 undefined on input line 
306.


LaTeX Warning: Citation '' on page 188 undefined on input line 306.


LaTeX Warning: Citation 'c05-rodriguez1990' on page 188 undefined on input line
 306.


LaTeX Warning: Citation '' on page 188 undefined on input line 306.


Overfull \hbox (8.72272pt too wide) in paragraph at lines 306--307
[][][] \TU/LibertinusSerif(0)/m/n/10.95 com-bi-na-ron am-bas ideas en el mo-de-
lo HKY󰂿󰂧,

LaTeX Warning: Reference `eq:05-norm' on page 1 undefined on input line 315.


LaTeX Warning: Reference `eq:05-reversible' on page 1 undefined on input line 3
17.


LaTeX Warning: Reference `tab:05-modelos-adn' on page 1 undefined on input line
 317.


LaTeX Warning: Reference `sec:05-ml' on page 1 undefined on input line 317.


LaTeX Warning: Reference `eq:05-gtr' on page 1 undefined on input line 321.


LaTeX Warning: Reference `eq:05-gtr' on page 1 undefined on input line 321.


LaTeX Warning: Citation 'c05-jukes1969' on page 188 undefined on input line 328
.


LaTeX Warning: Citation '' on page 188 undefined on input line 328.


LaTeX Warning: Citation 'c05-kimura1980' on page 188 undefined on input line 32
9.


LaTeX Warning: Citation '' on page 188 undefined on input line 329.


LaTeX Warning: Citation 'c05-felsenstein1981' on page 188 undefined on input li
ne 330.


LaTeX Warning: Citation '' on page 188 undefined on input line 330.


LaTeX Warning: Citation 'c05-hasegawa1985' on page 188 undefined on input line 
331.


LaTeX Warning: Citation '' on page 188 undefined on input line 331.


LaTeX Warning: Citation 'c05-rodriguez1990' on page 188 undefined on input line
 332.


LaTeX Warning: Citation '' on page 188 undefined on input line 332.


Overfull \hbox (59.65506pt too wide) in paragraph at lines 324--335
 [][] 

LaTeX Warning: Citation 'c05-yang1994' on page 188 undefined on input line 374.



LaTeX Warning: Citation '' on page 188 undefined on input line 374.


[188]
[189]

LaTeX Warning: Reference `fig:05-gamma' on page 1 undefined on input line 394.


LaTeX Warning: Citation 'c05-yang1994' on page 190 undefined on input line 421.



LaTeX Warning: Citation 'c05-yang1994' on page 190 undefined on input line 421.



LaTeX Warning: Reference `eq:05-djc' on page 1 undefined on input line 437.


LaTeX Warning: Reference `eq:05-k80' on page 1 undefined on input line 438.


LaTeX Warning: Reference `eq:05-djcg' on page 1 undefined on input line 439.


[190]

LaTeX Warning: Reference `eq:05-expQ' on page 1 undefined on input line 473.


LaTeX Warning: Reference `eq:05-p' on page 1 undefined on input line 479.


[191]
[192]

LaTeX Warning: Reference `sec:05-modelos' on page 1 undefined on input line 497
.


LaTeX Warning: Reference `fig:05-ultrametrico' on page 1 undefined on input lin
e 505.


LaTeX Warning: Citation 'c05-buneman1974' on page 193 undefined on input line 5
16.


[193]

LaTeX Warning: Reference `fig:05-cuatropuntos' on page 1 undefined on input lin
e 524.


LaTeX Warning: Reference `ej:05-nj' on page 1 undefined on input line 579.


LaTeX Warning: Reference `ej:05-nj' on page 1 undefined on input line 579.


LaTeX Warning: Citation 'c05-felsenstein2004' on page 194 undefined on input li
ne 585.


[194]

LaTeX Warning: Reference `ej:05-nj' on page 1 undefined on input line 604.


LaTeX Warning: Reference `fig:05-upgma' on page 1 undefined on input line 604.


[195]

LaTeX Warning: Citation 'c05-saitou1987' on page 196 undefined on input line 60
8.


LaTeX Warning: Citation '' on page 196 undefined on input line 608.


[196]

LaTeX Warning: Reference `eq:05-njQ' on page 1 undefined on input line 634.


LaTeX Warning: Citation 'c05-studier1988' on page 197 undefined on input line 6
34.


LaTeX Warning: Citation '' on page 197 undefined on input line 634.


LaTeX Warning: Reference `eq:05-njQ' on page 1 undefined on input line 634.


LaTeX Warning: Reference `eq:05-njramas' on page 1 undefined on input line 634.



LaTeX Warning: Reference `eq:05-njupdate' on page 1 undefined on input line 634
.


LaTeX Warning: Citation 'c05-gascuel2006' on page 197 undefined on input line 6
37.


LaTeX Warning: Citation '' on page 197 undefined on input line 637.


LaTeX Warning: Reference `tab:05-njD' on page 1 undefined on input line 641.


LaTeX Warning: Reference `fig:05-upgma' on page 1 undefined on input line 641.


LaTeX Warning: Reference `fig:05-njpasos' on page 1 undefined on input line 649
.

(./figuras/cap05/nj_D.tex) (./figuras/cap05/nj_Q.tex)

Package caption Warning: The option `hypcap=true' will be ignored for this
(caption)                particular \caption on input line 658.
See the caption package documentation for explanation.


[197]

LaTeX Warning: Reference `tab:05-njD' on page 1 undefined on input line 704.


LaTeX Warning: Reference `eq:05-njQ' on page 1 undefined on input line 704.


LaTeX Warning: Reference `eq:05-njramas' on page 1 undefined on input line 704.



LaTeX Warning: Reference `tab:05-njD' on page 1 undefined on input line 704.


LaTeX Warning: Reference `eq:05-njQ' on page 1 undefined on input line 704.


LaTeX Warning: Reference `eq:05-njramas' on page 1 undefined on input line 704.



LaTeX Warning: Reference `ej:05-nj' on page 1 undefined on input line 744.


LaTeX Warning: Reference `ej:05-nj' on page 1 undefined on input line 744.


LaTeX Warning: Reference `eq:05-njramas' on page 1 undefined on input line 774.



LaTeX Warning: Reference `sec:05-ml' on page 1 undefined on input line 776.


[198]
[199]

LaTeX Warning: Citation 'c05-felsenstein1981' on page 200 undefined on input li
ne 794.


LaTeX Warning: Citation '' on page 200 undefined on input line 794.


LaTeX Warning: Citation 'c05-felsenstein2004' on page 200 undefined on input li
ne 794.


LaTeX Warning: Citation '' on page 200 undefined on input line 794.


LaTeX Warning: Citation 'c05-yang2014' on page 200 undefined on input line 794.



LaTeX Warning: Citation '' on page 200 undefined on input line 794.


[200]

LaTeX Warning: Reference `fig:05-poda' on page 1 undefined on input line 818.


LaTeX Warning: Reference `eq:05-expQ' on page 1 undefined on input line 828.


[201]

LaTeX Warning: Reference `cap:03' on page 1 undefined on input line 834.


LaTeX Warning: Reference `eq:05-sitio' on page 1 undefined on input line 834.


LaTeX Warning: Citation 'c05-felsenstein1981' on page 202 undefined on input li
ne 834.


LaTeX Warning: Citation '' on page 202 undefined on input line 834.


[202]

LaTeX Warning: Reference `eq:05-sitio' on page 1 undefined on input line 891.


LaTeX Warning: Reference `eq:05-sitio' on page 1 undefined on input line 891.


LaTeX Warning: Reference `fig:05-poda' on page 1 undefined on input line 896.


[203]

LaTeX Warning: Reference `tab:05-topologias' on page 1 undefined on input line 
935.


LaTeX Warning: Reference `fig:05-nni' on page 1 undefined on input line 937.


[204]

LaTeX Warning: Citation 'c05-guindon2003' on page 205 undefined on input line 9
81.


LaTeX Warning: Citation 'c05-stamatakis2014' on page 205 undefined on input lin
e 981.


LaTeX Warning: Citation 'c05-nguyen2015' on page 205 undefined on input line 98
1.


LaTeX Warning: Citation 'c05-minh2020' on page 205 undefined on input line 981.



Overfull \hbox (28.28581pt too wide) in paragraph at lines 981--982
[]\TU/LibertinusSerif(0)/m/n/10.95 Los pro-gra-mas mo-der-nos com-bi-nan es-tas
 pie-zas con as-tu-cia. PhyML ([])

[205]

LaTeX Warning: Citation 'c05-akaike1974' on page 206 undefined on input line 99
6.


LaTeX Warning: Citation '' on page 206 undefined on input line 996.


LaTeX Warning: Citation 'c05-schwarz1978' on page 206 undefined on input line 9
96.


LaTeX Warning: Citation '' on page 206 undefined on input line 996.


LaTeX Warning: Citation 'c05-kalyaanamoorthy2017' on page 206 undefined on inpu
t line 996.


Overfull \hbox (1.18735pt too wide) in paragraph at lines 996--997
\TU/LibertinusSerif(0)/m/n/10.95 y se eli-ge el mo-de-lo con el va-lor más ba-
jo. El AIC de [][]

Overfull \hbox (95.07468pt too wide) in paragraph at lines 996--997
\TU/LibertinusSerif(0)/m/n/10.95 es-ti-ma la ca-pa-ci-dad pre-dic-ti-va del mo-
de-lo so-bre da-tos nue-vos; el BIC de [][]

LaTeX Warning: Reference `fig:05-bootstrap' on page 1 undefined on input line 1
000.


LaTeX Warning: Reference `fig:05-bootstrap' on page 1 undefined on input line 1
000.

(./figuras/cap05/modelos.tex)

LaTeX Warning: Reference `tab:05-modelos' on page 1 undefined on input line 100
7.


[206]

LaTeX Warning: Citation 'c05-fitch1971' on page 207 undefined on input line 101
2.


LaTeX Warning: Citation '' on page 207 undefined on input line 1012.


LaTeX Warning: Citation 'c05-felsenstein1978' on page 207 undefined on input li
ne 1014.


LaTeX Warning: Citation '' on page 207 undefined on input line 1014.


LaTeX Warning: Reference `fig:05-lba' on page 1 undefined on input line 1014.


Overfull \hbox (4.09785pt too wide) in paragraph at lines 1042--1043
 [][] 

[207]

LaTeX Warning: Citation 'c05-efron1979' on page 208 undefined on input line 104
9.


LaTeX Warning: Citation '' on page 208 undefined on input line 1049.


LaTeX Warning: Citation 'c05-felsenstein1985' on page 208 undefined on input li
ne 1049.


LaTeX Warning: Citation '' on page 208 undefined on input line 1049.


LaTeX Warning: Reference `fig:05-bootstrap-esquema' on page 1 undefined on inpu
t line 1052.


[208] (./figuras/cap05/bootstrap_esquema.tex)

LaTeX Warning: Reference `fig:05-bootstrap' on page 1 undefined on input line 1
089.


LaTeX Warning: Reference `tab:05-modelos' on page 1 undefined on input line 108
9.


LaTeX Warning: Citation 'c05-felsenstein2004' on page 209 undefined on input li
ne 1089.


LaTeX Warning: Citation 'c05-hoang2018' on page 209 undefined on input line 108
9.


[209] (./figuras/cap05/arbol_bootstrap.tex)

LaTeX Warning: Reference `fig:05-bootstrap' on page 1 undefined on input line 1
098.


[210]

LaTeX Warning: Reference `fig:05-lba' on page 1 undefined on input line 1115.


[211]

LaTeX Warning: Reference `eq:05-topologias' on page 1 undefined on input line 1
134.


LaTeX Warning: Reference `tab:05-njD' on page 1 undefined on input line 1136.


LaTeX Warning: Reference `eq:05-trespuntos' on page 1 undefined on input line 1
136.


LaTeX Warning: Reference `eq:05-k80' on page 1 undefined on input line 1137.


LaTeX Warning: Reference `eq:05-gtr' on page 1 undefined on input line 1138.


LaTeX Warning: Reference `fig:05-lba' on page 1 undefined on input line 1140.


[212]

LaTeX Warning: Empty bibliography on input line 1144.

)
[213]
[214]
[215]
[216] (./capitulos/cap06.tex
Capítulo 6.

LaTeX Warning: Citation 'c06-shendure2017' on page 217 undefined on input line 
6.


LaTeX Warning: Citation '' on page 217 undefined on input line 6.


LaTeX Warning: Citation 'c06-nhgri2022' on page 217 undefined on input line 17.



[217]

LaTeX Warning: Reference `sec:06-tecnologias' on page 1 undefined on input line
 19.


LaTeX Warning: Reference `sec:06-calidad' on page 1 undefined on input line 19.



LaTeX Warning: Citation 'c06-lander1988' on page 218 undefined on input line 19
.


LaTeX Warning: Citation '' on page 218 undefined on input line 19.


LaTeX Warning: Reference `sec:06-cobertura' on page 1 undefined on input line 1
9.


[218]

LaTeX Warning: Citation 'c06-sanger1977' on page 219 undefined on input line 32
.


LaTeX Warning: Citation '' on page 219 undefined on input line 32.


LaTeX Warning: Reference `eq:06-sanger' on page 1 undefined on input line 47.


LaTeX Warning: Citation 'c06-bentley2008' on page 219 undefined on input line 4
7.


[219]

LaTeX Warning: Citation 'c06-sanger1977' on page 220 undefined on input line 50
.


LaTeX Warning: Citation 'c06-ewing1998a' on page 220 undefined on input line 50
.


LaTeX Warning: Reference `sec:06-calidad' on page 1 undefined on input line 50.



LaTeX Warning: Citation 'c06-shendure2017' on page 220 undefined on input line 
50.


LaTeX Warning: Citation '' on page 220 undefined on input line 50.


LaTeX Warning: Citation 'c06-ronaghi1998' on page 220 undefined on input line 5
5.


LaTeX Warning: Citation '' on page 220 undefined on input line 55.


Overfull \hbox (31.25255pt too wide) in paragraph at lines 55--56
\TU/LibertinusSerif(0)/m/n/10.95 frag-men-tos, se pue-de \TU/LibertinusSerif(0)
/m/it/10.95 ob-ser-var la sín-te-sis mien-tras ocu-rre\TU/LibertinusSerif(0)/m
/n/10.95 . [][]

LaTeX Warning: Citation 'c06-margulies2005' on page 220 undefined on input line
 57.


LaTeX Warning: Citation '' on page 220 undefined on input line 57.


LaTeX Warning: Citation 'c06-metzker2010' on page 220 undefined on input line 5
9.


[220]

LaTeX Warning: Citation 'c06-bentley2008' on page 221 undefined on input line 6
3.


LaTeX Warning: Reference `fig:06-puente' on page 1 undefined on input line 67.


LaTeX Warning: Citation 'c06-fedurco2006' on page 221 undefined on input line 6
7.


LaTeX Warning: Reference `sec:06-cobertura' on page 1 undefined on input line 1
16.


LaTeX Warning: Reference `sec:06-cobertura' on page 1 undefined on input line 1
16.


LaTeX Warning: Reference `fig:06-sbs' on page 1 undefined on input line 120.


[221]
[222]

LaTeX Warning: Reference `fig:06-fase' on page 1 undefined on input line 201.


LaTeX Warning: Reference `sec:06-calidad' on page 1 undefined on input line 201
.


LaTeX Warning: Reference `eq:06-fase' on page 1 undefined on input line 223.


LaTeX Warning: Reference `eq:06-fase' on page 1 undefined on input line 223.


[223]

LaTeX Warning: Citation 'c06-bentley2008' on page 224 undefined on input line 2
27.


LaTeX Warning: Citation '' on page 224 undefined on input line 227.


LaTeX Warning: Citation 'c06-chen2018' on page 224 undefined on input line 227.



LaTeX Warning: Citation 'c06-eid2009' on page 224 undefined on input line 233.


LaTeX Warning: Citation '' on page 224 undefined on input line 233.


LaTeX Warning: Citation 'c06-eid2009' on page 224 undefined on input line 233.


LaTeX Warning: Citation '' on page 224 undefined on input line 233.


[224]

LaTeX Warning: Citation 'c06-wenger2019' on page 225 undefined on input line 24
2.


LaTeX Warning: Citation '' on page 225 undefined on input line 242.


LaTeX Warning: Citation 'c06-jain2016' on page 225 undefined on input line 245.



LaTeX Warning: Citation 'c06-rang2018' on page 225 undefined on input line 245.



LaTeX Warning: Citation 'c06-jain2018' on page 225 undefined on input line 245.



LaTeX Warning: Citation '' on page 225 undefined on input line 245.


LaTeX Warning: Citation 'c06-rang2018' on page 225 undefined on input line 245.



LaTeX Warning: Citation '' on page 225 undefined on input line 245.


LaTeX Warning: Citation 'c06-sereika2022' on page 225 undefined on input line 2
45.


[225]

LaTeX Warning: Reference `tab:06-plataformas' on page 1 undefined on input line
 249.


LaTeX Warning: Reference `fig:06-plataformas' on page 1 undefined on input line
 249.


LaTeX Warning: Citation 'c06-metzker2010' on page 226 undefined on input line 2
49.


LaTeX Warning: Citation '' on page 226 undefined on input line 249.


LaTeX Warning: Citation 'c06-goodwin2016' on page 226 undefined on input line 2
49.


LaTeX Warning: Citation '' on page 226 undefined on input line 249.


Underfull \hbox (badness 10000) in paragraph at lines 266--266
[]|\TU/LibertinusSerif(0)/m/n/10 sus-ti-tu-cio-nes; peor

LaTeX Warning: Citation 'c06-goodwin2016' on page 226 undefined on input line 2
98.


LaTeX Warning: Citation 'c06-rang2018' on page 226 undefined on input line 298.



LaTeX Warning: Citation 'c06-wenger2019' on page 226 undefined on input line 29
8.


LaTeX Warning: Citation 'c06-jain2018' on page 226 undefined on input line 298.



LaTeX Warning: Citation 'c06-goodwin2016' on page 226 undefined on input line 2
98.


LaTeX Warning: Citation 'c06-rang2018' on page 226 undefined on input line 298.



LaTeX Warning: Citation 'c06-wenger2019' on page 226 undefined on input line 29
8.


LaTeX Warning: Citation 'c06-jain2018' on page 226 undefined on input line 298.



LaTeX Warning: Reference `fig:06-costo' on page 1 undefined on input line 308.


LaTeX Warning: Citation 'c06-nhgri2022' on page 226 undefined on input line 308
.


[226]

LaTeX Warning: Citation 'c06-nhgri2022' on page 227 undefined on input line 329
.


LaTeX Warning: Citation 'c06-nhgri2022' on page 227 undefined on input line 329
.


[227]

LaTeX Warning: Citation 'c06-ewing1998a' on page 228 undefined on input line 35
0.


LaTeX Warning: Citation 'c06-ewing1998b' on page 228 undefined on input line 35
0.


[228]
[229]

LaTeX Warning: Citation 'c06-cock2010' on page 230 undefined on input line 368.



LaTeX Warning: Citation '' on page 230 undefined on input line 368.


Overfull \hbox (3.77097pt too wide) in paragraph at lines 368--369
[]\TU/LibertinusSerif(0)/m/n/10.95 Las lec-tu-ras se al-ma-ce-nan en ar-chi-vos
 FASTQ, que [][]
(./figuras/cap06/fastq_anatomia.tex)
Overfull \hbox (11.89316pt too wide) in paragraph at lines 135--387
 [][] 

LaTeX Warning: Reference `eq:06-ascii' on page 1 undefined on input line 387.


LaTeX Warning: Reference `eq:06-ascii' on page 1 undefined on input line 387.


LaTeX Warning: Citation 'c06-cock2010' on page 230 undefined on input line 395.



[230]

LaTeX Warning: Reference `eq:06-phred' on page 1 undefined on input line 400.


[231]

LaTeX Warning: Reference `fig:06-fastq' on page 1 undefined on input line 422.


LaTeX Warning: Reference `fig:06-phred' on page 1 undefined on input line 425.


Overfull \hbox (8.68974pt too wide) in paragraph at lines 450--451
 [][] 

LaTeX Warning: Reference `eq:06-errores' on page 1 undefined on input line 451.



LaTeX Warning: Reference `ej:06-errores' on page 1 undefined on input line 451.



LaTeX Warning: Reference `eq:06-errores' on page 1 undefined on input line 451.



LaTeX Warning: Reference `ej:06-errores' on page 1 undefined on input line 451.



[232]

LaTeX Warning: Citation 'c06-andrews2010' on page 233 undefined on input line 4
61.


Overfull \hbox (48.23056pt too wide) in paragraph at lines 461--462
[]\TU/LibertinusSerif(0)/m/n/10.95 An-tes de cual-quier aná-li-sis con-vie-ne 
mi-rar los da-tos en con-jun-to. []\TU/FiraMono(0)/m/n/10.95 FastQC[] \TU/Liber
tinusSerif(0)/m/n/10.95 ([])

LaTeX Warning: Reference `fig:06-fastqc' on page 1 undefined on input line 464.



LaTeX Warning: Reference `eq:06-fase' on page 1 undefined on input line 464.


[233]

LaTeX Warning: Citation 'c06-ewels2016' on page 234 undefined on input line 471
.

(./figuras/cap06/fastqc_ticks.tex) (./figuras/cap06/fastqc_cajas.tex)
[234]

LaTeX Warning: Reference `sec:06-cobertura' on page 1 undefined on input line 5
13.


LaTeX Warning: Reference `fig:06-adaptador' on page 1 undefined on input line 5
17.


[235]
[236]

LaTeX Warning: Citation 'c06-martin2011' on page 237 undefined on input line 55
9.


LaTeX Warning: Citation 'c06-bolger2014' on page 237 undefined on input line 55
9.


LaTeX Warning: Citation 'c06-chen2018' on page 237 undefined on input line 559.



LaTeX Warning: Citation 'c06-bolger2014' on page 237 undefined on input line 56
5.


[237]

LaTeX Warning: Reference `cap:03' on page 1 undefined on input line 580.

(./figuras/cap06/ventana_corte.tex)

LaTeX Warning: Reference `eq:06-ventana' on page 1 undefined on input line 604.



LaTeX Warning: Reference `eq:06-bwa' on page 1 undefined on input line 604.


LaTeX Warning: Reference `eq:06-ventana' on page 1 undefined on input line 604.



LaTeX Warning: Reference `eq:06-bwa' on page 1 undefined on input line 604.


LaTeX Warning: Reference `fig:06-ventana' on page 1 undefined on input line 609
.


[238]

LaTeX Warning: Citation 'c06-schirmer2015' on page 239 undefined on input line 
654.


LaTeX Warning: Citation '' on page 239 undefined on input line 654.


[239]
[240]

LaTeX Warning: Reference `fig:06-lecturas' on page 1 undefined on input line 69
1.

(./figuras/cap06/lecturas.tex)
Overfull \hbox (10.1817pt too wide) in paragraph at lines 42--696
 [][] 

LaTeX Warning: Citation 'c06-lander1988' on page 241 undefined on input line 70
2.


LaTeX Warning: Citation '' on page 241 undefined on input line 702.


LaTeX Warning: Citation 'c06-waterman1995' on page 241 undefined on input line 
702.


[241]

LaTeX Warning: Reference `eq:06-complejidad' on page 1 undefined on input line 
738.


[242]
[243]

LaTeX Warning: Reference `eq:06-islas' on page 1 undefined on input line 763.


LaTeX Warning: Reference `eq:06-lecturasisla' on page 1 undefined on input line
 763.


LaTeX Warning: Reference `eq:06-longisla' on page 1 undefined on input line 763
.


LaTeX Warning: Citation 'c06-lander1988' on page 244 undefined on input line 76
3.


LaTeX Warning: Citation '' on page 244 undefined on input line 763.


LaTeX Warning: Reference `eq:06-islas' on page 1 undefined on input line 765.


LaTeX Warning: Reference `fig:06-lw' on page 1 undefined on input line 771.


Overfull \hbox (11.96657pt too wide) in paragraph at lines 798--799
 [][] 

LaTeX Warning: Reference `eq:06-islasnorm' on page 1 undefined on input line 79
9.


LaTeX Warning: Reference `eq:06-islasnorm' on page 1 undefined on input line 79
9.


LaTeX Warning: Reference `eq:06-longisla' on page 1 undefined on input line 804
.


LaTeX Warning: Reference `eq:06-islas' on page 1 undefined on input line 804.


LaTeX Warning: Reference `eq:06-poisson' on page 1 undefined on input line 804.



[244]

LaTeX Warning: Citation 'c06-jain2018' on page 245 undefined on input line 823.



LaTeX Warning: Citation 'c06-wenger2019' on page 245 undefined on input line 82
3.


[245]

LaTeX Warning: Citation 'c06-benjamini2012' on page 246 undefined on input line
 830.


LaTeX Warning: Citation '' on page 246 undefined on input line 830.


LaTeX Warning: Reference `fig:06-gc' on page 1 undefined on input line 830.


LaTeX Warning: Citation 'c06-ross2013' on page 246 undefined on input line 830.



LaTeX Warning: Citation '' on page 246 undefined on input line 830.


Overfull \hbox (33.48654pt too wide) in paragraph at lines 830--831
[]\TU/LibertinusSerif(0)/m/n/10.95 El ses-go me-jor es-tu-dia-do es el del \TU/
LibertinusSerif(0)/b/n/10.95 con-te-ni-do de GC\TU/LibertinusSerif(0)/m/n/10.95
 . [][]

LaTeX Warning: Citation 'c06-benjamini2012' on page 246 undefined on input line
 851.


LaTeX Warning: Citation '' on page 246 undefined on input line 851.


LaTeX Warning: Citation 'c06-benjamini2012' on page 246 undefined on input line
 851.


LaTeX Warning: Citation '' on page 246 undefined on input line 851.


Overfull \hbox (11.35353pt too wide) in paragraph at lines 858--859
[]\TU/LibertinusSerif(0)/m/it/10.95 Si, en ca-da po-si-ción, $\TU/LibertinusMa
th-Regular.otf(1)/b/n/10.95 𝐷 ∣ 𝜆 ∼ [](𝜆)$ \TU/LibertinusSerif(0)/
m/it/10.95 y la ta-sa lo-cal si-gue $\TU/LibertinusMath-Regular.otf(1)/b/n/10.9
5 𝜆 ∼ [](𝑟,  𝑐/𝑟)$

[246]

LaTeX Warning: Reference `eq:06-nb' on page 1 undefined on input line 876.


LaTeX Warning: Reference `eq:06-nb' on page 1 undefined on input line 896.


LaTeX Warning: Reference `eq:06-nb' on page 1 undefined on input line 896.


[247]

LaTeX Warning: Reference `eq:06-diseno' on page 1 undefined on input line 915.


LaTeX Warning: Citation 'c06-bentley2008' on page 248 undefined on input line 9
21.


LaTeX Warning: Citation 'c06-sims2014' on page 248 undefined on input line 921.



LaTeX Warning: Citation 'c06-sims2014' on page 248 undefined on input line 921.



LaTeX Warning: Citation '' on page 248 undefined on input line 921.


[248]
[249]

LaTeX Warning: Reference `eq:06-fase' on page 1 undefined on input line 974.


LaTeX Warning: Reference `eq:06-consenso' on page 1 undefined on input line 975
.


LaTeX Warning: Reference `eq:06-complejidad' on page 1 undefined on input line 
976.


[250]

LaTeX Warning: Reference `eq:06-bwa' on page 1 undefined on input line 977.


LaTeX Warning: Reference `eq:06-longisla' on page 1 undefined on input line 978
.


LaTeX Warning: Reference `eq:06-islas' on page 1 undefined on input line 978.


LaTeX Warning: Empty bibliography on input line 983.

)
[251] (./capitulos/cap07.tex
[252]
Capítulo 7.

LaTeX Warning: Citation 'c07-treangen2012' on page 253 undefined on input line 
12.


LaTeX Warning: Citation '' on page 253 undefined on input line 12.


LaTeX Warning: Reference `cap:06' on page 1 undefined on input line 23.


[253]

LaTeX Warning: Reference `cap:03' on page 1 undefined on input line 25.


LaTeX Warning: Citation 'c07-lihomer2010' on page 254 undefined on input line 2
5.


LaTeX Warning: Citation '' on page 254 undefined on input line 25.


LaTeX Warning: Reference `sec:07-bwt' on page 1 undefined on input line 27.


LaTeX Warning: Reference `sec:07-herramientas' on page 1 undefined on input lin
e 27.


LaTeX Warning: Reference `sec:07-cobertura' on page 1 undefined on input line 2
7.


[254]

LaTeX Warning: Reference `cap:03' on page 1 undefined on input line 43.


LaTeX Warning: Reference `sec:07-herramientas' on page 1 undefined on input lin
e 58.


[255]

LaTeX Warning: Reference `eq:07-mapeo' on page 1 undefined on input line 60.


LaTeX Warning: Reference `fig:07-kmer' on page 1 undefined on input line 75.


LaTeX Warning: Citation 'c07-li2008maq' on page 256 undefined on input line 75.



LaTeX Warning: Citation 'c07-li2009bwa' on page 256 undefined on input line 75.



Overfull \hbox (5.92076pt too wide) in paragraph at lines 98--99
 [][] 

LaTeX Warning: Reference `eq:07-kmer' on page 1 undefined on input line 99.


LaTeX Warning: Reference `sec:07-herramientas' on page 1 undefined on input lin
e 99.


LaTeX Warning: Reference `eq:07-kmer' on page 1 undefined on input line 99.


LaTeX Warning: Reference `sec:07-herramientas' on page 1 undefined on input lin
e 99.


[256]
[257]

LaTeX Warning: Citation 'c07-manber1993' on page 258 undefined on input line 12
3.


LaTeX Warning: Citation '' on page 258 undefined on input line 123.


LaTeX Warning: Citation 'c07-gusfield1997' on page 258 undefined on input line 
123.


Overfull \hbox (2.402pt too wide) in paragraph at lines 123--124
\TU/LibertinusSerif(0)/m/n/10.95 na-rias en $\TU/LibertinusMath-Regular.otf(1)/
b/n/10.95 𝑂(𝑚 [] 𝑛)$ \TU/LibertinusSerif(0)/m/n/10.95 com-pa-ra-cio-ne
s de ca-rac-te-res. [][]

LaTeX Warning: Reference `fig:07-rotaciones' on page 1 undefined on input line 
127.

(./figuras/cap07/rotaciones.tex)
[258]

LaTeX Warning: Citation 'c07-adjeroh2008' on page 259 undefined on input line 1
56.


LaTeX Warning: Citation '' on page 259 undefined on input line 156.


LaTeX Warning: Citation 'c07-ferragina2005' on page 259 undefined on input line
 156.


LaTeX Warning: Citation '' on page 259 undefined on input line 156.


LaTeX Warning: Citation 'c07-langmead2009' on page 259 undefined on input line 
156.


LaTeX Warning: Citation 'c07-li2009bwa' on page 259 undefined on input line 156
.


[259]

LaTeX Warning: Reference `eq:07-lf' on page 1 undefined on input line 185.

(./figuras/cap07/lfmap.tex)

LaTeX Warning: Reference `teo:07-lf' on page 1 undefined on input line 190.


LaTeX Warning: Reference `teo:07-lf' on page 1 undefined on input line 190.


LaTeX Warning: Reference `eq:07-lf' on page 1 undefined on input line 195.


[260]

LaTeX Warning: Citation 'c07-ferragina2005' on page 261 undefined on input line
 204.


LaTeX Warning: Citation '' on page 261 undefined on input line 204.


[261]

LaTeX Warning: Reference `teo:07-lf' on page 1 undefined on input line 221.


LaTeX Warning: Reference `tab:07-occ' on page 1 undefined on input line 250.


[262] (./figuras/cap07/backward.tex)

LaTeX Warning: Reference `eq:07-backward' on page 1 undefined on input line 262
.


LaTeX Warning: Reference `eq:07-backward' on page 1 undefined on input line 262
.


LaTeX Warning: Reference `teo:07-backward' on page 1 undefined on input line 26
6.


LaTeX Warning: Citation 'c07-makinen2015' on page 263 undefined on input line 2
66.


LaTeX Warning: Citation 'c07-ferragina2005' on page 263 undefined on input line
 299.


[263]
[264]
Overfull \hbox (2.75526pt too wide) in paragraph at lines 340--341
 [][] 

LaTeX Warning: Reference `eq:07-memoria' on page 1 undefined on input line 341.



LaTeX Warning: Reference `eq:07-memoria' on page 1 undefined on input line 341.



LaTeX Warning: Reference `eq:07-memoria' on page 1 undefined on input line 345.



LaTeX Warning: Reference `fig:07-memoria' on page 1 undefined on input line 345
.


LaTeX Warning: Citation 'c07-li2009bwa' on page 265 undefined on input line 345
.


LaTeX Warning: Citation '' on page 265 undefined on input line 345.


LaTeX Warning: Citation 'c07-langmead2009' on page 265 undefined on input line 
345.


LaTeX Warning: Citation 'c07-langmead2009' on page 265 undefined on input line 
348.


LaTeX Warning: Citation 'c07-li2009bwa' on page 265 undefined on input line 348
.


[265]
[266]

LaTeX Warning: Citation 'c07-li2009bwa' on page 267 undefined on input line 382
.


LaTeX Warning: Citation 'c07-li2010bwasw' on page 267 undefined on input line 3
82.


LaTeX Warning: Citation 'c07-li2013' on page 267 undefined on input line 382.


LaTeX Warning: Reference `cap:03' on page 1 undefined on input line 382.


[267]

LaTeX Warning: Citation 'c07-langmead2012' on page 268 undefined on input line 
384.


LaTeX Warning: Citation '' on page 268 undefined on input line 384.


LaTeX Warning: Citation 'c07-li2018' on page 268 undefined on input line 388.


LaTeX Warning: Citation '' on page 268 undefined on input line 388.


LaTeX Warning: Citation 'c07-roberts2004' on page 268 undefined on input line 3
88.


LaTeX Warning: Citation '' on page 268 undefined on input line 388.


[268]

LaTeX Warning: Citation 'c07-schleimer2003' on page 269 undefined on input line
 405.


LaTeX Warning: Citation 'c07-schleimer2003' on page 269 undefined on input line
 418.


[269] (./figuras/cap07/minimizadores.tex)

LaTeX Warning: Citation 'c07-li2018' on page 270 undefined on input line 445.


LaTeX Warning: Citation '' on page 270 undefined on input line 445.


[270]

LaTeX Warning: Reference `eq:07-cadena' on page 1 undefined on input line 469.


LaTeX Warning: Reference `cap:03' on page 1 undefined on input line 469.


Overfull \hbox (9.95631pt too wide) in paragraph at lines 486--487
 [][] 

LaTeX Warning: Reference `eq:07-cadena' on page 1 undefined on input line 487.


LaTeX Warning: Reference `eq:07-cadena' on page 1 undefined on input line 487.


LaTeX Warning: Citation 'c07-li2008maq' on page 271 undefined on input line 505
.


LaTeX Warning: Citation '' on page 271 undefined on input line 505.


LaTeX Warning: Reference `cap:06' on page 1 undefined on input line 505.


[271]
[272]

LaTeX Warning: Reference `eq:07-mapq' on page 1 undefined on input line 529.


LaTeX Warning: Citation 'c07-li2009bwa' on page 273 undefined on input line 532
.


[273]

LaTeX Warning: Citation 'c07-li2018' on page 274 undefined on input line 536.


LaTeX Warning: Citation 'c07-treangen2012' on page 274 undefined on input line 
548.


LaTeX Warning: Citation 'c07-schneider2017' on page 274 undefined on input line
 550.


LaTeX Warning: Citation 'c07-nurk2022' on page 274 undefined on input line 550.



[274]

LaTeX Warning: Citation 'c07-li2013' on page 275 undefined on input line 554.


LaTeX Warning: Reference `cap:03' on page 1 undefined on input line 567.


LaTeX Warning: Reference `fig:07-inserto' on page 1 undefined on input line 567
.


Overfull \hbox (7.7671pt too wide) in paragraph at lines 585--586
 [][] 

LaTeX Warning: Reference `sec:07-cobertura' on page 1 undefined on input line 5
86.


LaTeX Warning: Reference `sec:07-cobertura' on page 1 undefined on input line 5
86.


LaTeX Warning: Citation 'c07-li2009sam' on page 275 undefined on input line 592
.


LaTeX Warning: Citation 'c07-samspec' on page 275 undefined on input line 592.


LaTeX Warning: Reference `tab:07-sam' on page 1 undefined on input line 592.


[275]

LaTeX Warning: Reference `tab:07-flag' on page 1 undefined on input line 615.


LaTeX Warning: Reference `eq:07-mapq' on page 1 undefined on input line 615.


LaTeX Warning: Reference `cap:06' on page 1 undefined on input line 615.


LaTeX Warning: Citation 'c07-samspec' on page 276 undefined on input line 623.


LaTeX Warning: Citation 'c07-samspec' on page 276 undefined on input line 623.


Overfull \hbox (12.46483pt too wide) in paragraph at lines 625--637
 [][] 

[276]
[277]

LaTeX Warning: Citation 'c07-li2009sam' on page 278 undefined on input line 643
.


LaTeX Warning: Citation 'c07-danecek2021' on page 278 undefined on input line 6
43.


LaTeX Warning: Reference `fig:07-flujo' on page 1 undefined on input line 643.


LaTeX Warning: Reference `cap:06' on page 1 undefined on input line 647.


LaTeX Warning: Citation 'c07-faust2014' on page 278 undefined on input line 647
.


LaTeX Warning: Reference `sec:07-cobertura' on page 1 undefined on input line 6
73.


LaTeX Warning: Reference `cap:08' on page 1 undefined on input line 673.


[278]

LaTeX Warning: Reference `cap:03' on page 1 undefined on input line 710.


LaTeX Warning: Citation 'c07-robinson2011' on page 279 undefined on input line 
710.


LaTeX Warning: Citation 'c07-thorvaldsdottir2013' on page 279 undefined on inpu
t line 710.


[279] (./figuras/cap07/pileup.tex)

LaTeX Warning: Reference `fig:07-pileup' on page 1 undefined on input line 725.



[280]

LaTeX Warning: Reference `cap:06' on page 1 undefined on input line 737.


[281]

LaTeX Warning: Reference `eq:07-profundidad' on page 1 undefined on input line 
752.


LaTeX Warning: Citation 'c07-pedersen2018' on page 282 undefined on input line 
752.


LaTeX Warning: Citation '' on page 282 undefined on input line 752.


LaTeX Warning: Reference `fig:07-mosdepth' on page 1 undefined on input line 75
7.


LaTeX Warning: Citation 'c07-quinlan2010' on page 282 undefined on input line 7
57.


LaTeX Warning: Citation 'c07-ramirez2016' on page 282 undefined on input line 7
57.

(./figuras/cap07/mosdepth.tex)

LaTeX Warning: Reference `eq:07-mosdepth' on page 1 undefined on input line 762
.


LaTeX Warning: Reference `eq:07-mosdepth' on page 1 undefined on input line 762
.


[282]

LaTeX Warning: Reference `eq:07-log2' on page 1 undefined on input line 840.


LaTeX Warning: Reference `eq:07-log2' on page 1 undefined on input line 840.


LaTeX Warning: Reference `fig:07-perfil' on page 1 undefined on input line 844.



LaTeX Warning: Citation 'c07-abyzov2011' on page 283 undefined on input line 84
4.


[283]
[284]

LaTeX Warning: Reference `eq:07-wmin' on page 1 undefined on input line 867.


LaTeX Warning: Reference `fig:07-inserto' on page 1 undefined on input line 867
.


Overfull \hbox (3.80809pt too wide) in paragraph at lines 887--888
 [][] 

LaTeX Warning: Reference `eq:07-wmin' on page 1 undefined on input line 888.


LaTeX Warning: Reference `eq:07-wmin' on page 1 undefined on input line 888.


LaTeX Warning: Reference `cap:06' on page 1 undefined on input line 893.


LaTeX Warning: Reference `eq:07-z' on page 1 undefined on input line 893.


[285]
[286]

LaTeX Warning: Reference `tab:07-occ' on page 1 undefined on input line 918.


[287]

LaTeX Warning: Reference `eq:07-memoria' on page 1 undefined on input line 920.



LaTeX Warning: Reference `eq:07-densidad' on page 1 undefined on input line 922
.


LaTeX Warning: Reference `eq:07-mapq' on page 1 undefined on input line 923.


LaTeX Warning: Reference `eq:07-densidad' on page 1 undefined on input line 925
.


LaTeX Warning: Empty bibliography on input line 928.

)
[288] (./capitulos/cap08.tex
Capítulo 8.

LaTeX Warning: Citation 'c08-pevzner2001' on page 289 undefined on input line 7
.


LaTeX Warning: Citation '' on page 289 undefined on input line 7.


[289]

LaTeX Warning: Reference `cap:06' on page 1 undefined on input line 18.


LaTeX Warning: Reference `sec:08-kmers' on page 1 undefined on input line 22.


LaTeX Warning: Reference `sec:08-debruijn' on page 1 undefined on input line 22
.


LaTeX Warning: Reference `sec:08-spades' on page 1 undefined on input line 22.


LaTeX Warning: Reference `sec:08-anotacion' on page 1 undefined on input line 2
2.


[290]
[291]

LaTeX Warning: Reference `eq:08-canonico' on page 1 undefined on input line 56.



LaTeX Warning: Reference `cap:06' on page 1 undefined on input line 102.


[292]

LaTeX Warning: Reference `cap:06' on page 1 undefined on input line 117.


[293]

LaTeX Warning: Reference `eq:08-ck' on page 1 undefined on input line 121.


LaTeX Warning: Citation 'c08-lander1988' on page 294 undefined on input line 13
9.


LaTeX Warning: Reference `cap:06' on page 1 undefined on input line 139.


[294]
[295]

LaTeX Warning: Reference `eq:08-alfa' on page 1 undefined on input line 171.


LaTeX Warning: Reference `eq:08-mezcla' on page 1 undefined on input line 181.


[296]

LaTeX Warning: Citation 'c08-vurture2017' on page 297 undefined on input line 1
94.


LaTeX Warning: Citation 'c08-ranallo2020' on page 297 undefined on input line 1
94.

(./figuras/cap08/espectro_param.tex)

LaTeX Warning: Reference `eq:08-alfa' on page 1 undefined on input line 225.


LaTeX Warning: Reference `eq:08-mezcla' on page 1 undefined on input line 225.


LaTeX Warning: Reference `eq:08-alfa' on page 1 undefined on input line 225.


LaTeX Warning: Reference `eq:08-mezcla' on page 1 undefined on input line 225.


LaTeX Warning: Reference `fig:08-espectro' on page 1 undefined on input line 23
0.


LaTeX Warning: Reference `eq:08-ck' on page 1 undefined on input line 233.


LaTeX Warning: Reference `eq:08-het' on page 1 undefined on input line 239.


[297]

LaTeX Warning: Reference `eq:08-masa' on page 1 undefined on input line 245.


[298]

LaTeX Warning: Citation 'c08-marcais2011' on page 299 undefined on input line 2
52.


LaTeX Warning: Citation '' on page 299 undefined on input line 252.


LaTeX Warning: Citation 'c08-kokot2017' on page 299 undefined on input line 252
.


LaTeX Warning: Reference `eq:08-ck' on page 1 undefined on input line 299.


[299]

LaTeX Warning: Reference `fig:08-kelec' on page 1 undefined on input line 314.


LaTeX Warning: Reference `sec:08-debruijn' on page 1 undefined on input line 31
4.


LaTeX Warning: Reference `eq:08-azar' on page 1 undefined on input line 331.


LaTeX Warning: Reference `eq:08-ck' on page 1 undefined on input line 339.


LaTeX Warning: Reference `eq:08-ck' on page 1 undefined on input line 341.


LaTeX Warning: Reference `sec:08-spades' on page 1 undefined on input line 341.



LaTeX Warning: Reference `eq:08-ck' on page 1 undefined on input line 341.


LaTeX Warning: Reference `sec:08-spades' on page 1 undefined on input line 341.



LaTeX Warning: Citation 'c08-rhie2020' on page 300 undefined on input line 346.



LaTeX Warning: Reference `sec:08-spades' on page 1 undefined on input line 346.



[300]
[301]

LaTeX Warning: Citation 'c08-myers2005' on page 302 undefined on input line 366
.


LaTeX Warning: Citation '' on page 302 undefined on input line 366.


LaTeX Warning: Citation 'c08-idury1995' on page 302 undefined on input line 368
.


LaTeX Warning: Citation '' on page 302 undefined on input line 368.


LaTeX Warning: Citation 'c08-pevzner2001' on page 302 undefined on input line 3
68.


LaTeX Warning: Citation '' on page 302 undefined on input line 368.


[302]

LaTeX Warning: Reference `fig:08-lecturas-kmers' on page 1 undefined on input l
ine 409.


LaTeX Warning: Reference `fig:08-dbg' on page 1 undefined on input line 409.


LaTeX Warning: Reference `fig:08-lecturas-kmers' on page 1 undefined on input l
ine 409.


LaTeX Warning: Reference `fig:08-dbg' on page 1 undefined on input line 409.


[303]

LaTeX Warning: Citation 'c08-compeau2011' on page 304 undefined on input line 4
35.


LaTeX Warning: Citation '' on page 304 undefined on input line 435.


LaTeX Warning: Reference `fig:08-dbg' on page 1 undefined on input line 439.


LaTeX Warning: Reference `eq:08-euler' on page 1 undefined on input line 439.


[304]

LaTeX Warning: Reference `fig:08-dbg' on page 1 undefined on input line 495.


[305]

LaTeX Warning: Reference `fig:08-defectos' on page 1 undefined on input line 54
1.


[306]

LaTeX Warning: Reference `fig:08-espectro' on page 1 undefined on input line 59
2.


LaTeX Warning: Reference `fig:08-espectro' on page 1 undefined on input line 59
2.


LaTeX Warning: Reference `eq:08-espurios' on page 1 undefined on input line 607
.


LaTeX Warning: Reference `sec:08-kmers' on page 1 undefined on input line 607.


[307]

LaTeX Warning: Citation 'c08-zerbino2008' on page 308 undefined on input line 6
09.


LaTeX Warning: Citation '' on page 308 undefined on input line 609.


LaTeX Warning: Reference `cap:06' on page 1 undefined on input line 612.


LaTeX Warning: Reference `fig:08-kelec' on page 1 undefined on input line 619.


LaTeX Warning: Reference `cap:06' on page 1 undefined on input line 623.


LaTeX Warning: Citation 'c08-nagarajan2013' on page 308 undefined on input line
 623.


LaTeX Warning: Citation '' on page 308 undefined on input line 623.


[308]

LaTeX Warning: Citation 'c08-idury1995' on page 309 undefined on input line 626
.


LaTeX Warning: Citation '' on page 309 undefined on input line 626.


LaTeX Warning: Citation 'c08-pevzner2001' on page 309 undefined on input line 6
26.


LaTeX Warning: Citation '' on page 309 undefined on input line 626.


LaTeX Warning: Reference `cap:06' on page 1 undefined on input line 626.


[309]

LaTeX Warning: Reference `sec:08-debruijn' on page 1 undefined on input line 64
4.


LaTeX Warning: Reference `eq:08-ck' on page 1 undefined on input line 644.


LaTeX Warning: Reference `cap:06' on page 1 undefined on input line 644.


LaTeX Warning: Reference `eq:08-ck' on page 1 undefined on input line 654.


LaTeX Warning: Reference `cap:06' on page 1 undefined on input line 656.


LaTeX Warning: Reference `fig:08-ausentes' on page 1 undefined on input line 65
6.


LaTeX Warning: Reference `eq:08-ausentes' on page 1 undefined on input line 678
.


LaTeX Warning: Reference `eq:08-ausentes' on page 1 undefined on input line 678
.


LaTeX Warning: Citation 'c08-bankevich2012' on page 310 undefined on input line
 684.


LaTeX Warning: Citation '' on page 310 undefined on input line 684.


LaTeX Warning: Reference `fig:08-spades' on page 1 undefined on input line 684.



[310]
[311]

LaTeX Warning: Citation 'c08-koren2017' on page 312 undefined on input line 735
.


LaTeX Warning: Citation 'c08-kolmogorov2019' on page 312 undefined on input lin
e 736.


[312]

LaTeX Warning: Citation 'c08-cheng2021' on page 313 undefined on input line 737
.


LaTeX Warning: Citation 'c08-nurk2022' on page 313 undefined on input line 740.



LaTeX Warning: Citation '' on page 313 undefined on input line 740.


LaTeX Warning: Reference `eq:08-masa' on page 1 undefined on input line 752.


[313]

LaTeX Warning: Reference `fig:08-nx' on page 1 undefined on input line 766.


[314]
NOTE: coordinate (97,0.00) has been dropped because it is unbounded (in y). (se
e also unbounded coords=jump). 
NOTE: coordinate (98,0.00) has been dropped because it is unbounded (in y). (se
e also unbounded coords=jump). 
NOTE: coordinate (99,0.00) has been dropped because it is unbounded (in y). (se
e also unbounded coords=jump). 
NOTE: coordinate (100,0.00) has been dropped because it is unbounded (in y). (s
ee also unbounded coords=jump). 

[315]

LaTeX Warning: Citation 'c08-gurevich2013' on page 316 undefined on input line 
847.


LaTeX Warning: Reference `fig:08-quast' on page 1 undefined on input line 847.


LaTeX Warning: Reference `fig:08-defectos' on page 1 undefined on input line 88
9.


LaTeX Warning: Reference `fig:08-defectos' on page 1 undefined on input line 88
9.


[316]

LaTeX Warning: Citation 'c08-simao2015' on page 317 undefined on input line 911
.


LaTeX Warning: Citation 'c08-manni2021' on page 317 undefined on input line 911
.


[317]

LaTeX Warning: Citation 'c08-rhie2020' on page 318 undefined on input line 913.



LaTeX Warning: Reference `cap:06' on page 1 undefined on input line 927.


[318]

LaTeX Warning: Reference `cap:02' on page 1 undefined on input line 946.


LaTeX Warning: Reference `fig:08-flujo' on page 1 undefined on input line 946.


[319]
[320]

LaTeX Warning: Reference `fig:08-orfs' on page 1 undefined on input line 995.


LaTeX Warning: Reference `eq:08-orf' on page 1 undefined on input line 1014.


LaTeX Warning: Reference `eq:08-orf' on page 1 undefined on input line 1014.


[321]

LaTeX Warning: Reference `cap:03' on page 1 undefined on input line 1035.


LaTeX Warning: Reference `fig:08-orfs' on page 1 undefined on input line 1035.


LaTeX Warning: Reference `fig:08-orfs' on page 1 undefined on input line 1042.


LaTeX Warning: Reference `fig:08-puntuacion' on page 1 undefined on input line 
1042.


LaTeX Warning: Reference `eq:08-logodds' on page 1 undefined on input line 1060
.


LaTeX Warning: Reference `eq:08-logodds' on page 1 undefined on input line 1060
.


[322]

LaTeX Warning: Citation 'c08-delcher2007' on page 323 undefined on input line 1
075.


LaTeX Warning: Citation 'c08-lukashin1998' on page 323 undefined on input line 
1075.


LaTeX Warning: Citation 'c08-hyatt2010' on page 323 undefined on input line 107
5.


[323]

LaTeX Warning: Reference `fig:08-hmm' on page 1 undefined on input line 1079.


LaTeX Warning: Reference `cap:03' on page 1 undefined on input line 1126.


LaTeX Warning: Citation 'c08-stanke2003' on page 324 undefined on input line 11
26.


[324]

LaTeX Warning: Citation 'c08-tarailo2009' on page 325 undefined on input line 1
130.


[325]

LaTeX Warning: Citation 'c08-yandell2012' on page 326 undefined on input line 1
134.


LaTeX Warning: Citation '' on page 326 undefined on input line 1134.


LaTeX Warning: Citation 'c08-bruna2021' on page 326 undefined on input line 113
6.


LaTeX Warning: Citation 'c08-seemann2014' on page 326 undefined on input line 1
156.


Overfull \hbox (33.00781pt too wide) in paragraph at lines 1156--1157
[]\TU/LibertinusSerif(0)/m/n/10.95 En bac-te-rias y ar-queas el flu-jo com-ple-
to pue-de au-to-ma-ti-zar-se. Prok-ka ([])

[326]

LaTeX Warning: Citation 'c08-schwengers2021' on page 327 undefined on input lin
e 1158.


Overfull \hbox (0.11537pt too wide) in paragraph at lines 1175--1176
 \TU/SourceSansPro(0)/m/n/12 HMM. En eu-ca-rio-tas, en-mas-ca-rar re-pe-ti-cio-
nes y aña-dir evi-den- 

[327]
[328]

LaTeX Warning: Reference `eq:08-euler' on page 1 undefined on input line 1194.


LaTeX Warning: Reference `eq:08-alfa' on page 1 undefined on input line 1195.


LaTeX Warning: Reference `sec:08-kmers' on page 329 undefined on input line 119
5.


LaTeX Warning: Reference `fig:08-dbg' on page 1 undefined on input line 1196.


LaTeX Warning: Reference `fig:08-ausentes' on page 1 undefined on input line 11
97.


LaTeX Warning: Reference `eq:08-masa' on page 1 undefined on input line 1199.


LaTeX Warning: Reference `eq:08-markov' on page 1 undefined on input line 1200.



LaTeX Warning: Reference `eq:08-logodds' on page 1 undefined on input line 1200
.


LaTeX Warning: Empty bibliography on input line 1204.

)
[329] (./capitulos/cap09.tex
[330]
Capítulo 9.

LaTeX Warning: Citation 'c09-poplin2018' on page 331 undefined on input line 8.



LaTeX Warning: Citation '' on page 331 undefined on input line 8.


[331]

LaTeX Warning: Reference `cap:06' on page 1 undefined on input line 19.


LaTeX Warning: Reference `cap:07' on page 1 undefined on input line 19.


LaTeX Warning: Citation 'c09-auton2015' on page 332 undefined on input line 19.



LaTeX Warning: Reference `sec:09-verosimilitud' on page 1 undefined on input li
ne 21.


LaTeX Warning: Reference `sec:09-bcftools' on page 1 undefined on input line 21
.


LaTeX Warning: Reference `sec:09-anotacion' on page 1 undefined on input line 2
1.


[332]

LaTeX Warning: Reference `fig:09-tipos' on page 1 undefined on input line 34.


LaTeX Warning: Citation 'c09-auton2015' on page 333 undefined on input line 37.



LaTeX Warning: Reference `cap:07' on page 1 undefined on input line 39.


LaTeX Warning: Reference `sec:09-bcftools' on page 1 undefined on input line 39
.


LaTeX Warning: Citation 'c09-alkan2011' on page 333 undefined on input line 40.



LaTeX Warning: Citation 'c09-auton2015' on page 333 undefined on input line 44.



[333]

LaTeX Warning: Citation 'c09-alkan2011' on page 334 undefined on input line 98.



LaTeX Warning: Citation 'c09-alkan2011' on page 334 undefined on input line 98.



LaTeX Warning: Citation 'c09-danecek2021' on page 334 undefined on input line 1
04.


LaTeX Warning: Reference `ej:09-verosimilitud' on page 1 undefined on input lin
e 134.


LaTeX Warning: Reference `ej:09-verosimilitud' on page 1 undefined on input lin
e 134.


LaTeX Warning: Reference `fig:09-pileup' on page 1 undefined on input line 138.



[334]

LaTeX Warning: Reference `cap:06' on page 1 undefined on input line 146.


[335]

LaTeX Warning: Reference `eq:09-pbase' on page 1 undefined on input line 173.


LaTeX Warning: Reference `eq:09-pbase' on page 1 undefined on input line 184.


[336]

LaTeX Warning: Reference `eq:09-lik' on page 1 undefined on input line 193.


LaTeX Warning: Citation 'c09-li2011stat' on page 337 undefined on input line 19
5.


LaTeX Warning: Citation '' on page 337 undefined on input line 195.


LaTeX Warning: Reference `eq:09-pbaseG' on page 1 undefined on input line 207.


LaTeX Warning: Reference `eq:09-pbase' on page 1 undefined on input line 207.


LaTeX Warning: Reference `eq:09-li' on page 1 undefined on input line 207.


[337]

LaTeX Warning: Reference `fig:09-pileup' on page 1 undefined on input line 210.



LaTeX Warning: Reference `eq:09-pbase' on page 1 undefined on input line 210.


[338]

LaTeX Warning: Reference `ej:09-verosimilitud' on page 1 undefined on input lin
e 248.


Overfull \hbox (2.84769pt too wide) in paragraph at lines 266--267
 [][] 

LaTeX Warning: Citation 'c09-nielsen2011' on page 339 undefined on input line 2
75.


LaTeX Warning: Citation 'c09-li2011stat' on page 339 undefined on input line 27
5.


[339]

LaTeX Warning: Citation 'c09-li2011stat' on page 340 undefined on input line 28
6.


LaTeX Warning: Citation '' on page 340 undefined on input line 286.


[340]

LaTeX Warning: Reference `eq:09-lik' on page 1 undefined on input line 300.


LaTeX Warning: Reference `eq:09-prior' on page 1 undefined on input line 300.


LaTeX Warning: Citation 'c09-danecek2011' on page 341 undefined on input line 3
18.


LaTeX Warning: Citation 'c09-depristo2011' on page 341 undefined on input line 
318.


[341]

LaTeX Warning: Reference `ej:09-verosimilitud' on page 1 undefined on input lin
e 321.


LaTeX Warning: Reference `fig:09-lik-prof' on page 1 undefined on input line 33
9.


[342]

LaTeX Warning: Reference `eq:09-lik' on page 1 undefined on input line 392.


LaTeX Warning: Reference `cap:07' on page 1 undefined on input line 392.


LaTeX Warning: Citation 'c09-li2011baq' on page 343 undefined on input line 394
.


LaTeX Warning: Citation '' on page 343 undefined on input line 394.


[343]

LaTeX Warning: Reference `cap:07' on page 1 undefined on input line 405.


LaTeX Warning: Citation 'c09-li2011stat' on page 344 undefined on input line 41
1.


LaTeX Warning: Citation '' on page 344 undefined on input line 411.


[344]

LaTeX Warning: Reference `eq:09-em' on page 1 undefined on input line 425.


LaTeX Warning: Reference `eq:09-li' on page 1 undefined on input line 428.


LaTeX Warning: Reference `eq:09-prior' on page 1 undefined on input line 428.


LaTeX Warning: Reference `sec:09-bcftools' on page 1 undefined on input line 43
1.


LaTeX Warning: Reference `eq:09-lik' on page 1 undefined on input line 435.


LaTeX Warning: Citation 'c09-mckenna2010' on page 345 undefined on input line 4
37.


LaTeX Warning: Citation 'c09-depristo2011' on page 345 undefined on input line 
437.


LaTeX Warning: Citation '' on page 345 undefined on input line 437.


LaTeX Warning: Citation 'c09-poplin2017' on page 345 undefined on input line 43
7.


LaTeX Warning: Citation '' on page 345 undefined on input line 437.


[345]

LaTeX Warning: Citation 'c09-poplin2018' on page 346 undefined on input line 43
9.


LaTeX Warning: Citation '' on page 346 undefined on input line 439.


LaTeX Warning: Reference `sec:09-bcftools' on page 1 undefined on input line 43
9.


LaTeX Warning: Citation 'c09-nielsen2011' on page 346 undefined on input line 4
42.


LaTeX Warning: Citation '' on page 346 undefined on input line 442.


LaTeX Warning: Citation 'c09-li2011stat' on page 346 undefined on input line 44
2.


LaTeX Warning: Citation 'c09-depristo2011' on page 346 undefined on input line 
442.


Overfull \hbox (38.92929pt too wide) in paragraph at lines 442--443
\TU/LibertinusSerif(0)/m/n/10 me-nos tres lec-tu-ras al-ter-na-ti-vas y un $\TU
/LibertinusMath-Regular.otf(1)/b/n/10 20$$%$ \TU/LibertinusSerif(0)/m/n/10 de f
rac-ción alé-li-ca''. [][]

[346]

LaTeX Warning: Citation 'c09-danecek2011' on page 347 undefined on input line 4
56.


LaTeX Warning: Reference `fig:09-vcf' on page 1 undefined on input line 458.


LaTeX Warning: Reference `eq:09-qual' on page 1 undefined on input line 491.


Underfull \hbox (badness 1466) in paragraph at lines 491--493
[]\TU/SourceSansPro(0)/b/n/8 GQ \TU/FiraMono(0)/m/n/8 36\TU/SourceSansPro(0)/m/
n/8 : ca-li-dad del ge-no-ti-po ([]); \TU/SourceSansPro(0)/b/n/8 PL \TU/FiraMon
o(0)/m/n/8 66,0,76\TU/SourceSansPro(0)/m/n/8 : $[]\TU/LibertinusMath-Regular.ot
f(1)/m/n/8 (𝑅𝑅), [](𝑅𝐴), [](𝐴𝐴)$\TU/SourceSansPro(0)/m/n/8 ; 
\TU/SourceSansPro(0)/b/n/8 QUAL \TU/FiraMono(0)/m/n/8 36\TU/SourceSansPro(0)/m/
n/8 : 

Overfull \hbox (16.28209pt too wide) in paragraph at lines 494--495
 [][] 

LaTeX Warning: Reference `fig:09-pileup' on page 1 undefined on input line 495.



LaTeX Warning: Reference `ej:09-posterior' on page 1 undefined on input line 49
5.


LaTeX Warning: Reference `ej:09-verosimilitud' on page 1 undefined on input lin
e 495.


LaTeX Warning: Reference `fig:09-pileup' on page 1 undefined on input line 495.



LaTeX Warning: Reference `ej:09-posterior' on page 1 undefined on input line 49
5.


LaTeX Warning: Reference `ej:09-verosimilitud' on page 1 undefined on input lin
e 495.


[347]

LaTeX Warning: Citation 'c09-danecek2021' on page 348 undefined on input line 5
03.


LaTeX Warning: Citation '' on page 348 undefined on input line 503.


LaTeX Warning: Reference `fig:09-flujo' on page 1 undefined on input line 503.


LaTeX Warning: Reference `sec:09-verosimilitud' on page 1 undefined on input li
ne 532.


LaTeX Warning: Reference `eq:09-lik' on page 1 undefined on input line 560.


LaTeX Warning: Reference `eq:09-baq' on page 1 undefined on input line 561.


[348]

LaTeX Warning: Reference `eq:09-prior' on page 1 undefined on input line 562.


LaTeX Warning: Reference `sec:09-verosimilitud' on page 1 undefined on input li
ne 563.


[349]

LaTeX Warning: Citation 'c09-tan2015' on page 350 undefined on input line 570.


LaTeX Warning: Citation '' on page 350 undefined on input line 570.


LaTeX Warning: Citation 'c09-tan2015' on page 350 undefined on input line 583.


LaTeX Warning: Citation '' on page 350 undefined on input line 583.


Overfull \hbox (2.67026pt too wide) in paragraph at lines 612--613
 [][] 

LaTeX Warning: Citation 'c09-tan2015' on page 350 undefined on input line 613.


LaTeX Warning: Citation '' on page 350 undefined on input line 613.


LaTeX Warning: Citation 'c09-tan2015' on page 350 undefined on input line 613.


LaTeX Warning: Citation '' on page 350 undefined on input line 613.


LaTeX Warning: Reference `fig:09-norm' on page 1 undefined on input line 618.


[350]

LaTeX Warning: Citation 'c09-tan2015' on page 351 undefined on input line 643.


LaTeX Warning: Citation 'c09-li2014' on page 351 undefined on input line 647.


LaTeX Warning: Citation '' on page 351 undefined on input line 647.


[351]

LaTeX Warning: Citation 'c09-depristo2011' on page 352 undefined on input line 
659.


LaTeX Warning: Citation 'c09-depristo2011' on page 352 undefined on input line 
663.


LaTeX Warning: Citation '' on page 352 undefined on input line 663.


[352]

LaTeX Warning: Citation 'c09-zook2014' on page 353 undefined on input line 682.



LaTeX Warning: Citation '' on page 353 undefined on input line 682.


LaTeX Warning: Citation 'c09-zook2019' on page 353 undefined on input line 682.



LaTeX Warning: Citation '' on page 353 undefined on input line 682.


Overfull \hbox (33.83035pt too wide) in paragraph at lines 682--683
\TU/LibertinusSerif(0)/m/n/10.95 (GIAB), coor-di-na-do por el NIST, cons-tru-y
ó exac-ta-men-te eso: [][]

[353]

LaTeX Warning: Reference `fig:09-norm' on page 1 undefined on input line 684.


LaTeX Warning: Citation 'c09-krusche2019' on page 354 undefined on input line 6
84.


Overfull \hbox (6.72603pt too wide) detected at line 692
[][][][][] \TU/LibertinusMath-Regular.otf(1)/b/n/10.95 = [],  [] = [],  𝐹[] 
= [].

[354]

LaTeX Warning: Reference `fig:09-pr' on page 1 undefined on input line 710.


[355]

LaTeX Warning: Citation 'c09-eilbeck2005' on page 356 undefined on input line 7
49.


Overfull \hbox (11.16785pt too wide) in paragraph at lines 788--789
 [][] 

LaTeX Warning: Citation 'c09-dendunnen2016' on page 356 undefined on input line
 793.


[356]

LaTeX Warning: Reference `fig:09-codon' on page 1 undefined on input line 797.


Overfull \hbox (3.06534pt too wide) in paragraph at lines 826--827
 [][] 

Underfull \hbox (badness 1515) in paragraph at lines 827--827
[][][]|\TU/SourceSansPro(0)/m/n/10 Efec-to de cin-co va-rian-tes so-bre la se-c
uen-cia co-di-fi-can-te \TU/FiraMono(0)/m/n/10 ATG GCT TGG

Underfull \hbox (badness 1590) in paragraph at lines 827--827
\TU/SourceSansPro(0)/m/n/10 sul-tan-te. Una sus-ti-tu-ción en la ter-ce-ra po-
si-ción de \TU/FiraMono(0)/m/n/10 GCT \TU/SourceSansPro(0)/m/n/10 no cam-bia l
a

Underfull \hbox (badness 1253) in paragraph at lines 827--827
\TU/SourceSansPro(0)/m/n/10 ala-ni-na (\TU/FiraMono(0)/m/n/10 synonymous_varian
t\TU/SourceSansPro(0)/m/n/10 ); \TU/FiraMono(0)/m/n/10 CAA$\TU/LibertinusMath-R
egular.otf(1)/b/n/10 →$\TU/FiraMono(0)/m/n/10 CGA \TU/SourceSansPro(0)/m/n/10
 cam-bia glu-ta-mi-na por ar-gi-ni-

LaTeX Warning: Reference `fig:09-snvcod' on page 1 undefined on input line 831.



[357]
Overfull \hbox (7.65211pt too wide) in paragraph at lines 848--849
 [][] 

LaTeX Warning: Citation 'c09-mclaren2016' on page 358 undefined on input line 8
55.


LaTeX Warning: Reference `fig:09-gen' on page 1 undefined on input line 855.


LaTeX Warning: Citation 'c09-cingolani2012' on page 358 undefined on input line
 855.


LaTeX Warning: Citation 'c09-wang2010' on page 358 undefined on input line 855.



LaTeX Warning: Citation 'c09-danecek2021' on page 358 undefined on input line 8
55.


[358]

LaTeX Warning: Citation 'c09-karczewski2020' on page 359 undefined on input lin
e 869.


[359]
[360]

LaTeX Warning: Citation 'c09-karczewski2020' on page 361 undefined on input lin
e 898.


LaTeX Warning: Citation 'c09-ng2003' on page 361 undefined on input line 904.


LaTeX Warning: Citation '' on page 361 undefined on input line 904.


LaTeX Warning: Citation 'c09-adzhubei2010' on page 361 undefined on input line 
915.


LaTeX Warning: Citation '' on page 361 undefined on input line 915.


[361]

LaTeX Warning: Citation 'c09-kircher2014' on page 362 undefined on input line 9
17.


LaTeX Warning: Citation '' on page 362 undefined on input line 917.


Overfull \hbox (63.33203pt too wide) in paragraph at lines 917--918
[] []\TU/SourceSansPro(0)/b/n/10 CADD.[] \TU/LibertinusSerif(0)/m/n/10.95 Los d
os an-te-rio-res so-lo eva-lúan cam-bios de ami-noá-ci-do. [][]

LaTeX Warning: Citation 'c09-rentzsch2019' on page 362 undefined on input line 
928.


LaTeX Warning: Citation '' on page 362 undefined on input line 928.


[362]

LaTeX Warning: Citation 'c09-landrum2018' on page 363 undefined on input line 9
36.


LaTeX Warning: Citation 'c09-richards2015' on page 363 undefined on input line 
938.


LaTeX Warning: Reference `ej:09-fmax' on page 1 undefined on input line 938.


LaTeX Warning: Reference `tab:09-acmg' on page 1 undefined on input line 938.


LaTeX Warning: Citation 'c09-richards2015' on page 363 undefined on input line 
943.


LaTeX Warning: Citation 'c09-richards2015' on page 363 undefined on input line 
943.


Underfull \hbox (badness 10000) in paragraph at lines 943--943
[][][]|\TU/SourceSansPro(0)/m/n/10 Re-glas de com-bi-na-ción de evi-den-cias d
e las guías ACM-G/AMP

Underfull \hbox (badness 1028) in paragraph at lines 943--943
\TU/SourceSansPro(0)/m/n/10 ([]). MF: muy fuer-te; F: fuer-te; M: mo-de-ra-da; 
A: de apo-yo.

[363]

LaTeX Warning: Reference `fig:09-embudo' on page 1 undefined on input line 963.



LaTeX Warning: Citation 'c09-auton2015' on page 364 undefined on input line 963
.


LaTeX Warning: Citation 'c09-auton2015' on page 364 undefined on input line 982
.


LaTeX Warning: Citation 'c09-auton2015' on page 364 undefined on input line 982
.


[364]
[365]

LaTeX Warning: Reference `eq:09-lik' on page 1 undefined on input line 1000.


LaTeX Warning: Reference `eq:09-titv' on page 1 undefined on input line 1004.


LaTeX Warning: Reference `fig:09-flujo' on page 1 undefined on input line 1005.



[366]

LaTeX Warning: Reference `eq:09-em' on page 1 undefined on input line 1006.


LaTeX Warning: Reference `ej:09-em' on page 1 undefined on input line 1006.


LaTeX Warning: Reference `fig:09-snvcod' on page 1 undefined on input line 1007
.


LaTeX Warning: Empty bibliography on input line 1010.

)
[367]
[368]
[369]
[370] (./capitulos/cap10.tex
Capítulo 10.

LaTeX Warning: Citation 'c10-hardy1908' on page 371 undefined on input line 6.


LaTeX Warning: Citation '' on page 371 undefined on input line 6.


Overfull \hbox (7.58508pt too wide) in paragraph at lines 10--11
[]\TU/SourceSansPro(0)/m/n/10 Cal-cu-lar fre-cuen-cias alé-li-cas y ge-no-tí-
pi-cas, de-ri-var el equi-li-brio de Hardy-Weinberg

[371]

LaTeX Warning: Reference `cap:09' on page 1 undefined on input line 18.


LaTeX Warning: Reference `sec:10-hw' on page 1 undefined on input line 20.


LaTeX Warning: Reference `sec:10-ld' on page 1 undefined on input line 20.


LaTeX Warning: Reference `sec:10-gwas' on page 1 undefined on input line 20.


[372]

LaTeX Warning: Reference `cap:09' on page 1 undefined on input line 33.


[373]

LaTeX Warning: Reference `eq:10-hwe' on page 1 undefined on input line 61.


LaTeX Warning: Reference `fig:10-hwe' on page 1 undefined on input line 69.


LaTeX Warning: Citation 'c10-hardy1908' on page 374 undefined on input line 72.



[374] (./figuras/cap10/definetti.tex)

LaTeX Warning: Reference `eq:10-endogamia' on page 1 undefined on input line 10
6.


LaTeX Warning: Reference `eq:10-endogamia' on page 1 undefined on input line 10
6.


LaTeX Warning: Reference `eq:10-hwe' on page 1 undefined on input line 112.


LaTeX Warning: Reference `eq:10-frecalelica' on page 1 undefined on input line 
112.


[375]
[376]

LaTeX Warning: Citation 'c10-wigginton2005' on page 377 undefined on input line
 141.


LaTeX Warning: Citation '' on page 377 undefined on input line 141.


LaTeX Warning: Reference `eq:10-exacta' on page 1 undefined on input line 149.


[377]

LaTeX Warning: Citation 'c10-fisher1930' on page 378 undefined on input line 20
5.


LaTeX Warning: Citation 'c10-wright1931' on page 378 undefined on input line 20
5.


[378]

LaTeX Warning: Reference `eq:10-wf' on page 1 undefined on input line 220.


LaTeX Warning: Reference `fig:10-genealogia' on page 1 undefined on input line 
220.


[379] (./figuras/cap10/genealogia.tex)

LaTeX Warning: Reference `eq:10-fijneutral' on page 1 undefined on input line 2
60.


LaTeX Warning: Reference `eq:10-fijneutral' on page 1 undefined on input line 2
60.


LaTeX Warning: Reference `fig:10-wf' on page 1 undefined on input line 266.


[380]

LaTeX Warning: Reference `eq:10-het' on page 1 undefined on input line 281.


LaTeX Warning: Reference `eq:10-endogamia' on page 1 undefined on input line 28
7.


[381]

LaTeX Warning: Reference `fig:10-het' on page 1 undefined on input line 289.


LaTeX Warning: Reference `eq:10-het' on page 1 undefined on input line 289.


LaTeX Warning: Reference `eq:10-het' on page 1 undefined on input line 307.


LaTeX Warning: Reference `fig:10-wf' on page 1 undefined on input line 309.


LaTeX Warning: Reference `fig:10-wf' on page 1 undefined on input line 309.


[382]

LaTeX Warning: Citation 'c10-wright1931' on page 383 undefined on input line 31
9.


LaTeX Warning: Citation '' on page 383 undefined on input line 319.


LaTeX Warning: Reference `eq:10-ibd' on page 1 undefined on input line 321.


LaTeX Warning: Reference `eq:10-wf' on page 1 undefined on input line 335.


[383]

LaTeX Warning: Reference `eq:10-momentos' on page 1 undefined on input line 345
.


LaTeX Warning: Citation 'c10-kimura1955' on page 384 undefined on input line 34
7.


LaTeX Warning: Citation '' on page 384 undefined on input line 347.


LaTeX Warning: Reference `eq:10-het' on page 1 undefined on input line 347.


LaTeX Warning: Reference `fig:10-difusion' on page 1 undefined on input line 34
7.


LaTeX Warning: Citation 'c10-kimura1962' on page 384 undefined on input line 34
9.


LaTeX Warning: Citation '' on page 384 undefined on input line 349.


[384]

LaTeX Warning: Reference `eq:10-kimura' on page 1 undefined on input line 365.


LaTeX Warning: Reference `eq:10-kimura' on page 1 undefined on input line 365.


LaTeX Warning: Reference `eq:10-kimura' on page 1 undefined on input line 392.


[385]

LaTeX Warning: Reference `fig:10-genealogia' on page 1 undefined on input line 
422.


LaTeX Warning: Citation 'c10-kingman1982' on page 386 undefined on input line 4
22.


LaTeX Warning: Citation '' on page 386 undefined on input line 422.


Overfull \hbox (15.96503pt too wide) in paragraph at lines 422--423
\TU/LibertinusSerif(0)/m/n/10 ade-lan-te, se-guir ha-cia atrás los li-na-jes d
e una \TU/LibertinusSerif(0)/m/it/10 mues-tra\TU/LibertinusSerif(0)/m/n/10 . []
[]

[386]
Overfull \hbox (6.506pt too wide) detected at line 458
[][][][]\TU/LibertinusMath-Regular.otf(1)/b/n/10.95 𝐷[] = [],  𝐷[] = []  
 𝑟[] = [].

[387]

LaTeX Warning: Reference `eq:10-D' on page 1 undefined on input line 469.


LaTeX Warning: Citation 'c10-lewontin1964' on page 388 undefined on input line 
469.


LaTeX Warning: Citation '' on page 388 undefined on input line 469.


LaTeX Warning: Citation 'c10-hill1968' on page 388 undefined on input line 469.



LaTeX Warning: Citation '' on page 388 undefined on input line 469.


LaTeX Warning: Reference `eq:10-decay' on page 1 undefined on input line 502.


LaTeX Warning: Reference `ej:10-ld' on page 1 undefined on input line 502.


LaTeX Warning: Reference `eq:10-decay' on page 1 undefined on input line 502.


LaTeX Warning: Reference `ej:10-ld' on page 1 undefined on input line 502.


LaTeX Warning: Reference `fig:10-haplotipos' on page 1 undefined on input line 
507.


[388]
[389]

LaTeX Warning: Citation 'c10-hill1968' on page 390 undefined on input line 530.



LaTeX Warning: Citation '' on page 390 undefined on input line 530.


LaTeX Warning: Reference `fig:10-lddecay' on page 1 undefined on input line 534
.


LaTeX Warning: Reference `eq:10-decay' on page 1 undefined on input line 555.


LaTeX Warning: Reference `eq:10-sved' on page 1 undefined on input line 555.


LaTeX Warning: Reference `eq:10-decay' on page 1 undefined on input line 555.


LaTeX Warning: Reference `eq:10-sved' on page 1 undefined on input line 555.


LaTeX Warning: Reference `eq:10-decay' on page 1 undefined on input line 561.


LaTeX Warning: Citation 'c10-gabriel2002' on page 390 undefined on input line 5
61.


LaTeX Warning: Citation '' on page 390 undefined on input line 561.


[390]

LaTeX Warning: Citation 'c10-hapmap2005' on page 391 undefined on input line 57
0.


LaTeX Warning: Citation 'c10-1000g2015' on page 391 undefined on input line 570
.


[391]
[392<./figuras/cap10/ld_heatmap.pdf>]

LaTeX Warning: Reference `sec:10-hw' on page 1 undefined on input line 596.


LaTeX Warning: Citation 'c10-wright1931' on page 393 undefined on input line 59
6.


LaTeX Warning: Citation '' on page 393 undefined on input line 596.


LaTeX Warning: Reference `eq:10-ibd' on page 1 undefined on input line 607.


LaTeX Warning: Citation 'c10-weir1984' on page 393 undefined on input line 607.



LaTeX Warning: Citation '' on page 393 undefined on input line 607.


[393]

LaTeX Warning: Citation 'c10-patterson2006' on page 394 undefined on input line
 611.


LaTeX Warning: Citation '' on page 394 undefined on input line 611.


LaTeX Warning: Reference `eq:10-zpca' on page 1 undefined on input line 629.


LaTeX Warning: Citation 'c10-patterson2006' on page 394 undefined on input line
 629.


LaTeX Warning: Citation '' on page 394 undefined on input line 629.


[394]

LaTeX Warning: Citation 'c10-novembre2008' on page 395 undefined on input line 
653.


LaTeX Warning: Citation '' on page 395 undefined on input line 653.


Overfull \hbox (16.64764pt too wide) in paragraph at lines 653--654
[]\TU/LibertinusSerif(0)/m/n/10.95 El re-sul-ta-do más cé-le-bre de es-ta t
éc-ni-ca es el de [][],

[395]
[396]

LaTeX Warning: Citation 'c10-wtccc2007' on page 397 undefined on input line 686
.


LaTeX Warning: Citation 'c10-visscher2017' on page 397 undefined on input line 
686.


LaTeX Warning: Reference `fig:10-flujo' on page 1 undefined on input line 689.


LaTeX Warning: Reference `sec:10-hw' on page 1 undefined on input line 706.


LaTeX Warning: Reference `sec:10-ld' on page 1 undefined on input line 706.


LaTeX Warning: Reference `sec:10-hw' on page 1 undefined on input line 706.


LaTeX Warning: Reference `sec:10-ld' on page 1 undefined on input line 706.


[397]
[398]

LaTeX Warning: Reference `eq:10-q2' on page 1 undefined on input line 741.


LaTeX Warning: Reference `fig:10-bh' on page 1 undefined on input line 741.


LaTeX Warning: Citation 'c10-devlin1999' on page 399 undefined on input line 74
7.


LaTeX Warning: Citation '' on page 399 undefined on input line 747.


LaTeX Warning: Citation 'c10-price2006' on page 399 undefined on input line 753
.


LaTeX Warning: Citation '' on page 399 undefined on input line 753.


LaTeX Warning: Reference `eq:10-zpca' on page 1 undefined on input line 753.


LaTeX Warning: Reference `eq:10-lineal' on page 1 undefined on input line 753.


[399]

LaTeX Warning: Reference `fig:10-qq' on page 1 undefined on input line 756.


LaTeX Warning: Reference `eq:10-zpca' on page 1 undefined on input line 770.


LaTeX Warning: Citation 'c10-yang2011' on page 400 undefined on input line 772.



LaTeX Warning: Citation '' on page 400 undefined on input line 772.


LaTeX Warning: Reference `eq:10-lmm' on page 1 undefined on input line 772.


LaTeX Warning: Citation 'c10-loh2015' on page 400 undefined on input line 772.


LaTeX Warning: Citation '' on page 400 undefined on input line 772.


[400]

LaTeX Warning: Reference `fig:10-manhattan' on page 1 undefined on input line 7
88.


LaTeX Warning: Reference `ej:10-estrat' on page 1 undefined on input line 799.


LaTeX Warning: Reference `ej:10-estrat' on page 1 undefined on input line 799.


LaTeX Warning: Citation 'c10-peer2008' on page 401 undefined on input line 811.



LaTeX Warning: Citation '' on page 401 undefined on input line 811.


[401]

LaTeX Warning: Citation 'c10-benjamini1995' on page 402 undefined on input line
 813.


LaTeX Warning: Citation '' on page 402 undefined on input line 813.


[402]
NOTE: coordinate (12,7.104e-03) has been dropped because it is unbounded (in x)
. (see also unbounded coords=jump). 
NOTE: coordinate (15,1.246e-02) has been dropped because it is unbounded (in x)
. (see also unbounded coords=jump). 
NOTE: coordinate (20,3.073e-02) has been dropped because it is unbounded (in x)
. (see also unbounded coords=jump). 
NOTE: coordinate (21,3.703e-02) has been dropped because it is unbounded (in x)
. (see also unbounded coords=jump). 
NOTE: coordinate (22,4.105e-02) has been dropped because it is unbounded (in x)
. (see also unbounded coords=jump). 
NOTE: coordinate (24,4.864e-02) has been dropped because it is unbounded (in x)
. (see also unbounded coords=jump). 
NOTE: coordinate (25,4.919e-02) has been dropped because it is unbounded (in x)
. (see also unbounded coords=jump). 
NOTE: coordinate (26,5.022e-02) has been dropped because it is unbounded (in x)
. (see also unbounded coords=jump). 
NOTE: coordinate (27,5.109e-02) has been dropped because it is unbounded (in x)
. (see also unbounded coords=jump). 
NOTE: coordinate (28,5.500e-02) has been dropped because it is unbounded (in x)
. (see also unbounded coords=jump). 
NOTE: coordinate (29,5.567e-02) has been dropped because it is unbounded (in x)
. (see also unbounded coords=jump). 
NOTE: coordinate (30,6.109e-02) has been dropped because it is unbounded (in x)
. (see also unbounded coords=jump). 
NOTE: coordinate (31,6.287e-02) has been dropped because it is unbounded (in x)
. (see also unbounded coords=jump). 
NOTE: coordinate (32,7.416e-02) has been dropped because it is unbounded (in x)
. (see also unbounded coords=jump). 
NOTE: coordinate (33,7.995e-02) has been dropped because it is unbounded (in x)
. (see also unbounded coords=jump). 
NOTE: coordinate (35,9.001e-02) has been dropped because it is unbounded (in x)
. (see also unbounded coords=jump). 
NOTE: coordinate (36,9.217e-02) has been dropped because it is unbounded (in x)
. (see also unbounded coords=jump). 
NOTE: coordinate (37,9.887e-02) has been dropped because it is unbounded (in x)
. (see also unbounded coords=jump). 
NOTE: coordinate (38,1.064e-01) has been dropped because it is unbounded (in x)
. (see also unbounded coords=jump). 
NOTE: coordinate (39,1.136e-01) has been dropped because it is unbounded (in x)
. (see also unbounded coords=jump). 
NOTE: coordinate (41,1.246e-01) has been dropped because it is unbounded (in x)
. (see also unbounded coords=jump). 
NOTE: coordinate (42,1.446e-01) has been dropped because it is unbounded (in x)
. (see also unbounded coords=jump). 
NOTE: coordinate (43,1.489e-01) has been dropped because it is unbounded (in x)
. (see also unbounded coords=jump). 
NOTE: coordinate (44,1.509e-01) has been dropped because it is unbounded (in x)
. (see also unbounded coords=jump). 
NOTE: coordinate (45,1.520e-01) has been dropped because it is unbounded (in x)
. (see also unbounded coords=jump). 
NOTE: coordinate (46,1.553e-01) has been dropped because it is unbounded (in x)
. (see also unbounded coords=jump). 
NOTE: coordinate (47,1.688e-01) has been dropped because it is unbounded (in x)
. (see also unbounded coords=jump). 
NOTE: coordinate (48,1.702e-01) has been dropped because it is unbounded (in x)
. (see also unbounded coords=jump). 
NOTE: coordinate (49,1.821e-01) has been dropped because it is unbounded (in x)
. (see also unbounded coords=jump). 
NOTE: coordinate (50,1.837e-01) has been dropped because it is unbounded (in x)
. (see also unbounded coords=jump). 
NOTE: coordinate (51,1.897e-01) has been dropped because it is unbounded (in x)
. (see also unbounded coords=jump). 
NOTE: coordinate (52,1.940e-01) has been dropped because it is unbounded (in x)
. (see also unbounded coords=jump). 
NOTE: coordinate (53,1.954e-01) has been dropped because it is unbounded (in x)
. (see also unbounded coords=jump). 
NOTE: coordinate (54,1.977e-01) has been dropped because it is unbounded (in x)
. (see also unbounded coords=jump). 
NOTE: coordinate (55,2.020e-01) has been dropped because it is unbounded (in x)
. (see also unbounded coords=jump). 
NOTE: coordinate (56,2.054e-01) has been dropped because it is unbounded (in x)
. (see also unbounded coords=jump). 
NOTE: coordinate (57,2.065e-01) has been dropped because it is unbounded (in x)
. (see also unbounded coords=jump). 
NOTE: coordinate (58,2.191e-01) has been dropped because it is unbounded (in x)
. (see also unbounded coords=jump). 
NOTE: coordinate (59,2.212e-01) has been dropped because it is unbounded (in x)
. (see also unbounded coords=jump). 
NOTE: coordinate (60,2.342e-01) has been dropped because it is unbounded (in x)
. (see also unbounded coords=jump). 
NOTE: coordinate (1,2.735e-05) has been dropped because it is unbounded (in x).
 (see also unbounded coords=jump). 
NOTE: coordinate (2,7.036e-05) has been dropped because it is unbounded (in x).
 (see also unbounded coords=jump). 
NOTE: coordinate (3,1.119e-04) has been dropped because it is unbounded (in x).
 (see also unbounded coords=jump). 
NOTE: coordinate (4,1.165e-04) has been dropped because it is unbounded (in x).
 (see also unbounded coords=jump). 
NOTE: coordinate (5,2.118e-04) has been dropped because it is unbounded (in x).
 (see also unbounded coords=jump). 
NOTE: coordinate (6,3.476e-04) has been dropped because it is unbounded (in x).
 (see also unbounded coords=jump). 
NOTE: coordinate (7,9.002e-04) has been dropped because it is unbounded (in x).
 (see also unbounded coords=jump). 
NOTE: coordinate (8,1.803e-03) has been dropped because it is unbounded (in x).
 (see also unbounded coords=jump). 
NOTE: coordinate (9,2.431e-03) has been dropped because it is unbounded (in x).
 (see also unbounded coords=jump). 
NOTE: coordinate (10,3.667e-03) has been dropped because it is unbounded (in x)
. (see also unbounded coords=jump). 
NOTE: coordinate (11,4.193e-03) has been dropped because it is unbounded (in x)
. (see also unbounded coords=jump). 
NOTE: coordinate (13,7.259e-03) has been dropped because it is unbounded (in x)
. (see also unbounded coords=jump). 
NOTE: coordinate (14,1.210e-02) has been dropped because it is unbounded (in x)
. (see also unbounded coords=jump). 
NOTE: coordinate (16,1.362e-02) has been dropped because it is unbounded (in x)
. (see also unbounded coords=jump). 
NOTE: coordinate (17,1.544e-02) has been dropped because it is unbounded (in x)
. (see also unbounded coords=jump). 
NOTE: coordinate (18,1.691e-02) has been dropped because it is unbounded (in x)
. (see also unbounded coords=jump). 
NOTE: coordinate (19,2.580e-02) has been dropped because it is unbounded (in x)
. (see also unbounded coords=jump). 
NOTE: coordinate (23,4.697e-02) has been dropped because it is unbounded (in x)
. (see also unbounded coords=jump). 
NOTE: coordinate (34,8.350e-02) has been dropped because it is unbounded (in x)
. (see also unbounded coords=jump). 
NOTE: coordinate (40,1.218e-01) has been dropped because it is unbounded (in x)
. (see also unbounded coords=jump). 

Overfull \hbox (3.73218pt too wide) in paragraph at lines 861--862
 [][] 

LaTeX Warning: Reference `eq:10-q2' on page 1 undefined on input line 862.


LaTeX Warning: Reference `eq:10-q2' on page 1 undefined on input line 862.


LaTeX Warning: Reference `fig:10-manhattan' on page 1 undefined on input line 9
00.


LaTeX Warning: Reference `fig:10-qq' on page 1 undefined on input line 900.


[403]
[404<./figuras/cap10/manhattan.pdf>]

LaTeX Warning: Citation 'c10-purcell2007' on page 405 undefined on input line 9
23.


LaTeX Warning: Citation 'c10-chang2015' on page 405 undefined on input line 923
.


LaTeX Warning: Citation 'c10-sollis2023' on page 405 undefined on input line 92
7.


LaTeX Warning: Citation 'c10-visscher2017' on page 405 undefined on input line 
927.


LaTeX Warning: Citation 'c10-manolio2009' on page 405 undefined on input line 9
29.


LaTeX Warning: Citation '' on page 405 undefined on input line 929.


LaTeX Warning: Reference `eq:10-lmm' on page 1 undefined on input line 929.


LaTeX Warning: Reference `fig:10-bh' on page 1 undefined on input line 929.


LaTeX Warning: Reference `sec:10-ld' on page 1 undefined on input line 932.


[405]
Overfull \hbox (0.12468pt too wide) in paragraph at lines 936--937
 \TU/SourceSansPro(0)/m/n/12 sis-te-má-ti-co, la es-truc-tu-ra po-bla-cio-nal,
 y un so-lo enemi-go alea- 

[406]

LaTeX Warning: Reference `eq:10-kimura' on page 1 undefined on input line 954.


LaTeX Warning: Reference `ej:10-estrat' on page 1 undefined on input line 957.


LaTeX Warning: Reference `eq:10-q2' on page 1 undefined on input line 958.


[407]

LaTeX Warning: Reference `eq:10-tiempo' on page 1 undefined on input line 960.


LaTeX Warning: Empty bibliography on input line 963.

)
[408] (./capitulos/cap11.tex
Capítulo 11.

LaTeX Warning: Citation 'c11-wang2009' on page 409 undefined on input line 6.


LaTeX Warning: Citation '' on page 409 undefined on input line 6.


[409]

LaTeX Warning: Citation 'c11-mortazavi2008' on page 410 undefined on input line
 19.


LaTeX Warning: Citation '' on page 410 undefined on input line 19.


LaTeX Warning: Reference `sec:11-cuant' on page 1 undefined on input line 21.


LaTeX Warning: Reference `sec:11-norm' on page 1 undefined on input line 21.


LaTeX Warning: Reference `sec:11-de' on page 1 undefined on input line 21.


LaTeX Warning: Reference `sec:11-enriq' on page 1 undefined on input line 21.


LaTeX Warning: Citation 'c11-conesa2016' on page 410 undefined on input line 21
.


LaTeX Warning: Citation '' on page 410 undefined on input line 21.


LaTeX Warning: Citation 'c11-holmes2019' on page 410 undefined on input line 21
.


LaTeX Warning: Citation '' on page 410 undefined on input line 21.


[410]

LaTeX Warning: Citation 'c11-conesa2016' on page 411 undefined on input line 34
.


LaTeX Warning: Citation '' on page 411 undefined on input line 34.


LaTeX Warning: Reference `sec:11-norm' on page 1 undefined on input line 36.


LaTeX Warning: Reference `sec:11-norm' on page 1 undefined on input line 38.


[411]

LaTeX Warning: Reference `cap:06' on page 1 undefined on input line 42.


LaTeX Warning: Reference `fig:11-flujo' on page 1 undefined on input line 44.


LaTeX Warning: Reference `cap:06' on page 1 undefined on input line 54.


Overfull \hbox (4.96034pt too wide) in paragraph at lines 78--79
 [][] 

LaTeX Warning: Reference `cap:07' on page 1 undefined on input line 85.


LaTeX Warning: Citation 'c11-dobin2013' on page 412 undefined on input line 87.



LaTeX Warning: Citation '' on page 412 undefined on input line 87.


LaTeX Warning: Citation 'c11-kim2019' on page 412 undefined on input line 87.


[412]

LaTeX Warning: Reference `fig:11-flujo' on page 1 undefined on input line 89.


LaTeX Warning: Reference `fig:11-isoformas' on page 1 undefined on input line 9
3.


Overfull \hbox (5.5193pt too wide) in paragraph at lines 132--133
 [][] 

[413]

LaTeX Warning: Citation 'c11-li2011' on page 414 undefined on input line 139.


[414]
[415]

LaTeX Warning: Reference `eq:11-veros' on page 1 undefined on input line 184.


LaTeX Warning: Citation 'c11-dempster1977' on page 416 undefined on input line 
184.


LaTeX Warning: Citation '' on page 416 undefined on input line 184.


[416]

LaTeX Warning: Reference `eq:11-estep' on page 1 undefined on input line 201.


LaTeX Warning: Reference `eq:11-mstep' on page 1 undefined on input line 209.


LaTeX Warning: Reference `eq:11-veros' on page 1 undefined on input line 209.


LaTeX Warning: Reference `fig:11-isoformas' on page 1 undefined on input line 2
12.


LaTeX Warning: Reference `eq:11-alfatau' on page 1 undefined on input line 225.



[417]

LaTeX Warning: Reference `ej:11-em' on page 1 undefined on input line 247.


LaTeX Warning: Reference `teo:11-em' on page 1 undefined on input line 247.


LaTeX Warning: Reference `ej:11-em' on page 1 undefined on input line 247.


LaTeX Warning: Reference `teo:11-em' on page 1 undefined on input line 247.


LaTeX Warning: Citation 'c11-mortazavi2008' on page 418 undefined on input line
 273.


LaTeX Warning: Citation 'c11-li2011' on page 418 undefined on input line 273.


LaTeX Warning: Citation '' on page 418 undefined on input line 273.


[418]

LaTeX Warning: Citation 'c11-bray2016' on page 419 undefined on input line 278.



LaTeX Warning: Citation '' on page 419 undefined on input line 278.


LaTeX Warning: Citation 'c11-patro2017' on page 419 undefined on input line 280
.


[419]

LaTeX Warning: Citation 'c11-mortazavi2008' on page 420 undefined on input line
 298.


LaTeX Warning: Citation '' on page 420 undefined on input line 298.


LaTeX Warning: Reference `eq:11-alfatau' on page 1 undefined on input line 310.



LaTeX Warning: Citation 'c11-wagner2012' on page 420 undefined on input line 31
0.


LaTeX Warning: Citation '' on page 420 undefined on input line 310.


[420]

LaTeX Warning: Reference `ej:11-tpm' on page 1 undefined on input line 333.


LaTeX Warning: Reference `sec:11-norm' on page 1 undefined on input line 333.


LaTeX Warning: Reference `ej:11-tpm' on page 1 undefined on input line 333.


LaTeX Warning: Reference `sec:11-norm' on page 1 undefined on input line 333.


LaTeX Warning: Reference `sec:11-norm' on page 1 undefined on input line 339.


LaTeX Warning: Citation 'c11-soneson2015' on page 421 undefined on input line 3
39.


LaTeX Warning: Citation '' on page 421 undefined on input line 339.


Overfull \hbox (0.8683pt too wide) in paragraph at lines 339--340
\TU/LibertinusSerif(0)/m/n/10.95 ro los mé-to-dos de la [] ne-ce-si-tan \TU/Li
bertinusSerif(0)/m/it/10.95 con-teos\TU/LibertinusSerif(0)/m/n/10.95 , no TPM. 
[][]

[421]
[422]

LaTeX Warning: Citation 'c11-robinson2010tmm' on page 423 undefined on input li
ne 370.


LaTeX Warning: Citation '' on page 423 undefined on input line 370.

(./figuras/cap11/comp_lineas.tex)

LaTeX Warning: Citation 'c11-robinson2010tmm' on page 423 undefined on input li
ne 398.


LaTeX Warning: Citation '' on page 423 undefined on input line 398.


[423]

LaTeX Warning: Citation 'c11-anders2010' on page 424 undefined on input line 42
0.


LaTeX Warning: Citation '' on page 424 undefined on input line 420.


[424]

LaTeX Warning: Reference `fig:11-composicion' on page 1 undefined on input line
 431.


[425]

LaTeX Warning: Reference `eq:11-nbvar' on page 1 undefined on input line 492.


LaTeX Warning: Reference `sec:11-cuant' on page 1 undefined on input line 492.


[426]

LaTeX Warning: Reference `sec:11-norm' on page 1 undefined on input line 529.


LaTeX Warning: Reference `sec:11-norm' on page 1 undefined on input line 529.


LaTeX Warning: Citation 'c11-love2014' on page 427 undefined on input line 535.



LaTeX Warning: Citation 'c11-robinson2010edger' on page 427 undefined on input 
line 535.


LaTeX Warning: Reference `eq:11-mor' on page 1 undefined on input line 548.


[427]
[428]

LaTeX Warning: Reference `sec:11-de' on page 1 undefined on input line 561.


LaTeX Warning: Reference `fig:11-mediavar' on page 1 undefined on input line 56
5.


[429]

LaTeX Warning: Citation 'c11-robinson2010edger' on page 430 undefined on input 
line 585.


LaTeX Warning: Citation 'c11-law2014' on page 430 undefined on input line 585.


LaTeX Warning: Citation 'c11-ritchie2015' on page 430 undefined on input line 5
85.


LaTeX Warning: Reference `fig:11-dispersion' on page 1 undefined on input line 
611.


[430]
[431]

LaTeX Warning: Reference `eq:11-glm' on page 1 undefined on input line 629.


LaTeX Warning: Citation 'c11-love2014' on page 432 undefined on input line 629.



LaTeX Warning: Reference `eq:11-irls' on page 1 undefined on input line 632.


[432]

LaTeX Warning: Citation 'c11-love2014' on page 433 undefined on input line 660.



LaTeX Warning: Citation '' on page 433 undefined on input line 660.


LaTeX Warning: Citation 'c11-zhu2019' on page 433 undefined on input line 671.


LaTeX Warning: Citation '' on page 433 undefined on input line 671.


[433]

LaTeX Warning: Reference `eq:11-shrink' on page 1 undefined on input line 694.


LaTeX Warning: Reference `eq:11-shrink' on page 1 undefined on input line 694.


[434]

LaTeX Warning: Citation 'c11-benjamini1995' on page 435 undefined on input line
 750.


LaTeX Warning: Citation '' on page 435 undefined on input line 750.


[435]
[436]
[437]

LaTeX Warning: Citation 'c11-storey2003' on page 438 undefined on input line 82
1.


LaTeX Warning: Citation '' on page 438 undefined on input line 821.

(./figuras/cap11/phist.tex)
[438]

LaTeX Warning: Citation 'c11-bourgon2010' on page 439 undefined on input line 8
63.


LaTeX Warning: Citation '' on page 439 undefined on input line 863.


LaTeX Warning: Reference `fig:11-bh' on page 1 undefined on input line 863.


[439]

LaTeX Warning: Citation 'c11-ashburner2000' on page 440 undefined on input line
 903.


LaTeX Warning: Citation 'c11-go2023' on page 440 undefined on input line 903.


[440]

LaTeX Warning: Citation 'c11-kanehisa2000' on page 441 undefined on input line 
938.


LaTeX Warning: Citation 'c11-liberzon2015' on page 441 undefined on input line 
938.


LaTeX Warning: Citation '' on page 441 undefined on input line 938.


[441]

LaTeX Warning: Reference `sec:11-de' on page 1 undefined on input line 954.


[442]

LaTeX Warning: Citation 'c11-young2010' on page 443 undefined on input line 962
.


LaTeX Warning: Citation '' on page 443 undefined on input line 962.


[443] (./figuras/cap11/hiper.tex)

LaTeX Warning: Reference `fig:11-pwf' on page 1 undefined on input line 1014.


LaTeX Warning: Reference `fig:11-pwf' on page 1 undefined on input line 1014.


[444]

LaTeX Warning: Citation 'c11-mootha2003' on page 445 undefined on input line 10
20.


LaTeX Warning: Citation '' on page 445 undefined on input line 1020.


LaTeX Warning: Citation 'c11-subramanian2005' on page 445 undefined on input li
ne 1020.


LaTeX Warning: Citation '' on page 445 undefined on input line 1020.


LaTeX Warning: Citation 'c11-korotkevich2016' on page 445 undefined on input li
ne 1041.


LaTeX Warning: Citation '' on page 445 undefined on input line 1041.


[445] (./figuras/cap11/gsea.tex)

LaTeX Warning: Reference `eq:11-gsea' on page 1 undefined on input line 1066.


LaTeX Warning: Reference `eq:11-gsea' on page 1 undefined on input line 1066.


LaTeX Warning: Reference `fig:11-gsea' on page 1 undefined on input line 1071.


[446]
[447]
[448]

LaTeX Warning: Reference `ej:11-em' on page 1 undefined on input line 1115.


LaTeX Warning: Reference `eq:11-nbvar' on page 1 undefined on input line 1116.


LaTeX Warning: Reference `ej:11-hiper' on page 1 undefined on input line 1121.


LaTeX Warning: Empty bibliography on input line 1124.

)
[449] (./capitulos/cap12.tex
[450]
Capítulo 12.

LaTeX Warning: Citation 'c12-macosko2015' on page 451 undefined on input line 6
.


LaTeX Warning: Citation '' on page 451 undefined on input line 6.


[451]

LaTeX Warning: Reference `cap:11' on page 1 undefined on input line 18.


LaTeX Warning: Reference `sec:12-qc' on page 1 undefined on input line 20.


LaTeX Warning: Reference `sec:12-reduccion' on page 1 undefined on input line 2
0.


LaTeX Warning: Reference `sec:12-clustering' on page 1 undefined on input line 
20.


LaTeX Warning: Reference `sec:12-trayectorias' on page 1 undefined on input lin
e 20.


LaTeX Warning: Citation 'c12-wolf2018' on page 452 undefined on input line 22.


[452]

LaTeX Warning: Reference `eq:12-mezcla' on page 1 undefined on input line 44.


LaTeX Warning: Citation 'c12-tang2009' on page 453 undefined on input line 47.


LaTeX Warning: Citation '' on page 453 undefined on input line 47.


LaTeX Warning: Citation 'c12-macosko2015' on page 453 undefined on input line 4
7.


LaTeX Warning: Citation 'c12-klein2015' on page 453 undefined on input line 47.



LaTeX Warning: Citation 'c12-zheng2017' on page 453 undefined on input line 47.



Overfull \hbox (81.34401pt too wide) in paragraph at lines 47--48
[]\TU/LibertinusSerif(0)/m/n/10 El pri-mer trans-crip-to-ma com-ple-to de una s
o-la cé-lu-la se pu-bli-có en 󰀫󰀙󰀙󰂫: [][]

[453]

LaTeX Warning: Reference `fig:12-gotas' on page 1 undefined on input line 52.


LaTeX Warning: Citation 'c12-macosko2015' on page 454 undefined on input line 6
0.


Overfull \hbox (7.19469pt too wide) in paragraph at lines 132--133
 [][] 

LaTeX Warning: Reference `ej:12-csr' on page 1 undefined on input line 133.


LaTeX Warning: Reference `ej:12-csr' on page 1 undefined on input line 133.


[454]
[455]

LaTeX Warning: Citation 'c12-macosko2015' on page 456 undefined on input line 1
49.


LaTeX Warning: Citation 'c12-kivioja2012' on page 456 undefined on input line 1
51.


LaTeX Warning: Citation '' on page 456 undefined on input line 151.


Overfull \hbox (76.32059pt too wide) in paragraph at lines 151--152
\TU/LibertinusSerif(0)/m/n/10.95 lec-tu-ras mez-cla la abun-dan-cia real con la
 efi-cien-cia de am-pli-fi-ca-ción. [][]

LaTeX Warning: Citation 'c12-wolf2018' on page 456 undefined on input line 159.



[456]

LaTeX Warning: Reference `fig:12-gotas' on page 1 undefined on input line 168.


LaTeX Warning: Reference `fig:12-rodilla' on page 1 undefined on input line 183
.


[457]

LaTeX Warning: Citation 'c12-young2020' on page 458 undefined on input line 214
.


[458]

LaTeX Warning: Citation 'c12-luecken2019' on page 459 undefined on input line 2
18.


LaTeX Warning: Citation 'c12-heumos2023' on page 459 undefined on input line 23
2.


LaTeX Warning: Reference `eq:12-mad' on page 1 undefined on input line 244.


LaTeX Warning: Reference `eq:12-mad' on page 1 undefined on input line 244.


[459]
[460<./figuras/cap12/qc_violines.pdf>]

LaTeX Warning: Citation 'c12-wolock2019' on page 461 undefined on input line 25
8.


LaTeX Warning: Reference `eq:12-poisson' on page 1 undefined on input line 267.



LaTeX Warning: Reference `eq:12-scrublet' on page 1 undefined on input line 268
.

NOTE: coordinate (1Y1.545e-1],3Y0.0e0]) has been dropped because it is unbounde
d (in y). (see also unbounded coords=jump). 
NOTE: coordinate (1Y2.045e-1],3Y0.0e0]) has been dropped because it is unbounde
d (in y). (see also unbounded coords=jump). 
NOTE: coordinate (1Y2.545e-1],3Y0.0e0]) has been dropped because it is unbounde
d (in y). (see also unbounded coords=jump). 
NOTE: coordinate (1Y2.795e-1],3Y0.0e0]) has been dropped because it is unbounde
d (in y). (see also unbounded coords=jump). 
NOTE: coordinate (1Y3.045e-1],3Y0.0e0]) has been dropped because it is unbounde
d (in y). (see also unbounded coords=jump). 
NOTE: coordinate (1Y3.545e-1],3Y0.0e0]) has been dropped because it is unbounde
d (in y). (see also unbounded coords=jump). 
NOTE: coordinate (1Y3.795e-1],3Y0.0e0]) has been dropped because it is unbounde
d (in y). (see also unbounded coords=jump). 
NOTE: coordinate (1Y4.045e-1],3Y0.0e0]) has been dropped because it is unbounde
d (in y). (see also unbounded coords=jump). 
NOTE: coordinate (1Y4.295e-1],3Y0.0e0]) has been dropped because it is unbounde
d (in y). (see also unbounded coords=jump). 
NOTE: coordinate (1Y4.545e-1],3Y0.0e0]) has been dropped because it is unbounde
d (in y). (see also unbounded coords=jump). 
NOTE: coordinate (1Y4.795e-1],3Y0.0e0]) has been dropped because it is unbounde
d (in y). (see also unbounded coords=jump). 
NOTE: coordinate (1Y5.295e-1],3Y0.0e0]) has been dropped because it is unbounde
d (in y). (see also unbounded coords=jump). 
NOTE: coordinate (1Y5.545e-1],3Y0.0e0]) has been dropped because it is unbounde
d (in y). (see also unbounded coords=jump). 
NOTE: coordinate (1Y5.795e-1],3Y0.0e0]) has been dropped because it is unbounde
d (in y). (see also unbounded coords=jump). 
NOTE: coordinate (1Y6.045e-1],3Y0.0e0]) has been dropped because it is unbounde
d (in y). (see also unbounded coords=jump). 
NOTE: coordinate (1Y6.295e-1],3Y0.0e0]) has been dropped because it is unbounde
d (in y). (see also unbounded coords=jump). 
NOTE: coordinate (1Y6.545e-1],3Y0.0e0]) has been dropped because it is unbounde
d (in y). (see also unbounded coords=jump). 
NOTE: coordinate (1Y6.795e-1],3Y0.0e0]) has been dropped because it is unbounde
d (in y). (see also unbounded coords=jump). 
NOTE: coordinate (1Y7.045e-1],3Y0.0e0]) has been dropped because it is unbounde
d (in y). (see also unbounded coords=jump). 
NOTE: coordinate (1Y7.295e-1],3Y0.0e0]) has been dropped because it is unbounde
d (in y). (see also unbounded coords=jump). 
NOTE: coordinate (1Y7.545e-1],3Y0.0e0]) has been dropped because it is unbounde
d (in y). (see also unbounded coords=jump). 
NOTE: coordinate (1Y7.795e-1],3Y0.0e0]) has been dropped because it is unbounde
d (in y). (see also unbounded coords=jump). 
NOTE: coordinate (1Y8.045e-1],3Y0.0e0]) has been dropped because it is unbounde
d (in y). (see also unbounded coords=jump). 
NOTE: coordinate (1Y8.295e-1],3Y0.0e0]) has been dropped because it is unbounde
d (in y). (see also unbounded coords=jump). 
NOTE: coordinate (1Y8.545e-1],3Y0.0e0]) has been dropped because it is unbounde
d (in y). (see also unbounded coords=jump). 
NOTE: coordinate (1Y8.795e-1],3Y0.0e0]) has been dropped because it is unbounde
d (in y). (see also unbounded coords=jump). 
NOTE: coordinate (1Y9.045e-1],3Y0.0e0]) has been dropped because it is unbounde
d (in y). (see also unbounded coords=jump). 
NOTE: coordinate (1Y9.295e-1],3Y0.0e0]) has been dropped because it is unbounde
d (in y). (see also unbounded coords=jump). 
NOTE: coordinate (1Y9.545e-1],3Y0.0e0]) has been dropped because it is unbounde
d (in y). (see also unbounded coords=jump). 
NOTE: coordinate (1Y9.795e-1],3Y0.0e0]) has been dropped because it is unbounde
d (in y). (see also unbounded coords=jump). 
NOTE: coordinate (1Y2.05e-2],3Y0.0e0]) has been dropped because it is unbounded
 (in y). (see also unbounded coords=jump). 
NOTE: coordinate (1Y1.705e-1],3Y0.0e0]) has been dropped because it is unbounde
d (in y). (see also unbounded coords=jump). 
NOTE: coordinate (1Y2.205e-1],3Y0.0e0]) has been dropped because it is unbounde
d (in y). (see also unbounded coords=jump). 
NOTE: coordinate (1Y2.705e-1],3Y0.0e0]) has been dropped because it is unbounde
d (in y). (see also unbounded coords=jump). 
NOTE: coordinate (1Y2.955e-1],3Y0.0e0]) has been dropped because it is unbounde
d (in y). (see also unbounded coords=jump). 
NOTE: coordinate (1Y3.205e-1],3Y0.0e0]) has been dropped because it is unbounde
d (in y). (see also unbounded coords=jump). 
NOTE: coordinate (1Y3.705e-1],3Y0.0e0]) has been dropped because it is unbounde
d (in y). (see also unbounded coords=jump). 
NOTE: coordinate (1Y3.955e-1],3Y0.0e0]) has been dropped because it is unbounde
d (in y). (see also unbounded coords=jump). 
NOTE: coordinate (1Y4.205e-1],3Y0.0e0]) has been dropped because it is unbounde
d (in y). (see also unbounded coords=jump). 
NOTE: coordinate (1Y4.455e-1],3Y0.0e0]) has been dropped because it is unbounde
d (in y). (see also unbounded coords=jump). 
NOTE: coordinate (1Y4.705e-1],3Y0.0e0]) has been dropped because it is unbounde
d (in y). (see also unbounded coords=jump). 
NOTE: coordinate (1Y4.955e-1],3Y0.0e0]) has been dropped because it is unbounde
d (in y). (see also unbounded coords=jump). 
NOTE: coordinate (1Y5.455e-1],3Y0.0e0]) has been dropped because it is unbounde
d (in y). (see also unbounded coords=jump). 
NOTE: coordinate (1Y5.705e-1],3Y0.0e0]) has been dropped because it is unbounde
d (in y). (see also unbounded coords=jump). 
NOTE: coordinate (1Y5.955e-1],3Y0.0e0]) has been dropped because it is unbounde
d (in y). (see also unbounded coords=jump). 
NOTE: coordinate (1Y6.205e-1],3Y0.0e0]) has been dropped because it is unbounde
d (in y). (see also unbounded coords=jump). 
NOTE: coordinate (1Y6.455e-1],3Y0.0e0]) has been dropped because it is unbounde
d (in y). (see also unbounded coords=jump). 
NOTE: coordinate (1Y6.705e-1],3Y0.0e0]) has been dropped because it is unbounde
d (in y). (see also unbounded coords=jump). 
NOTE: coordinate (1Y6.955e-1],3Y0.0e0]) has been dropped because it is unbounde
d (in y). (see also unbounded coords=jump). 
NOTE: coordinate (1Y7.205e-1],3Y0.0e0]) has been dropped because it is unbounde
d (in y). (see also unbounded coords=jump). 
NOTE: coordinate (1Y7.455e-1],3Y0.0e0]) has been dropped because it is unbounde
d (in y). (see also unbounded coords=jump). 
NOTE: coordinate (1Y7.705e-1],3Y0.0e0]) has been dropped because it is unbounde
d (in y). (see also unbounded coords=jump). 
NOTE: coordinate (1Y7.955e-1],3Y0.0e0]) has been dropped because it is unbounde
d (in y). (see also unbounded coords=jump). 
NOTE: coordinate (1Y8.205e-1],3Y0.0e0]) has been dropped because it is unbounde
d (in y). (see also unbounded coords=jump). 
NOTE: coordinate (1Y8.455e-1],3Y0.0e0]) has been dropped because it is unbounde
d (in y). (see also unbounded coords=jump). 
NOTE: coordinate (1Y8.705e-1],3Y0.0e0]) has been dropped because it is unbounde
d (in y). (see also unbounded coords=jump). 
NOTE: coordinate (1Y8.955e-1],3Y0.0e0]) has been dropped because it is unbounde
d (in y). (see also unbounded coords=jump). 
NOTE: coordinate (1Y9.205e-1],3Y0.0e0]) has been dropped because it is unbounde
d (in y). (see also unbounded coords=jump). 
NOTE: coordinate (1Y9.455e-1],3Y0.0e0]) has been dropped because it is unbounde
d (in y). (see also unbounded coords=jump). 
NOTE: coordinate (1Y9.705e-1],3Y0.0e0]) has been dropped because it is unbounde
d (in y). (see also unbounded coords=jump). 
NOTE: coordinate (1Y9.955e-1],3Y0.0e0]) has been dropped because it is unbounde
d (in y). (see also unbounded coords=jump). 
NOTE: coordinate (1Y1.865e-1],3Y0.0e0]) has been dropped because it is unbounde
d (in y). (see also unbounded coords=jump). 
NOTE: coordinate (1Y2.365e-1],3Y0.0e0]) has been dropped because it is unbounde
d (in y). (see also unbounded coords=jump). 
NOTE: coordinate (1Y2.865e-1],3Y0.0e0]) has been dropped because it is unbounde
d (in y). (see also unbounded coords=jump). 
NOTE: coordinate (1Y3.115e-1],3Y0.0e0]) has been dropped because it is unbounde
d (in y). (see also unbounded coords=jump). 
NOTE: coordinate (1Y3.615e-1],3Y0.0e0]) has been dropped because it is unbounde
d (in y). (see also unbounded coords=jump). 
NOTE: coordinate (1Y3.865e-1],3Y0.0e0]) has been dropped because it is unbounde
d (in y). (see also unbounded coords=jump). 
NOTE: coordinate (1Y4.115e-1],3Y0.0e0]) has been dropped because it is unbounde
d (in y). (see also unbounded coords=jump). 
NOTE: coordinate (1Y4.365e-1],3Y0.0e0]) has been dropped because it is unbounde
d (in y). (see also unbounded coords=jump). 
NOTE: coordinate (1Y4.615e-1],3Y0.0e0]) has been dropped because it is unbounde
d (in y). (see also unbounded coords=jump). 
NOTE: coordinate (1Y4.865e-1],3Y0.0e0]) has been dropped because it is unbounde
d (in y). (see also unbounded coords=jump). 
NOTE: coordinate (1Y5.365e-1],3Y0.0e0]) has been dropped because it is unbounde
d (in y). (see also unbounded coords=jump). 
NOTE: coordinate (1Y5.615e-1],3Y0.0e0]) has been dropped because it is unbounde
d (in y). (see also unbounded coords=jump). 
NOTE: coordinate (1Y5.865e-1],3Y0.0e0]) has been dropped because it is unbounde
d (in y). (see also unbounded coords=jump). 
NOTE: coordinate (1Y6.115e-1],3Y0.0e0]) has been dropped because it is unbounde
d (in y). (see also unbounded coords=jump). 
NOTE: coordinate (1Y6.365e-1],3Y0.0e0]) has been dropped because it is unbounde
d (in y). (see also unbounded coords=jump). 
NOTE: coordinate (1Y6.615e-1],3Y0.0e0]) has been dropped because it is unbounde
d (in y). (see also unbounded coords=jump). 
NOTE: coordinate (1Y6.865e-1],3Y0.0e0]) has been dropped because it is unbounde
d (in y). (see also unbounded coords=jump). 
NOTE: coordinate (1Y7.115e-1],3Y0.0e0]) has been dropped because it is unbounde
d (in y). (see also unbounded coords=jump). 
NOTE: coordinate (1Y7.365e-1],3Y0.0e0]) has been dropped because it is unbounde
d (in y). (see also unbounded coords=jump). 
NOTE: coordinate (1Y7.615e-1],3Y0.0e0]) has been dropped because it is unbounde
d (in y). (see also unbounded coords=jump). 
NOTE: coordinate (1Y7.865e-1],3Y0.0e0]) has been dropped because it is unbounde
d (in y). (see also unbounded coords=jump). 
NOTE: coordinate (1Y8.115e-1],3Y0.0e0]) has been dropped because it is unbounde
d (in y). (see also unbounded coords=jump). 
NOTE: coordinate (1Y8.365e-1],3Y0.0e0]) has been dropped because it is unbounde
d (in y). (see also unbounded coords=jump). 
NOTE: coordinate (1Y8.615e-1],3Y0.0e0]) has been dropped because it is unbounde
d (in y). (see also unbounded coords=jump). 
NOTE: coordinate (1Y8.865e-1],3Y0.0e0]) has been dropped because it is unbounde
d (in y). (see also unbounded coords=jump). 
NOTE: coordinate (1Y9.115e-1],3Y0.0e0]) has been dropped because it is unbounde
d (in y). (see also unbounded coords=jump). 
NOTE: coordinate (1Y9.365e-1],3Y0.0e0]) has been dropped because it is unbounde
d (in y). (see also unbounded coords=jump). 
NOTE: coordinate (1Y9.615e-1],3Y0.0e0]) has been dropped because it is unbounde
d (in y). (see also unbounded coords=jump). 
NOTE: coordinate (1Y9.865e-1],3Y0.0e0]) has been dropped because it is unbounde
d (in y). (see also unbounded coords=jump). 

LaTeX Warning: Reference `eq:12-scrublet' on page 1 undefined on input line 290
.


LaTeX Warning: Reference `eq:12-scrublet' on page 1 undefined on input line 290
.


LaTeX Warning: Reference `cap:11' on page 1 undefined on input line 296.


[461]

LaTeX Warning: Citation 'c12-svensson2020' on page 462 undefined on input line 
308.


LaTeX Warning: Citation '' on page 462 undefined on input line 308.


[462]

LaTeX Warning: Reference `eq:12-lognorm' on page 1 undefined on input line 321.



LaTeX Warning: Citation 'c12-lun2016' on page 463 undefined on input line 324.


LaTeX Warning: Citation '' on page 463 undefined on input line 324.


[463]

LaTeX Warning: Citation 'c12-hafemeister2019' on page 464 undefined on input li
ne 330.


LaTeX Warning: Citation '' on page 464 undefined on input line 330.


LaTeX Warning: Reference `eq:12-hvg' on page 1 undefined on input line 353.


LaTeX Warning: Reference `eq:12-hvg' on page 1 undefined on input line 353.


LaTeX Warning: Reference `fig:12-hvg' on page 1 undefined on input line 357.


LaTeX Warning: Citation 'c12-hafemeister2019' on page 464 undefined on input li
ne 357.


LaTeX Warning: Citation '' on page 464 undefined on input line 357.


[464]
[465<./figuras/cap12/media_varianza.pdf>]
[466]

LaTeX Warning: Citation 'c12-hastie2009' on page 467 undefined on input line 41
7.


LaTeX Warning: Reference `cap:10' on page 1 undefined on input line 420.


LaTeX Warning: Reference `fig:12-pca' on page 1 undefined on input line 422.


[467]

LaTeX Warning: Reference `fig:12-embeddings' on page 1 undefined on input line 
445.


LaTeX Warning: Citation 'c12-kobak2019' on page 468 undefined on input line 445
.


[468]
[469]

LaTeX Warning: Reference `eq:12-grad' on page 1 undefined on input line 482.


LaTeX Warning: Reference `fig:12-distancias' on page 1 undefined on input line 
487.


LaTeX Warning: Reference `fig:12-distancias' on page 1 undefined on input line 
487.


LaTeX Warning: Reference `fig:12-perp' on page 1 undefined on input line 491.


LaTeX Warning: Citation 'c12-kobak2019' on page 470 undefined on input line 491
.


LaTeX Warning: Citation '' on page 470 undefined on input line 491.


LaTeX Warning: Citation 'c12-linderman2019' on page 470 undefined on input line
 491.


[470<./figuras/cap12/embeddings.pdf>]

LaTeX Warning: Citation 'c12-mcinnes2018' on page 471 undefined on input line 5
02.


[471<./figuras/cap12/perplejidad.pdf>]

LaTeX Warning: Citation 'c12-becht2019' on page 472 undefined on input line 519
.


LaTeX Warning: Citation '' on page 472 undefined on input line 519.


LaTeX Warning: Citation 'c12-kobak2019' on page 472 undefined on input line 519
.


LaTeX Warning: Reference `fig:12-distancias' on page 1 undefined on input line 
523.


LaTeX Warning: Citation 'c12-chari2023' on page 472 undefined on input line 532
.


LaTeX Warning: Citation '' on page 472 undefined on input line 532.


[472]
Overfull \hbox (18.12274pt too wide) in paragraph at lines 555--556
[]\TU/LibertinusSerif(0)/m/n/10.95 En Scanpy, \TU/FiraMono(0)/m/n/10.95 sc.tl.u
map \TU/LibertinusSerif(0)/m/n/10.95 no re-cal-cu-la ve-ci-nos: usa el gra-fo d
e \TU/FiraMono(0)/m/n/10.95 sc.pp.neighbors\TU/LibertinusSerif(0)/m/n/10.95 .

[473<./figuras/cap12/distancias.pdf>]

LaTeX Warning: Citation 'c12-wolf2018' on page 474 undefined on input line 569.



LaTeX Warning: Citation 'c12-hao2021' on page 474 undefined on input line 569.


[474]

LaTeX Warning: Reference `eq:12-umap-v' on page 1 undefined on input line 579.


LaTeX Warning: Reference `fig:12-grafo' on page 1 undefined on input line 579.


LaTeX Warning: Citation 'c12-newman2004' on page 475 undefined on input line 59
0.


LaTeX Warning: Citation '' on page 475 undefined on input line 590.


[475]
[476<./figuras/cap12/grafo_knn.pdf>]

LaTeX Warning: Citation 'c12-blondel2008' on page 477 undefined on input line 6
08.


LaTeX Warning: Citation '' on page 477 undefined on input line 608.


LaTeX Warning: Citation 'c12-traag2019' on page 477 undefined on input line 625
.


LaTeX Warning: Citation '' on page 477 undefined on input line 625.


LaTeX Warning: Citation 'c12-traag2019' on page 477 undefined on input line 625
.


LaTeX Warning: Citation '' on page 477 undefined on input line 625.


LaTeX Warning: Reference `fig:12-resolucion' on page 1 undefined on input line 
629.


[477]
[478]
[479]

LaTeX Warning: Reference `cap:11' on page 1 undefined on input line 686.


LaTeX Warning: Reference `cap:11' on page 1 undefined on input line 689.


LaTeX Warning: Citation 'c12-heumos2023' on page 480 undefined on input line 68
9.


LaTeX Warning: Reference `fig:12-dotplot' on page 1 undefined on input line 694
.


[480]

LaTeX Warning: Citation 'c12-hao2021' on page 481 undefined on input line 703.


LaTeX Warning: Reference `fig:12-lotes' on page 1 undefined on input line 707.


[481<./figuras/cap12/dotplot.pdf>]

LaTeX Warning: Citation 'c12-korsunsky2019' on page 482 undefined on input line
 709.


LaTeX Warning: Reference `eq:12-harmony-r' on page 1 undefined on input line 73
0.


LaTeX Warning: Reference `eq:12-harmony-r' on page 1 undefined on input line 73
0.


[482]
[483<./figuras/cap12/lotes.pdf>]
[484]

LaTeX Warning: Citation 'c12-trapnell2014' on page 485 undefined on input line 
770.


LaTeX Warning: Citation '' on page 485 undefined on input line 770.


LaTeX Warning: Citation 'c12-saelens2019' on page 485 undefined on input line 7
70.


LaTeX Warning: Citation '' on page 485 undefined on input line 770.


LaTeX Warning: Citation 'c12-haghverdi2016' on page 485 undefined on input line
 776.


[485]

LaTeX Warning: Citation 'c12-haghverdi2016' on page 486 undefined on input line
 796.


Overfull \hbox (6.08307pt too wide) in paragraph at lines 795--797
\TU/LibertinusSerif(0)/m/it/10.95 y el pseu-do-tiem-po de la cé-lu-la $\TU/Lib
ertinusMath-Regular.otf(1)/b/n/10.95 𝑐$ \TU/LibertinusSerif(0)/m/it/10.95 es
 $\TU/LibertinusMath-Regular.otf(1)/b/n/10.95 𝜏[] = [](𝑟, 𝑐)$ \TU/Libe
rtinusSerif(0)/m/it/10.95 pa-ra la raíz $\TU/LibertinusMath-Regular.otf(1)/b/n
/10.95 𝑟$ \TU/LibertinusSerif(0)/m/it/10.95 ([]). 

[486]

LaTeX Warning: Citation 'c12-wolf2019' on page 487 undefined on input line 813.



LaTeX Warning: Citation '' on page 487 undefined on input line 813.


[487<./figuras/cap12/trayectoria.pdf>]

LaTeX Warning: Reference `eq:12-paga' on page 1 undefined on input line 827.


LaTeX Warning: Reference `eq:12-paga' on page 1 undefined on input line 827.


LaTeX Warning: Reference `fig:12-paga' on page 1 undefined on input line 831.


LaTeX Warning: Citation 'c12-lamanno2018' on page 488 undefined on input line 8
35.


LaTeX Warning: Citation '' on page 488 undefined on input line 835.


[488]
[489<./figuras/cap12/paga_genes.pdf>]

LaTeX Warning: Reference `fig:12-velocidad' on page 1 undefined on input line 8
57.


LaTeX Warning: Citation 'c12-lamanno2018' on page 490 undefined on input line 8
59.


LaTeX Warning: Citation '' on page 490 undefined on input line 859.


LaTeX Warning: Reference `eq:12-ode' on page 1 undefined on input line 897.


LaTeX Warning: Reference `eq:12-gamma' on page 1 undefined on input line 897.


LaTeX Warning: Reference `eq:12-ode' on page 1 undefined on input line 897.


LaTeX Warning: Reference `eq:12-gamma' on page 1 undefined on input line 897.


LaTeX Warning: Citation 'c12-bergen2020' on page 490 undefined on input line 90
1.


LaTeX Warning: Citation '' on page 490 undefined on input line 901.


LaTeX Warning: Reference `eq:12-ode-sol' on page 1 undefined on input line 901.



LaTeX Warning: Reference `sec:12-reduccion' on page 1 undefined on input line 9
04.


LaTeX Warning: Reference `fig:12-velocidad' on page 1 undefined on input line 9
04.


[490]
[491]

LaTeX Warning: Citation 'c12-heumos2023' on page 492 undefined on input line 92
9.


LaTeX Warning: Citation 'c12-hao2021' on page 492 undefined on input line 932.


[492]

LaTeX Warning: Reference `eq:12-poisson' on page 1 undefined on input line 947.



LaTeX Warning: Reference `ej:12-csr' on page 1 undefined on input line 948.


LaTeX Warning: Reference `eq:12-mad' on page 1 undefined on input line 949.


LaTeX Warning: Reference `eq:12-delta' on page 1 undefined on input line 950.


LaTeX Warning: Reference `eq:12-pca-prob' on page 1 undefined on input line 951
.


LaTeX Warning: Reference `eq:12-tsne-p' on page 1 undefined on input line 952.


[493]

LaTeX Warning: Reference `eq:12-modularidad' on page 1 undefined on input line 
953.


LaTeX Warning: Reference `eq:12-ode' on page 1 undefined on input line 955.


LaTeX Warning: Reference `eq:12-ode-sol' on page 1 undefined on input line 955.



LaTeX Warning: Empty bibliography on input line 959.

)
[494] (./capitulos/cap13.tex
Capítulo 13.

LaTeX Warning: Citation 'c13-jenuwein2001' on page 495 undefined on input line 
6.


LaTeX Warning: Citation '' on page 495 undefined on input line 6.


[495]

LaTeX Warning: Reference `cap:07' on page 1 undefined on input line 20.


LaTeX Warning: Reference `sec:13-chip' on page 1 undefined on input line 20.


LaTeX Warning: Reference `sec:13-metil' on page 1 undefined on input line 20.


LaTeX Warning: Reference `cap:04' on page 1 undefined on input line 20.


LaTeX Warning: Reference `sec:13-motivos' on page 1 undefined on input line 20.



[496]

LaTeX Warning: Citation 'c13-luger1997' on page 497 undefined on input line 33.



LaTeX Warning: Citation '' on page 497 undefined on input line 33.


LaTeX Warning: Citation 'c13-jenuwein2001' on page 497 undefined on input line 
35.


LaTeX Warning: Citation '' on page 497 undefined on input line 35.


LaTeX Warning: Reference `tab:13-marcas' on page 1 undefined on input line 35.


LaTeX Warning: Citation 'c13-encode2012' on page 497 undefined on input line 55
.


LaTeX Warning: Citation 'c13-encode2020' on page 497 undefined on input line 55
.


LaTeX Warning: Citation 'c13-kundaje2015' on page 497 undefined on input line 5
5.


[497]

LaTeX Warning: Citation 'c13-johnson2007' on page 498 undefined on input line 5
9.


LaTeX Warning: Citation '' on page 498 undefined on input line 59.


LaTeX Warning: Reference `fig:13-chip' on page 1 undefined on input line 59.


Overfull \hbox (73.37596pt too wide) in paragraph at lines 59--60
\TU/LibertinusSerif(0)/m/n/10.95 dón-de es-tá una pro-teí-na en el ge-no-ma 
de una po-bla-ción de cé-lu-las. [][]

[498]

LaTeX Warning: Reference `cap:07' on page 1 undefined on input line 66.


LaTeX Warning: Citation 'c13-park2009' on page 499 undefined on input line 69.


LaTeX Warning: Citation '' on page 499 undefined on input line 69.


Overfull \hbox (4.0988pt too wide) in paragraph at lines 116--117
 [][] 

[499]

LaTeX Warning: Citation 'c13-zhang2008' on page 500 undefined on input line 142
.


LaTeX Warning: Reference `fig:13-hebras' on page 1 undefined on input line 142.



LaTeX Warning: Citation 'c13-kharchenko2008' on page 500 undefined on input lin
e 146.


[500]

LaTeX Warning: Citation 'c13-landt2012' on page 501 undefined on input line 164
.


[501]

LaTeX Warning: Reference `fig:13-hebras' on page 1 undefined on input line 174.



LaTeX Warning: Reference `eq:13-hebras' on page 1 undefined on input line 202.


LaTeX Warning: Reference `eq:13-xcor' on page 1 undefined on input line 202.


LaTeX Warning: Reference `eq:13-hebras' on page 1 undefined on input line 202.


LaTeX Warning: Reference `eq:13-xcor' on page 1 undefined on input line 202.


[502]

LaTeX Warning: Reference `cap:06' on page 1 undefined on input line 233.


LaTeX Warning: Citation 'c13-zhang2008' on page 503 undefined on input line 235
.


LaTeX Warning: Citation '' on page 503 undefined on input line 235.


[503]

LaTeX Warning: Citation 'c13-zhang2008' on page 504 undefined on input line 253
.


[504]

LaTeX Warning: Reference `eq:13-lambdalocal' on page 1 undefined on input line 
298.


LaTeX Warning: Reference `ej:13-macs' on page 1 undefined on input line 298.


LaTeX Warning: Reference `eq:13-lambdalocal' on page 1 undefined on input line 
298.


LaTeX Warning: Reference `ej:13-macs' on page 1 undefined on input line 298.


LaTeX Warning: Citation 'c13-landt2012' on page 505 undefined on input line 314
.


LaTeX Warning: Citation 'c13-amemiya2019' on page 505 undefined on input line 3
16.


LaTeX Warning: Citation '' on page 505 undefined on input line 316.


[505]

LaTeX Warning: Citation 'c13-li2011' on page 506 undefined on input line 318.


LaTeX Warning: Citation '' on page 506 undefined on input line 318.


LaTeX Warning: Reference `sec:13-motivos' on page 1 undefined on input line 318
.


[506]

LaTeX Warning: Citation 'c13-landt2012' on page 507 undefined on input line 326
.


LaTeX Warning: Citation 'c13-buenrostro2013' on page 507 undefined on input lin
e 338.


LaTeX Warning: Citation '' on page 507 undefined on input line 338.


LaTeX Warning: Citation 'c13-buenrostro2015' on page 507 undefined on input lin
e 338.


LaTeX Warning: Citation '' on page 507 undefined on input line 338.


LaTeX Warning: Citation 'c13-buenrostro2013' on page 507 undefined on input lin
e 338.


[507]
Overfull \hbox (3.09962pt too wide) in paragraph at lines 361--362
 [][] 

LaTeX Warning: Reference `fig:13-tn5' on page 1 undefined on input line 366.


[508]

LaTeX Warning: Reference `fig:13-atac' on page 1 undefined on input line 377.


LaTeX Warning: Reference `fig:13-atac' on page 1 undefined on input line 393.


[509]
Overfull \hbox (4.99437pt too wide) in paragraph at lines 419--420
 [][] 

LaTeX Warning: Reference `eq:13-atac' on page 1 undefined on input line 420.


LaTeX Warning: Reference `eq:13-tss' on page 1 undefined on input line 420.


LaTeX Warning: Reference `eq:13-atac' on page 1 undefined on input line 420.


LaTeX Warning: Reference `eq:13-tss' on page 1 undefined on input line 420.


LaTeX Warning: Citation 'c13-skene2017' on page 510 undefined on input line 425
.


LaTeX Warning: Citation '' on page 510 undefined on input line 425.


[510]

LaTeX Warning: Citation 'c13-bird1986' on page 511 undefined on input line 444.



LaTeX Warning: Citation '' on page 511 undefined on input line 444.


LaTeX Warning: Citation 'c13-gardinergarden1987' on page 511 undefined on input
 line 444.


LaTeX Warning: Citation '' on page 511 undefined on input line 444.


[511]

LaTeX Warning: Citation 'c13-frommer1992' on page 512 undefined on input line 4
69.


LaTeX Warning: Citation '' on page 512 undefined on input line 469.


LaTeX Warning: Reference `fig:13-bisulfito' on page 1 undefined on input line 4
69.


[512]
Overfull \hbox (2.26767pt too wide) in paragraph at lines 501--502
 [][] 

LaTeX Warning: Citation 'c13-lister2009' on page 513 undefined on input line 51
0.


LaTeX Warning: Citation '' on page 513 undefined on input line 510.


[513]

LaTeX Warning: Citation 'c13-krueger2011' on page 514 undefined on input line 5
12.


LaTeX Warning: Reference `fig:13-bismark' on page 1 undefined on input line 512
.


Overfull \hbox (2.26456pt too wide) in paragraph at lines 530--531
 [][] 

LaTeX Warning: Citation 'c13-krueger2011' on page 514 undefined on input line 5
31.


LaTeX Warning: Citation 'c13-krueger2011' on page 514 undefined on input line 5
31.


[514]

LaTeX Warning: Citation 'c13-du2010' on page 515 undefined on input line 548.


LaTeX Warning: Citation '' on page 515 undefined on input line 548.


[515]

LaTeX Warning: Citation 'c13-du2010' on page 516 undefined on input line 576.


LaTeX Warning: Citation '' on page 516 undefined on input line 576.


Overfull \hbox (9.56952pt too wide) in paragraph at lines 594--595
 [][] 

LaTeX Warning: Reference `eq:13-delta' on page 1 undefined on input line 595.


LaTeX Warning: Reference `eq:13-delta' on page 1 undefined on input line 595.


LaTeX Warning: Reference `cap:11' on page 1 undefined on input line 601.


[516]

LaTeX Warning: Reference `eq:13-betabin' on page 1 undefined on input line 617.



LaTeX Warning: Citation 'c13-feng2014' on page 517 undefined on input line 619.



LaTeX Warning: Citation '' on page 517 undefined on input line 619.


[517]

LaTeX Warning: Reference `eq:13-wald' on page 1 undefined on input line 634.


LaTeX Warning: Reference `fig:13-dmr' on page 1 undefined on input line 642.


[518] (./figuras/cap13/dmr_lim.tex)

LaTeX Warning: Reference `eq:13-wald' on page 1 undefined on input line 669.


LaTeX Warning: Reference `eq:13-wald' on page 1 undefined on input line 669.


LaTeX Warning: Citation 'c13-horvath2013' on page 519 undefined on input line 6
75.


LaTeX Warning: Citation '' on page 519 undefined on input line 675.


[519]

LaTeX Warning: Reference `cap:06' on page 1 undefined on input line 677.


LaTeX Warning: Citation 'c13-simpson2017' on page 520 undefined on input line 6
77.


LaTeX Warning: Citation '' on page 520 undefined on input line 677.


[520]

LaTeX Warning: Reference `cap:04' on page 1 undefined on input line 699.


[521]

LaTeX Warning: Reference `cap:04' on page 1 undefined on input line 720.


LaTeX Warning: Citation 'c13-dempster1977' on page 522 undefined on input line 
726.


LaTeX Warning: Citation '' on page 522 undefined on input line 726.


Overfull \hbox (34.13077pt too wide) in paragraph at lines 726--727
[][][] \TU/LibertinusSerif(0)/m/n/10.95 for-mu-la-ron el al-go-rit-mo de espera
nza-maximización

[522]
[523]

LaTeX Warning: Citation 'c13-bailey2009' on page 524 undefined on input line 77
1.


LaTeX Warning: Reference `fig:13-em' on page 1 undefined on input line 773.


LaTeX Warning: Reference `eq:13-oops' on page 1 undefined on input line 800.


LaTeX Warning: Reference `teo:13-em' on page 1 undefined on input line 800.


LaTeX Warning: Reference `eq:13-oops' on page 1 undefined on input line 800.


LaTeX Warning: Reference `teo:13-em' on page 1 undefined on input line 800.

(./figuras/cap13/logo_real.tex) (./figuras/cap13/logo_it0.tex)
(./figuras/cap13/logo_it1.tex) (./figuras/cap13/logo_it3.tex)
(./figuras/cap13/logo_em.tex) (./figuras/cap13/logo_gibbs.tex)

LaTeX Warning: Reference `cap:04' on page 1 undefined on input line 810.


LaTeX Warning: Reference `cap:04' on page 1 undefined on input line 810.


LaTeX Warning: Citation 'c13-lawrence1993' on page 524 undefined on input line 
816.


LaTeX Warning: Citation '' on page 524 undefined on input line 816.


[524]
[525]

LaTeX Warning: Reference `fig:13-em' on page 1 undefined on input line 837.


LaTeX Warning: Citation 'c13-lawrence1993' on page 526 undefined on input line 
837.


LaTeX Warning: Citation '' on page 526 undefined on input line 837.


[526]

LaTeX Warning: Citation 'c13-castromondragon2022' on page 527 undefined on inpu
t line 842.


LaTeX Warning: Citation 'c13-bailey2009' on page 527 undefined on input line 84
2.


LaTeX Warning: Citation 'c13-heinz2010' on page 527 undefined on input line 844
.


LaTeX Warning: Citation 'c13-heinz2010' on page 527 undefined on input line 844
.


LaTeX Warning: Citation '' on page 527 undefined on input line 844.


LaTeX Warning: Reference `eq:13-hiper' on page 1 undefined on input line 856.


[527]

LaTeX Warning: Citation 'c13-bailey2012' on page 528 undefined on input line 86
1.


LaTeX Warning: Citation '' on page 528 undefined on input line 861.


LaTeX Warning: Reference `sec:13-chip' on page 1 undefined on input line 901.


[528]
[529]

LaTeX Warning: Reference `eq:13-betabin' on page 1 undefined on input line 923.



[530]

LaTeX Warning: Reference `eq:13-gibbs' on page 1 undefined on input line 925.


LaTeX Warning: Reference `eq:13-gibbs-q' on page 1 undefined on input line 925.



LaTeX Warning: Empty bibliography on input line 930.

)
[531] (./capitulos/cap14.tex
[532]
Capítulo 14.

LaTeX Warning: Citation 'c14-woese1977' on page 533 undefined on input line 6.


LaTeX Warning: Citation '' on page 533 undefined on input line 6.


LaTeX Warning: Citation 'c14-hmp2012' on page 533 undefined on input line 18.


LaTeX Warning: Citation '' on page 533 undefined on input line 18.


[533]

LaTeX Warning: Reference `sec:14-16s' on page 1 undefined on input line 20.


LaTeX Warning: Reference `sec:14-diversidad' on page 1 undefined on input line 
20.


LaTeX Warning: Reference `sec:14-shotgun' on page 1 undefined on input line 20.



LaTeX Warning: Reference `cap:05' on page 1 undefined on input line 20.


LaTeX Warning: Reference `cap:06' on page 1 undefined on input line 20.


LaTeX Warning: Reference `cap:08' on page 1 undefined on input line 20.


[534]

LaTeX Warning: Citation 'c14-woese1977' on page 535 undefined on input line 35.



LaTeX Warning: Citation '' on page 535 undefined on input line 35.


LaTeX Warning: Reference `cap:05' on page 1 undefined on input line 35.


LaTeX Warning: Citation 'c14-caporaso2011' on page 535 undefined on input line 
38.


LaTeX Warning: Citation '' on page 535 undefined on input line 38.


[535]

LaTeX Warning: Reference `fig:14-16s' on page 1 undefined on input line 43.


LaTeX Warning: Citation 'c14-caporaso2011' on page 536 undefined on input line 
43.


LaTeX Warning: Citation '' on page 536 undefined on input line 43.


LaTeX Warning: Reference `cap:06' on page 1 undefined on input line 90.


[536]

LaTeX Warning: Reference `fig:14-otuasv' on page 1 undefined on input line 104.



Overfull \hbox (5.05733pt too wide) in paragraph at lines 145--146
 [][] 

LaTeX Warning: Citation 'c14-callahan2016' on page 537 undefined on input line 
152.


LaTeX Warning: Citation '' on page 537 undefined on input line 152.


LaTeX Warning: Citation 'c14-callahan2017' on page 537 undefined on input line 
152.


LaTeX Warning: Citation '' on page 537 undefined on input line 152.


[537]
[538]

LaTeX Warning: Reference `cap:06' on page 1 undefined on input line 169.


[539]

LaTeX Warning: Reference `fig:14-dada2' on page 1 undefined on input line 222.


LaTeX Warning: Reference `eq:14-pabund' on page 1 undefined on input line 226.


[540]
[541]

LaTeX Warning: Reference `cap:06' on page 1 undefined on input line 248.


LaTeX Warning: Citation 'c14-edgar2011' on page 542 undefined on input line 264
.


[542]

LaTeX Warning: Reference `sec:14-diversidad' on page 1 undefined on input line 
282.


Overfull \hbox (14.81264pt too wide) in paragraph at lines 298--299
 [][] 

LaTeX Warning: Citation 'c14-quast2013' on page 543 undefined on input line 305
.


LaTeX Warning: Citation 'c14-wang2007' on page 543 undefined on input line 305.



[543]
[544]

LaTeX Warning: Reference `sec:14-shotgun' on page 1 undefined on input line 344
.


LaTeX Warning: Citation 'c14-bolyen2019' on page 545 undefined on input line 34
8.


[545]

LaTeX Warning: Reference `sec:14-16s' on page 1 undefined on input line 385.


LaTeX Warning: Reference `sec:14-shotgun' on page 1 undefined on input line 385
.


[546]
Overfull \hbox (6.5188pt too wide) in paragraph at lines 411--412
[]\TU/LibertinusSerif(0)/m/n/10.95 Una mues-tra con $\TU/LibertinusMath-Regular
.otf(1)/b/n/10.95 𝑁 = 100$ \TU/LibertinusSerif(0)/m/n/10.95 lec-tu-ras tie-n
e los con-teos $\TU/LibertinusMath-Regular.otf(1)/b/n/10.95 (50, 20, 10, 10, 5,
 2, 1, 1, 1)$\TU/LibertinusSerif(0)/m/n/10.95 .

LaTeX Warning: Reference `sec:14-hill' on page 1 undefined on input line 418.


[547]

LaTeX Warning: Citation 'c14-chao1987' on page 548 undefined on input line 423.



LaTeX Warning: Citation '' on page 548 undefined on input line 423.


LaTeX Warning: Reference `eq:14-fk' on page 1 undefined on input line 437.


[548]

LaTeX Warning: Reference `ej:14-alfa' on page 1 undefined on input line 450.


LaTeX Warning: Reference `sec:14-16s' on page 1 undefined on input line 453.


LaTeX Warning: Citation 'c14-chao2014' on page 549 undefined on input line 458.



[549]

LaTeX Warning: Reference `fig:14-rare' on page 1 undefined on input line 469.


LaTeX Warning: Citation 'c14-chao2014' on page 550 undefined on input line 469.



LaTeX Warning: Citation '' on page 550 undefined on input line 469.

(./figuras/cap14/rare_macros.tex)

LaTeX Warning: Reference `eq:14-rare' on page 1 undefined on input line 494.


LaTeX Warning: Reference `teo:14-chao1' on page 1 undefined on input line 494.


LaTeX Warning: Reference `eq:14-rare' on page 1 undefined on input line 494.


LaTeX Warning: Reference `teo:14-chao1' on page 1 undefined on input line 494.


LaTeX Warning: Citation 'c14-mcmurdie2014' on page 550 undefined on input line 
498.


LaTeX Warning: Citation '' on page 550 undefined on input line 498.


LaTeX Warning: Citation 'c14-hill1973' on page 550 undefined on input line 502.



LaTeX Warning: Citation '' on page 550 undefined on input line 502.


[550]
[551]
Overfull \hbox (1.02373pt too wide) detected at line 521
[][][][][] [] [][]\TU/LibertinusMath-Regular.otf(1)/b/n/10.95 𝐷 = [] [] = 
− [] 𝑝[] [] 𝑝[] = 𝐻,  [] [][]𝐷 = 𝑒[].

LaTeX Warning: Citation 'c14-jost2006' on page 552 undefined on input line 524.



LaTeX Warning: Citation '' on page 552 undefined on input line 524.


Overfull \hbox (58.41545pt too wide) in paragraph at lines 524--525
[]\TU/LibertinusSerif(0)/m/n/10.95 ¿Por qué mo-les-tar-se en trans-for-mar 
ín-di-ces que ya co-no-cía-mos? [][]

[552]

LaTeX Warning: Citation 'c14-gloor2017' on page 553 undefined on input line 560
.


LaTeX Warning: Citation '' on page 553 undefined on input line 560.


LaTeX Warning: Reference `fig:14-compos' on page 1 undefined on input line 564.



[553]
[554]
[555]

LaTeX Warning: Citation 'c14-lozupone2005' on page 556 undefined on input line 
629.


LaTeX Warning: Citation '' on page 556 undefined on input line 629.


LaTeX Warning: Reference `cap:05' on page 1 undefined on input line 629.


[556]

LaTeX Warning: Reference `eq:14-gower' on page 1 undefined on input line 661.


LaTeX Warning: Citation 'c14-anderson2001' on page 557 undefined on input line 
665.


LaTeX Warning: Citation '' on page 557 undefined on input line 665.


Overfull \hbox (24.83644pt too wide) in paragraph at lines 665--666
\TU/LibertinusSerif(0)/m/n/10.95 de la va-rian-za que fun-cio-ne con cual-quier
 di-si-mi-li-tud. [][]

[557] (./figuras/cap14/pcoa_macros.tex)

LaTeX Warning: Citation 'c14-hmp2012' on page 558 undefined on input line 731.


[558]
[559]

LaTeX Warning: Reference `cap:06' on page 1 undefined on input line 747.


[560]

LaTeX Warning: Reference `cap:03' on page 1 undefined on input line 763.


LaTeX Warning: Citation 'c14-wood2014' on page 561 undefined on input line 763.



LaTeX Warning: Citation '' on page 561 undefined on input line 763.


LaTeX Warning: Reference `cap:08' on page 1 undefined on input line 763.


[561]
[562]

LaTeX Warning: Reference `fig:14-lca' on page 1 undefined on input line 834.


[563]

LaTeX Warning: Citation 'c14-wood2019' on page 564 undefined on input line 840.



LaTeX Warning: Citation '' on page 564 undefined on input line 840.


Overfull \hbox (24.58691pt too wide) in paragraph at lines 840--841
\TU/LibertinusSerif(0)/m/n/10.95 las ba-ses ac-tua-les exi-gía cien-tos de gi-
gaby-tes de me-mo-ria. [][]

LaTeX Warning: Citation 'c14-lu2017' on page 564 undefined on input line 854.


LaTeX Warning: Citation '' on page 564 undefined on input line 854.


[564] (./figuras/cap14/bracken.tex)

LaTeX Warning: Reference `eq:14-bracken' on page 1 undefined on input line 887.



LaTeX Warning: Reference `eq:14-bracken' on page 1 undefined on input line 887.



LaTeX Warning: Reference `fig:14-bracken' on page 1 undefined on input line 892
.


LaTeX Warning: Citation 'c14-blancomiguez2023' on page 565 undefined on input l
ine 897.


[565]

LaTeX Warning: Reference `cap:08' on page 1 undefined on input line 911.


[566]

LaTeX Warning: Citation 'c14-nurk2017' on page 567 undefined on input line 913.



LaTeX Warning: Citation 'c14-li2015' on page 567 undefined on input line 913.


LaTeX Warning: Citation 'c14-sczyrba2017' on page 567 undefined on input line 9
13.


LaTeX Warning: Citation 'c14-kang2019' on page 567 undefined on input line 941.



LaTeX Warning: Citation 'c14-parks2015' on page 567 undefined on input line 945
.


LaTeX Warning: Citation '' on page 567 undefined on input line 945.


[567]
[568]

LaTeX Warning: Citation 'c14-bowers2017' on page 569 undefined on input line 95
6.


LaTeX Warning: Citation '' on page 569 undefined on input line 956.


LaTeX Warning: Reference `tab:14-mimag' on page 1 undefined on input line 956.


LaTeX Warning: Citation 'c14-bowers2017' on page 569 undefined on input line 96
1.


LaTeX Warning: Citation 'c14-bowers2017' on page 569 undefined on input line 96
1.


LaTeX Warning: Reference `eq:14-cov' on page 1 undefined on input line 1005.


Overfull \hbox (5.70332pt too wide) in paragraph at lines 1006--1007
 [][] 

LaTeX Warning: Citation 'c14-wright2007' on page 569 undefined on input line 10
23.


LaTeX Warning: Citation '' on page 569 undefined on input line 1023.


LaTeX Warning: Citation 'c14-alcock2023' on page 569 undefined on input line 10
23.


[569]

LaTeX Warning: Citation 'c14-sczyrba2017' on page 570 undefined on input line 1
027.


[570]
[571]

LaTeX Warning: Reference `eq:14-pabund' on page 1 undefined on input line 1050.



LaTeX Warning: Reference `teo:14-replicacion' on page 1 undefined on input line
 1051.


LaTeX Warning: Reference `eq:14-rare' on page 1 undefined on input line 1052.


LaTeX Warning: Reference `teo:14-rtl' on page 1 undefined on input line 1053.


LaTeX Warning: Reference `fig:14-lca' on page 1 undefined on input line 1053.


LaTeX Warning: Reference `eq:14-conf' on page 1 undefined on input line 1053.


[572]

LaTeX Warning: Reference `eq:14-pseudoF' on page 1 undefined on input line 1054
.


LaTeX Warning: Reference `eq:14-ss' on page 1 undefined on input line 1054.


Overfull \hbox (5.97267pt too wide) in paragraph at lines 1054--1055
[]\TU/fontawesomefree/solid/n/10 []\TU/LibertinusSerif(0)/m/n/10.95 Im
plemente PER-MA-NO-VA ([][]) des-de ce-ro y com-pá-re-la con []\TU/FiraMono(0)
/b/n/10 <MINTED>[]\TU/LibertinusSerif(0)/m/n/10.95 .

LaTeX Warning: Empty bibliography on input line 1058.

)
[573]
[574]
[575]
[576] (./capitulos/cap15.tex
Capítulo 15.

LaTeX Warning: Citation 'c15-anfinsen1973' on page 577 undefined on input line 
18.


LaTeX Warning: Citation '' on page 577 undefined on input line 18.


[577]

LaTeX Warning: Reference `sec:15-estructura' on page 1 undefined on input line 
32.


LaTeX Warning: Reference `sec:15-prediccion' on page 1 undefined on input line 
32.


LaTeX Warning: Reference `sec:15-docking' on page 1 undefined on input line 32.



LaTeX Warning: Reference `cap:02' on page 1 undefined on input line 32.


LaTeX Warning: Reference `cap:04' on page 1 undefined on input line 32.


[578]

LaTeX Warning: Citation 'c15-branden1999' on page 579 undefined on input line 4
5.


LaTeX Warning: Reference `fig:15-peptido' on page 1 undefined on input line 58.



[579] (./figuras/cap15/peptido.tex)
[580]

LaTeX Warning: Citation 'c15-ramachandran1963' on page 581 undefined on input l
ine 89.


LaTeX Warning: Citation '' on page 581 undefined on input line 89.


LaTeX Warning: Reference `fig:15-rama' on page 1 undefined on input line 98.


[581]
[582<./figuras/cap15/ramachandran.pdf>]

LaTeX Warning: Citation 'c15-pauling1951' on page 583 undefined on input line 1
14.


LaTeX Warning: Citation '' on page 583 undefined on input line 114.


LaTeX Warning: Citation 'c15-kendrew1958' on page 583 undefined on input line 1
17.


LaTeX Warning: Citation '' on page 583 undefined on input line 117.


[583]

LaTeX Warning: Citation 'c15-kabsch1983' on page 584 undefined on input line 12
2.


LaTeX Warning: Citation '' on page 584 undefined on input line 122.


LaTeX Warning: Reference `fig:15-rama' on page 1 undefined on input line 138.


[584]

LaTeX Warning: Reference `eq:15-fourier' on page 1 undefined on input line 175.



[585]

LaTeX Warning: Citation 'c15-kuhlbrandt2014' on page 586 undefined on input lin
e 179.


LaTeX Warning: Citation '' on page 586 undefined on input line 179.


LaTeX Warning: Citation 'c15-berman2000' on page 586 undefined on input line 20
1.


LaTeX Warning: Citation '' on page 586 undefined on input line 201.


LaTeX Warning: Citation 'c15-burley2023' on page 586 undefined on input line 20
1.


LaTeX Warning: Citation '' on page 586 undefined on input line 201.


LaTeX Warning: Reference `fig:15-pdb' on page 1 undefined on input line 219.


LaTeX Warning: Reference `cap:02' on page 1 undefined on input line 221.


[586]
[587]
[588]

LaTeX Warning: Reference `fig:15-ubq' on page 1 undefined on input line 268.


[589]
[590]

LaTeX Warning: Citation 'c15-kabsch1976' on page 591 undefined on input line 31
1.


LaTeX Warning: Citation '' on page 591 undefined on input line 311.


[591]

LaTeX Warning: Reference `fig:15-kabsch' on page 1 undefined on input line 351.


(./figuras/cap15/kabsch.tex (./figuras/cap15/kabsch_pts.tex)
(./figuras/cap15/kabsch_pts.tex) (./figuras/cap15/kabsch_pts.tex))

LaTeX Warning: Reference `fig:15-kabsch' on page 1 undefined on input line 361.



LaTeX Warning: Reference `eq:15-kabsch' on page 1 undefined on input line 366.


[592]

LaTeX Warning: Citation 'c15-zhang2004' on page 593 undefined on input line 389
.


LaTeX Warning: Citation '' on page 593 undefined on input line 389.


[593]

LaTeX Warning: Reference `cap:03' on page 1 undefined on input line 410.


[594]

LaTeX Warning: Citation 'c15-murzin1995' on page 595 undefined on input line 41
9.


LaTeX Warning: Citation '' on page 595 undefined on input line 419.


LaTeX Warning: Citation 'c15-orengo1997' on page 595 undefined on input line 41
9.


LaTeX Warning: Citation '' on page 595 undefined on input line 419.


Overfull \hbox (75.988pt too wide) in paragraph at lines 419--420
\TU/LibertinusSerif(0)/m/n/10.95 por su es-truc-tu-ra re-ve-la pa-ren-tes-cos q
ue la se-cuen-cia ya no mues-tra. [][]

LaTeX Warning: Reference `cap:03' on page 1 undefined on input line 422.


[595]
Overfull \hbox (7.6928pt too wide) in paragraph at lines 426--426
|[]\TU/SourceSansPro(2)/m/n/17 Pre-dic-ción de es-truc-tu-ra: de la ho-mo-lo-g
ía a Alpha-

LaTeX Warning: Citation 'c15-anfinsen1973' on page 596 undefined on input line 
436.


LaTeX Warning: Citation '' on page 596 undefined on input line 436.


[596]

LaTeX Warning: Citation 'c15-zwanzig1992' on page 597 undefined on input line 4
53.


LaTeX Warning: Citation '' on page 597 undefined on input line 453.


LaTeX Warning: Citation 'c15-dill1997' on page 597 undefined on input line 453.



LaTeX Warning: Citation '' on page 597 undefined on input line 453.


LaTeX Warning: Reference `fig:15-embudo' on page 1 undefined on input line 453.



Overfull \hbox (82.6357pt too wide) in paragraph at lines 453--454
[]\TU/LibertinusSerif(0)/m/n/10.95 La re-so-lu-ción es que el ple-ga-mien-to n
o es una bús-que-da alea-to-ria. [][]

LaTeX Warning: Reference `eq:15-levinthal' on page 1 undefined on input line 47
3.


LaTeX Warning: Reference `sec:15-docking' on page 1 undefined on input line 473
.


LaTeX Warning: Reference `eq:15-levinthal' on page 1 undefined on input line 47
3.


LaTeX Warning: Reference `sec:15-docking' on page 1 undefined on input line 473
.


LaTeX Warning: Citation 'c15-sali1993' on page 597 undefined on input line 481.



[597]

LaTeX Warning: Citation 'c15-moult1995' on page 598 undefined on input line 487
.


LaTeX Warning: Citation '' on page 598 undefined on input line 487.


[598]

LaTeX Warning: Reference `cap:04' on page 1 undefined on input line 502.


LaTeX Warning: Reference `fig:15-coevol' on page 1 undefined on input line 502.


(./figuras/cap15/coevolucion.tex)

LaTeX Warning: Citation 'c15-morcos2011' on page 599 undefined on input line 52
1.


LaTeX Warning: Citation '' on page 599 undefined on input line 521.


[599]
[600]

LaTeX Warning: Reference `eq:15-potts' on page 1 undefined on input line 535.


LaTeX Warning: Citation 'c15-kryshtafovych2021' on page 601 undefined on input 
line 540.


LaTeX Warning: Citation 'c15-jumper2021' on page 601 undefined on input line 54
0.


LaTeX Warning: Citation '' on page 601 undefined on input line 540.


LaTeX Warning: Reference `fig:15-af2' on page 1 undefined on input line 542.

(./figuras/cap15/alphafold.tex)

LaTeX Warning: Citation 'c15-jumper2021' on page 601 undefined on input line 54
7.


LaTeX Warning: Citation 'c15-jumper2021' on page 601 undefined on input line 54
7.


LaTeX Warning: Reference `cap:04' on page 1 undefined on input line 551.


[601]
[602]

LaTeX Warning: Citation 'c15-jumper2021' on page 603 undefined on input line 56
6.


LaTeX Warning: Citation '' on page 603 undefined on input line 566.


[603]

LaTeX Warning: Citation 'c15-mariani2013' on page 604 undefined on input line 5
77.


[604]

LaTeX Warning: Reference `fig:15-plddt' on page 1 undefined on input line 617.


LaTeX Warning: Reference `fig:15-pae' on page 1 undefined on input line 619.


[605]
[606<./figuras/cap15/pae_p53.pdf>]

LaTeX Warning: Citation 'c15-varadi2022' on page 607 undefined on input line 65
2.


LaTeX Warning: Citation '' on page 607 undefined on input line 652.


LaTeX Warning: Citation 'c15-burley2023' on page 607 undefined on input line 65
2.


Overfull \hbox (55.34003pt too wide) in paragraph at lines 652--653
\TU/LibertinusSerif(0)/m/n/10.95 de-los pa-ra pro-teo-mas com-ple-tos y los ofr
e-cie-ron gra-tui-ta-men-te. [][]

LaTeX Warning: Citation 'c15-baek2021' on page 607 undefined on input line 654.



LaTeX Warning: Citation '' on page 607 undefined on input line 654.


LaTeX Warning: Citation 'c15-lin2023' on page 607 undefined on input line 656.


LaTeX Warning: Citation '' on page 607 undefined on input line 656.


Overfull \hbox (43.42462pt too wide) in paragraph at lines 656--657
\TU/LibertinusSerif(0)/m/n/10.95 truc-ción es len-ta y que fa-lla pa-ra pro-te
í-nas con po-cos ho-mó-lo-gos. [][]

[607]

LaTeX Warning: Citation 'c15-abramson2024' on page 608 undefined on input line 
658.


LaTeX Warning: Citation '' on page 608 undefined on input line 658.


LaTeX Warning: Reference `sec:15-docking' on page 1 undefined on input line 658
.


LaTeX Warning: Citation 'c15-mirdita2022' on page 608 undefined on input line 6
60.


LaTeX Warning: Citation '' on page 608 undefined on input line 660.


Overfull \hbox (2.21663pt too wide) in paragraph at lines 660--661
[] []\TU/SourceSansPro(0)/b/n/10 Co-lab-Fold.[] [][] \TU/LibertinusSerif(0)/m/n
/10.95 hi-cie-ron Alpha-Fold󰀫 ac-ce-si-ble a cual-

LaTeX Warning: Citation 'c15-kryshtafovych2021' on page 608 undefined on input 
line 689.


[608]

LaTeX Warning: Citation 'c15-kuntz1982' on page 609 undefined on input line 707
.


LaTeX Warning: Citation '' on page 609 undefined on input line 707.


[609] (./figuras/cap15/docking_esquema.tex)
[610]

LaTeX Warning: Citation 'c15-trott2010' on page 611 undefined on input line 739
.


LaTeX Warning: Citation '' on page 611 undefined on input line 739.


[611]
Overfull \hbox (8.6793pt too wide) detected at line 752
[][][][][][]

LaTeX Warning: Reference `eq:15-vina' on page 1 undefined on input line 765.


LaTeX Warning: Reference `eq:15-vina' on page 1 undefined on input line 785.


LaTeX Warning: Reference `eq:15-vina' on page 1 undefined on input line 785.


LaTeX Warning: Reference `fig:15-vina' on page 1 undefined on input line 789.


[612]

LaTeX Warning: Reference `eq:15-vinarot' on page 1 undefined on input line 792.



[613]

LaTeX Warning: Citation 'c15-trott2010' on page 614 undefined on input line 805
.


LaTeX Warning: Citation '' on page 614 undefined on input line 805.


LaTeX Warning: Citation 'c15-eberhardt2021' on page 614 undefined on input line
 812.


[614]

LaTeX Warning: Reference `fig:15-embudo' on page 1 undefined on input line 831.



[615]
[616]

LaTeX Warning: Reference `ej:15-vina' on page 1 undefined on input line 894.


LaTeX Warning: Citation 'c15-corso2023' on page 617 undefined on input line 898
.


LaTeX Warning: Citation '' on page 617 undefined on input line 898.


LaTeX Warning: Citation 'c15-abramson2024' on page 617 undefined on input line 
898.


Overfull \hbox (25.15038pt too wide) in paragraph at lines 898--899
[]\TU/LibertinusSerif(0)/m/n/10.95 El apren-di-za-je pro-fun-do tam-bién ha ll
e-ga-do al \TU/LibertinusSerif(0)/m/it/10.95 doc-king\TU/LibertinusSerif(0)/m/n
/10.95 . [][]

Overfull \hbox (15.38777pt too wide) in paragraph at lines 906--907
[]\TU/LibertinusSerif(0)/m/n/10.95 ¿Hay evi-den-cia ex-pe-ri-men-tal in-de-pen
-dien-te (mu-ta-gé-ne-sis, re-la-ción estructura-

[617]
[618]

LaTeX Warning: Reference `eq:15-bfactor' on page 1 undefined on input line 927.



LaTeX Warning: Reference `eq:15-tmscore' on page 1 undefined on input line 930.



LaTeX Warning: Reference `eq:15-vinarot' on page 1 undefined on input line 932.



LaTeX Warning: Reference `eq:15-vina' on page 1 undefined on input line 932.


LaTeX Warning: Reference `eq:15-dsup' on page 1 undefined on input line 932.


[619]

LaTeX Warning: Empty bibliography on input line 936.

)
[620] (./capitulos/cap16.tex
Capítulo 16.

LaTeX Warning: Citation 'c16-milo2002' on page 621 undefined on input line 6.


LaTeX Warning: Citation '' on page 621 undefined on input line 6.


Overfull \hbox (4.60838pt too wide) in paragraph at lines 12--13
[]\TU/SourceSansPro(0)/m/n/10 De-ri-var las pro-pie-da-des de los mo-de-los de 
Erdős-Rényi, Watts-Strogatz y Barabási-

[621]

LaTeX Warning: Reference `cap:11' on page 1 undefined on input line 19.


LaTeX Warning: Reference `sec:16-ppi' on page 1 undefined on input line 21.


LaTeX Warning: Reference `sec:16-grn' on page 1 undefined on input line 21.


LaTeX Warning: Citation 'c16-barabasi2004' on page 622 undefined on input line 
21.


LaTeX Warning: Citation '' on page 622 undefined on input line 21.


[622]
[623]
[624]

LaTeX Warning: Reference `eq:16-adj' on page 1 undefined on input line 120.


LaTeX Warning: Reference `ej:16-modularidad' on page 1 undefined on input line 
120.


LaTeX Warning: Reference `eq:16-adj' on page 1 undefined on input line 120.


LaTeX Warning: Reference `ej:16-modularidad' on page 1 undefined on input line 
120.


LaTeX Warning: Reference `fig:16-grafo' on page 1 undefined on input line 125.


[625]

LaTeX Warning: Citation 'c16-uetz2000' on page 626 undefined on input line 139.



LaTeX Warning: Citation '' on page 626 undefined on input line 139.


LaTeX Warning: Citation 'c16-ito2001' on page 626 undefined on input line 139.


LaTeX Warning: Citation '' on page 626 undefined on input line 139.


LaTeX Warning: Citation 'c16-gavin2002' on page 626 undefined on input line 141
.


LaTeX Warning: Citation '' on page 626 undefined on input line 141.


LaTeX Warning: Reference `fig:16-metodos' on page 1 undefined on input line 141
.


Package pgf Warning: Returning node center instead of a point on node border. D
id you specify a point identical to the center of node ``t''? on input line 177
.


Package pgf Warning: Returning node center instead of a point on node border. D
id you specify a point identical to the center of node ``t''? on input line 177
.


Package pgf Warning: Returning node center instead of a point on node border. D
id you specify a point identical to the center of node ``t1''? on input line 17
7.


Package pgf Warning: Returning node center instead of a point on node border. D
id you specify a point identical to the center of node ``t1''? on input line 17
7.


Package pgf Warning: Returning node center instead of a point on node border. D
id you specify a point identical to the center of node ``t2''? on input line 17
7.


Package pgf Warning: Returning node center instead of a point on node border. D
id you specify a point identical to the center of node ``t2''? on input line 17
7.


Package pgf Warning: Returning node center instead of a point on node border. D
id you specify a point identical to the center of node ``t3''? on input line 17
7.


Package pgf Warning: Returning node center instead of a point on node border. D
id you specify a point identical to the center of node ``t3''? on input line 17
7.


Package pgf Warning: Returning node center instead of a point on node border. D
id you specify a point identical to the center of node ``t4''? on input line 17
7.


Package pgf Warning: Returning node center instead of a point on node border. D
id you specify a point identical to the center of node ``t4''? on input line 17
7.


Package pgf Warning: Returning node center instead of a point on node border. D
id you specify a point identical to the center of node ``t5''? on input line 17
7.


Package pgf Warning: Returning node center instead of a point on node border. D
id you specify a point identical to the center of node ``t5''? on input line 17
7.


[626]

LaTeX Warning: Citation 'c16-vonmering2002' on page 627 undefined on input line
 188.


LaTeX Warning: Citation '' on page 627 undefined on input line 188.


[627]

LaTeX Warning: Reference `eq:16-combinada' on page 1 undefined on input line 19
8.


LaTeX Warning: Citation 'c16-szklarczyk2023' on page 628 undefined on input lin
e 198.


LaTeX Warning: Citation 'c16-oughtred2021' on page 628 undefined on input line 
198.


[628]

LaTeX Warning: Citation 'c16-watts1998' on page 629 undefined on input line 218
.


LaTeX Warning: Citation '' on page 629 undefined on input line 218.


LaTeX Warning: Reference `fig:16-ws' on page 1 undefined on input line 218.


LaTeX Warning: Citation 'c16-barabasi1999' on page 629 undefined on input line 
239.


LaTeX Warning: Citation '' on page 629 undefined on input line 239.


[629]
[630]

LaTeX Warning: Reference `eq:16-ba' on page 1 undefined on input line 287.


LaTeX Warning: Reference `eq:16-ba' on page 1 undefined on input line 287.


LaTeX Warning: Reference `fig:16-grado' on page 1 undefined on input line 291.


LaTeX Warning: Citation 'c16-broido2019' on page 631 undefined on input line 29
4.


LaTeX Warning: Citation '' on page 631 undefined on input line 294.


[631]

LaTeX Warning: Citation 'c16-jeong2001' on page 632 undefined on input line 299
.


LaTeX Warning: Citation '' on page 632 undefined on input line 299.


Overfull \hbox (92.10316pt too wide) in paragraph at lines 299--300
[]\TU/LibertinusSerif(0)/m/n/10.95 Si la to-po-lo-gía im-por-ta, las pro-teí-
nas cen-tra-les de-be-rían ser es-pe-cia-les. [][]

[632]

LaTeX Warning: Citation 'c16-barabasi2011' on page 633 undefined on input line 
301.


LaTeX Warning: Citation '' on page 633 undefined on input line 301.


Overfull \hbox (61.09912pt too wide) in paragraph at lines 301--302
[]\TU/LibertinusSerif(0)/m/n/10.95 La \TU/LibertinusSerif(0)/m/it/10.95 me-di-c
i-na de re-des \TU/LibertinusSerif(0)/m/n/10.95 lle-va es-ta idea a la en-fer-m
e-dad hu-ma-na. [][]

LaTeX Warning: Citation 'c16-girvan2002' on page 633 undefined on input line 30
9.


LaTeX Warning: Citation '' on page 633 undefined on input line 309.


[633]

LaTeX Warning: Citation 'c16-newman2006' on page 634 undefined on input line 32
4.


LaTeX Warning: Citation '' on page 634 undefined on input line 324.


LaTeX Warning: Citation 'c16-blondel2008' on page 634 undefined on input line 3
24.


LaTeX Warning: Reference `fig:16-grafo' on page 1 undefined on input line 327.


LaTeX Warning: Reference `eq:16-modularidad' on page 1 undefined on input line 
327.


LaTeX Warning: Reference `fig:16-fus3' on page 1 undefined on input line 334.


[634] (./figuras/cap16/red_fus3.tex)
Overfull \hbox (4.28581pt too wide) in paragraph at lines 349--350
 [][] 

LaTeX Warning: Reference `fig:16-fus3' on page 1 undefined on input line 355.


LaTeX Warning: Citation 'c16-hagberg2008' on page 635 undefined on input line 3
60.


LaTeX Warning: Citation 'c16-shannon2003' on page 635 undefined on input line 3
60.


[635]
[636]

LaTeX Warning: Citation 'c16-alon2019' on page 637 undefined on input line 388.



LaTeX Warning: Citation '' on page 637 undefined on input line 388.


LaTeX Warning: Citation 'c16-johnson2011' on page 637 undefined on input line 4
01.


LaTeX Warning: Citation '' on page 637 undefined on input line 401.


[637]

LaTeX Warning: Reference `fig:16-hill' on page 1 undefined on input line 425.


Overfull \hbox (9.27333pt too wide) in paragraph at lines 444--445
 [][] 

LaTeX Warning: Reference `eq:16-hill' on page 1 undefined on input line 445.


LaTeX Warning: Reference `eq:16-hill81' on page 1 undefined on input line 445.


LaTeX Warning: Reference `eq:16-hill' on page 1 undefined on input line 445.


LaTeX Warning: Reference `eq:16-hill81' on page 1 undefined on input line 445.


[638]

LaTeX Warning: Reference `eq:16-ode' on page 1 undefined on input line 462.


[639]
[640]

LaTeX Warning: Citation 'c16-rosenfeld2002' on page 641 undefined on input line
 492.


LaTeX Warning: Citation '' on page 641 undefined on input line 492.


LaTeX Warning: Reference `eq:16-sol' on page 1 undefined on input line 509.


LaTeX Warning: Reference `eq:16-nar' on page 1 undefined on input line 509.


LaTeX Warning: Reference `eq:16-sol' on page 1 undefined on input line 509.


LaTeX Warning: Reference `eq:16-nar' on page 1 undefined on input line 509.


LaTeX Warning: Citation 'c16-milo2002' on page 641 undefined on input line 515.



LaTeX Warning: Citation '' on page 641 undefined on input line 515.


Overfull \hbox (28.48062pt too wide) in paragraph at lines 515--516
[]\TU/LibertinusSerif(0)/m/n/10.95 ¿Hay pa-tro-nes que se re-pi-ten en las re-
des de re-gu-la-ción? [][]

[641]

LaTeX Warning: Citation 'c16-shenorr2002' on page 642 undefined on input line 5
24.


LaTeX Warning: Citation '' on page 642 undefined on input line 524.


LaTeX Warning: Citation 'c16-alon2007' on page 642 undefined on input line 524.



LaTeX Warning: Citation '' on page 642 undefined on input line 524.


LaTeX Warning: Reference `fig:16-motivos' on page 1 undefined on input line 524
.


Overfull \hbox (11.38588pt too wide) in paragraph at lines 568--569
 [][] 

LaTeX Warning: Reference `fig:16-nar' on page 1 undefined on input line 569.


LaTeX Warning: Reference `fig:16-ffl' on page 1 undefined on input line 569.


LaTeX Warning: Reference `fig:16-toggle' on page 1 undefined on input line 569.



LaTeX Warning: Reference `fig:16-repr' on page 1 undefined on input line 569.


LaTeX Warning: Reference `fig:16-nar' on page 1 undefined on input line 569.


LaTeX Warning: Reference `fig:16-ffl' on page 1 undefined on input line 569.


LaTeX Warning: Reference `fig:16-toggle' on page 1 undefined on input line 569.



LaTeX Warning: Reference `fig:16-repr' on page 1 undefined on input line 569.


LaTeX Warning: Citation 'c16-mangan2003' on page 642 undefined on input line 57
5.


LaTeX Warning: Citation '' on page 642 undefined on input line 575.


[642]

LaTeX Warning: Reference `fig:16-ffl' on page 1 undefined on input line 587.


Overfull \hbox (7.92046pt too wide) in paragraph at lines 609--610
 [][] 

LaTeX Warning: Reference `eq:16-ffl' on page 1 undefined on input line 610.


LaTeX Warning: Reference `eq:16-ffl' on page 1 undefined on input line 610.


LaTeX Warning: Citation 'c16-gardner2000' on page 643 undefined on input line 6
16.


LaTeX Warning: Citation '' on page 643 undefined on input line 616.


[643]

LaTeX Warning: Reference `eq:16-toggle' on page 1 undefined on input line 628.


[644]

LaTeX Warning: Reference `eq:16-toggle' on page 1 undefined on input line 644.


[645]

LaTeX Warning: Reference `eq:16-toggle' on page 1 undefined on input line 693.


LaTeX Warning: Reference `eq:16-toggle' on page 1 undefined on input line 693.


LaTeX Warning: Citation 'c16-elowitz2000' on page 646 undefined on input line 7
17.


LaTeX Warning: Citation '' on page 646 undefined on input line 717.


Overfull \hbox (65.07498pt too wide) in paragraph at lines 717--718
[]\TU/LibertinusSerif(0)/m/n/10.95 En el mis-mo nú-me-ro de \TU/LibertinusSeri
f(0)/m/it/10.95 Na-tu-re \TU/LibertinusSerif(0)/m/n/10.95 en que apa-re-ció el
 in-te-rrup-tor, [][]

[646]

LaTeX Warning: Reference `eq:16-repr' on page 1 undefined on input line 730.


[647]

LaTeX Warning: Reference `eq:16-repr' on page 1 undefined on input line 739.


LaTeX Warning: Reference `eq:16-hopf' on page 1 undefined on input line 748.


Overfull \hbox (13.77875pt too wide) in paragraph at lines 771--772
 [][] 

LaTeX Warning: Reference `eq:16-repr' on page 1 undefined on input line 772.


LaTeX Warning: Reference `eq:16-hopf' on page 1 undefined on input line 772.


LaTeX Warning: Reference `eq:16-repr' on page 1 undefined on input line 772.


LaTeX Warning: Reference `eq:16-hopf' on page 1 undefined on input line 772.


LaTeX Warning: Citation 'c16-elowitz2002' on page 648 undefined on input line 7
78.


LaTeX Warning: Citation '' on page 648 undefined on input line 778.


[648]
[649]

LaTeX Warning: Citation 'c16-gillespie1977' on page 650 undefined on input line
 791.


LaTeX Warning: Citation '' on page 650 undefined on input line 791.


Overfull \hbox (27.19722pt too wide) in paragraph at lines 791--792
\TU/LibertinusSerif(0)/m/n/10.95 re-sol-ver, pe-ro sí se pue-den ge-ne-rar tra
-yec-to-rias exac-tas. [][]

Overfull \hbox (1.35205pt too wide) in paragraph at lines 840--841
 [][] 

LaTeX Warning: Reference `eq:16-gillespie' on page 1 undefined on input line 84
1.


LaTeX Warning: Reference `eq:16-cme' on page 1 undefined on input line 841.


LaTeX Warning: Reference `eq:16-gillespie' on page 1 undefined on input line 84
1.


LaTeX Warning: Reference `eq:16-cme' on page 1 undefined on input line 841.


LaTeX Warning: Reference `fig:16-toggle' on page 1 undefined on input line 846.



[650]

LaTeX Warning: Reference `cap:11' on page 1 undefined on input line 851.


LaTeX Warning: Citation 'c16-huynhthu2010' on page 651 undefined on input line 
853.


LaTeX Warning: Citation '' on page 651 undefined on input line 853.


[651]

LaTeX Warning: Reference `fig:16-pr' on page 1 undefined on input line 883.


LaTeX Warning: Citation 'c16-marbach2012' on page 652 undefined on input line 9
02.


LaTeX Warning: Citation '' on page 652 undefined on input line 902.


LaTeX Warning: Reference `cap:04' on page 1 undefined on input line 905.


[652]
Overfull \hbox (0.113pt too wide) in paragraph at lines 909--910
 \TU/SourceSansPro(0)/m/n/12 La to-po-lo-gía di-ce qué \TU/SourceSansPro(0)/m
/it/12 pue-de \TU/SourceSansPro(0)/m/n/12 ha-cer un cir-cui-to; los pa-rá-me-t
ros 

[653]

LaTeX Warning: Reference `fig:16-grafo' on page 1 undefined on input line 926.


[654]

LaTeX Warning: Reference `fig:16-grado' on page 1 undefined on input line 929.


LaTeX Warning: Reference `eq:16-narest' on page 1 undefined on input line 931.


LaTeX Warning: Reference `eq:16-nar' on page 1 undefined on input line 931.


LaTeX Warning: Reference `eq:16-ffl' on page 1 undefined on input line 932.


LaTeX Warning: Reference `ej:16-toggle' on page 1 undefined on input line 933.


LaTeX Warning: Reference `eq:16-hopf' on page 1 undefined on input line 934.


LaTeX Warning: Reference `fig:16-repr' on page 1 undefined on input line 934.


[655]

LaTeX Warning: Empty bibliography on input line 938.

)
[656] (./capitulos/cap17.tex
Capítulo 17.

LaTeX Warning: Citation 'c17-box1976' on page 657 undefined on input line 11.


LaTeX Warning: Citation '' on page 657 undefined on input line 11.


[657]

LaTeX Warning: Citation 'c17-lecun2015' on page 658 undefined on input line 23.



LaTeX Warning: Citation 'c17-greener2022' on page 658 undefined on input line 2
3.


LaTeX Warning: Citation 'c17-hastie2009' on page 658 undefined on input line 25
.


LaTeX Warning: Citation '' on page 658 undefined on input line 25.


LaTeX Warning: Reference `sec:17-clasico' on page 1 undefined on input line 27.



LaTeX Warning: Reference `sec:17-dl' on page 1 undefined on input line 27.


LaTeX Warning: Reference `sec:17-plm' on page 1 undefined on input line 27.


[658]
[659]

LaTeX Warning: Reference `def:17-supervisado' on page 1 undefined on input line
 58.


LaTeX Warning: Citation 'c17-greener2022' on page 660 undefined on input line 5
8.


LaTeX Warning: Citation '' on page 660 undefined on input line 58.


LaTeX Warning: Reference `sec:17-dl' on page 1 undefined on input line 75.


[660]

LaTeX Warning: Reference `fig:17-onehot' on page 1 undefined on input line 88.

(./figuras/cap17/onehot_kmer.tex)

LaTeX Warning: Reference `eq:17-onehot' on page 1 undefined on input line 93.


LaTeX Warning: Reference `eq:17-espectro' on page 1 undefined on input line 93.



LaTeX Warning: Reference `eq:17-onehot' on page 1 undefined on input line 93.


LaTeX Warning: Reference `eq:17-espectro' on page 1 undefined on input line 93.



LaTeX Warning: Citation 'c17-leslie2002' on page 661 undefined on input line 97
.


LaTeX Warning: Citation '' on page 661 undefined on input line 97.


[661]

LaTeX Warning: Citation 'c17-leslie2002' on page 662 undefined on input line 10
9.


[662]

LaTeX Warning: Reference `cap:03' on page 1 undefined on input line 133.


LaTeX Warning: Reference `cap:04' on page 1 undefined on input line 133.


LaTeX Warning: Reference `eq:17-entropia' on page 1 undefined on input line 145
.


LaTeX Warning: Reference `eq:17-entropia' on page 1 undefined on input line 152
.


[663]

LaTeX Warning: Reference `eq:17-gradiente' on page 1 undefined on input line 17
8.


[664]

LaTeX Warning: Citation 'c17-cortes1995' on page 665 undefined on input line 18
9.


LaTeX Warning: Citation '' on page 665 undefined on input line 189.


LaTeX Warning: Reference `eq:17-svm' on page 1 undefined on input line 203.


[665]

LaTeX Warning: Reference `eq:17-dual' on page 1 undefined on input line 214.


LaTeX Warning: Reference `eq:17-kernel' on page 1 undefined on input line 214.


LaTeX Warning: Reference `fig:17-frontera' on page 1 undefined on input line 21
4.


LaTeX Warning: Citation 'c17-breiman2001' on page 666 undefined on input line 2
61.


LaTeX Warning: Citation '' on page 666 undefined on input line 261.


LaTeX Warning: Citation 'c17-hastie2009' on page 666 undefined on input line 26
1.


[666]
[667]

LaTeX Warning: Citation 'c17-breiman2001' on page 668 undefined on input line 2
73.


LaTeX Warning: Citation 'c17-hastie2009' on page 668 undefined on input line 27
7.


LaTeX Warning: Reference `fig:17-sesgovar' on page 1 undefined on input line 28
8.


LaTeX Warning: Reference `eq:17-varbosque' on page 1 undefined on input line 28
8.


[668] (./figuras/cap17/sesgo_varianza_rf.tex)

LaTeX Warning: Reference `def:17-supervisado' on page 1 undefined on input line
 318.


[669]

LaTeX Warning: Reference `eq:17-cv' on page 1 undefined on input line 329.


LaTeX Warning: Citation 'c17-jones2019' on page 670 undefined on input line 329
.


LaTeX Warning: Citation '' on page 670 undefined on input line 329.


LaTeX Warning: Citation 'c17-walsh2021' on page 670 undefined on input line 329
.


LaTeX Warning: Reference `fig:17-fuga' on page 1 undefined on input line 331.


[670]
[671]

LaTeX Warning: Citation 'c17-saito2015' on page 672 undefined on input line 400
.


LaTeX Warning: Citation '' on page 672 undefined on input line 400.


LaTeX Warning: Reference `eq:17-precision' on page 1 undefined on input line 40
3.


[672]
Overfull \hbox (7.96442pt too wide) in paragraph at lines 432--433
 [][] 

LaTeX Warning: Citation 'c17-pedregosa2011' on page 673 undefined on input line
 439.


Overfull \hbox (17.702pt too wide) in paragraph at lines 439--440
[]\TU/LibertinusSerif(0)/m/n/10.95 La bi-blio-te-ca scikit-learn ([]) ofre-ce u
na in-ter-faz uni-for-me ([]\TU/FiraMono(0)/b/n/10 <MINTED>[]\TU/LibertinusSeri
f(0)/m/n/10.95 ,

[673]

LaTeX Warning: Citation 'c17-lecun2015' on page 674 undefined on input line 473
.


LaTeX Warning: Citation 'c17-eraslan2019' on page 674 undefined on input line 4
73.


[674]

LaTeX Warning: Citation 'c17-rosenblatt1958' on page 675 undefined on input lin
e 477.


LaTeX Warning: Citation '' on page 675 undefined on input line 477.


LaTeX Warning: Reference `eq:17-logistica' on page 1 undefined on input line 47
7.


LaTeX Warning: Reference `eq:17-capas' on page 1 undefined on input line 524.


LaTeX Warning: Reference `teo:17-backprop' on page 1 undefined on input line 52
4.


LaTeX Warning: Reference `eq:17-capas' on page 1 undefined on input line 524.


LaTeX Warning: Reference `teo:17-backprop' on page 1 undefined on input line 52
4.


LaTeX Warning: Reference `eq:17-descenso' on page 1 undefined on input line 530
.


LaTeX Warning: Citation 'c17-rumelhart1986' on page 675 undefined on input line
 530.


LaTeX Warning: Citation '' on page 675 undefined on input line 530.


LaTeX Warning: Reference `fig:17-red' on page 1 undefined on input line 532.


LaTeX Warning: Reference `teo:17-gradlog' on page 1 undefined on input line 532
.


[675]
[676]

LaTeX Warning: Reference `eq:17-backprop' on page 1 undefined on input line 555
.


LaTeX Warning: Reference `eq:17-conv' on page 1 undefined on input line 572.


[677]

LaTeX Warning: Reference `cap:04' on page 1 undefined on input line 586.


LaTeX Warning: Reference `fig:17-cnn' on page 1 undefined on input line 597.


LaTeX Warning: Reference `eq:17-conv' on page 1 undefined on input line 626.


LaTeX Warning: Reference `eq:17-maxpool' on page 1 undefined on input line 633.



LaTeX Warning: Reference `eq:17-filtropwm' on page 1 undefined on input line 64
5.


[678]
[679]

LaTeX Warning: Reference `teo:17-filtropwm' on page 1 undefined on input line 6
52.


LaTeX Warning: Reference `ej:17-filtro' on page 1 undefined on input line 652.


LaTeX Warning: Reference `fig:17-filtro' on page 1 undefined on input line 679.



LaTeX Warning: Citation 'c17-alipanahi2015' on page 680 undefined on input line
 681.


LaTeX Warning: Citation 'c17-kelley2016' on page 680 undefined on input line 68
1.


LaTeX Warning: Reference `fig:17-filtro' on page 1 undefined on input line 681.


(./figuras/cap17/logo_verdadero.tex) (./figuras/cap17/logo_aprendido.tex)
(./figuras/cap17/filtro_pesos.tex)

LaTeX Warning: Reference `teo:17-filtropwm' on page 1 undefined on input line 7
10.


LaTeX Warning: Reference `teo:17-filtropwm' on page 1 undefined on input line 7
10.


LaTeX Warning: Reference `fig:17-contexto' on page 1 undefined on input line 71
6.


[680]
[681]

LaTeX Warning: Citation 'c17-alipanahi2015' on page 682 undefined on input line
 718.


LaTeX Warning: Citation 'c17-zhou2015' on page 682 undefined on input line 720.



LaTeX Warning: Citation 'c17-kelley2016' on page 682 undefined on input line 73
1.


LaTeX Warning: Citation 'c17-kelley2018' on page 682 undefined on input line 73
3.


[682]

LaTeX Warning: Citation 'c17-avsec2021' on page 683 undefined on input line 744
.


LaTeX Warning: Reference `sec:17-plm' on page 1 undefined on input line 744.


LaTeX Warning: Citation 'c17-simonyan2013' on page 683 undefined on input line 
771.


LaTeX Warning: Citation '' on page 683 undefined on input line 771.


[683]

LaTeX Warning: Reference `eq:17-filtropwm' on page 1 undefined on input line 78
1.


LaTeX Warning: Reference `eq:17-deltavar' on page 1 undefined on input line 781
.


LaTeX Warning: Citation 'c17-shrikumar2017' on page 684 undefined on input line
 783.


LaTeX Warning: Citation 'c17-shrikumar2018' on page 684 undefined on input line
 794.

(./figuras/cap17/saliencia_marca.tex) (./figuras/cap17/saliencia_letras.tex)

LaTeX Warning: Reference `fig:17-filtro' on page 1 undefined on input line 811.



LaTeX Warning: Reference `eq:17-saliencia' on page 1 undefined on input line 81
1.


LaTeX Warning: Reference `fig:17-filtro' on page 1 undefined on input line 811.



LaTeX Warning: Reference `eq:17-saliencia' on page 1 undefined on input line 81
1.


[684]
[685]

LaTeX Warning: Citation 'c17-alipanahi2015' on page 686 undefined on input line
 828.


LaTeX Warning: Citation 'c17-zhou2015' on page 686 undefined on input line 828.



LaTeX Warning: Citation 'c17-kelley2016' on page 686 undefined on input line 82
8.


LaTeX Warning: Citation 'c17-eraslan2019' on page 686 undefined on input line 8
28.


LaTeX Warning: Citation '' on page 686 undefined on input line 828.


[686]

LaTeX Warning: Reference `cap:04' on page 1 undefined on input line 840.


LaTeX Warning: Citation 'c17-vaswani2017' on page 687 undefined on input line 8
44.


[687]

LaTeX Warning: Citation 'c17-vaswani2017' on page 688 undefined on input line 8
65.


LaTeX Warning: Reference `fig:17-atencion' on page 1 undefined on input line 87
6.


[688] (./figuras/cap17/atencion_celdas.tex)

LaTeX Warning: Reference `ej:17-atencion' on page 1 undefined on input line 913
.


LaTeX Warning: Reference `ej:17-atencion' on page 1 undefined on input line 913
.


LaTeX Warning: Citation 'c17-devlin2019' on page 689 undefined on input line 91
9.


[689]

LaTeX Warning: Reference `eq:17-mlm' on page 1 undefined on input line 931.


LaTeX Warning: Reference `eq:17-entropia' on page 1 undefined on input line 931
.


LaTeX Warning: Citation 'c17-rives2021' on page 690 undefined on input line 941
.


LaTeX Warning: Citation '' on page 690 undefined on input line 941.


LaTeX Warning: Citation 'c17-lin2023' on page 690 undefined on input line 941.


LaTeX Warning: Citation '' on page 690 undefined on input line 941.


LaTeX Warning: Citation 'c17-elnaggar2022' on page 690 undefined on input line 
941.


[690]

LaTeX Warning: Citation 'c17-lin2023' on page 691 undefined on input line 981.


LaTeX Warning: Reference `fig:17-contactos' on page 1 undefined on input line 9
81.


LaTeX Warning: Citation 'c17-jumper2021' on page 691 undefined on input line 98
1.


LaTeX Warning: Reference `cap:15' on page 1 undefined on input line 981.


[691]
[692<./figuras/cap17/contactos_ubq.pdf>]

LaTeX Warning: Reference `sec:17-clasico' on page 1 undefined on input line 100
0.


LaTeX Warning: Reference `fig:17-embeddings' on page 1 undefined on input line 
1000.


LaTeX Warning: Reference `cap:12' on page 1 undefined on input line 1000.


LaTeX Warning: Reference `eq:17-pooling' on page 1 undefined on input line 1005
.


LaTeX Warning: Reference `eq:17-pooling' on page 1 undefined on input line 1005
.


LaTeX Warning: Citation 'c17-meier2021' on page 693 undefined on input line 101
1.


LaTeX Warning: Citation '' on page 693 undefined on input line 1011.


[693]
[694<./figuras/cap17/embeddings.pdf>]

LaTeX Warning: Reference `eq:17-llr' on page 1 undefined on input line 1022.


LaTeX Warning: Reference `cap:03' on page 1 undefined on input line 1022.


LaTeX Warning: Reference `cap:04' on page 1 undefined on input line 1022.


LaTeX Warning: Reference `fig:17-paisaje' on page 1 undefined on input line 102
2.


LaTeX Warning: Reference `eq:17-llr' on page 1 undefined on input line 1027.


LaTeX Warning: Reference `eq:17-llr' on page 1 undefined on input line 1027.


LaTeX Warning: Reference `fig:17-mlm' on page 1 undefined on input line 1032.


[695<./figuras/cap17/paisaje_ubq.pdf>]

LaTeX Warning: Citation 'c17-meier2021' on page 696 undefined on input line 103
7.


LaTeX Warning: Citation '' on page 696 undefined on input line 1037.


LaTeX Warning: Citation 'c17-brandes2023' on page 696 undefined on input line 1
037.


LaTeX Warning: Citation '' on page 696 undefined on input line 1037.


Overfull \hbox (101.69551pt too wide) in paragraph at lines 1037--1038
\TU/LibertinusSerif(0)/m/n/10.95 com-pi-te con los mo-de-los en-tre-na-dos es-p
e-cí-fi-ca-men-te pa-ra ca-da fa-mi-lia, y [][]

LaTeX Warning: Reference `eq:17-mlm' on page 1 undefined on input line 1065.


LaTeX Warning: Reference `eq:17-llr' on page 1 undefined on input line 1065.


[696]

LaTeX Warning: Reference `fig:17-fuga' on page 1 undefined on input line 1073.


LaTeX Warning: Citation 'c17-walsh2021' on page 697 undefined on input line 107
3.


LaTeX Warning: Citation 'c17-vaswani2017' on page 697 undefined on input line 1
081.


LaTeX Warning: Citation 'c17-devlin2019' on page 697 undefined on input line 10
81.


LaTeX Warning: Citation 'c17-rives2021' on page 697 undefined on input line 108
1.


LaTeX Warning: Citation '' on page 697 undefined on input line 1081.


LaTeX Warning: Citation 'c17-lin2023' on page 697 undefined on input line 1081.



[697]

LaTeX Warning: Reference `eq:17-riesgo' on page 1 undefined on input line 1090.



[698]

LaTeX Warning: Reference `eq:17-precision' on page 1 undefined on input line 11
02.


LaTeX Warning: Reference `fig:17-fuga' on page 1 undefined on input line 1103.


LaTeX Warning: Reference `eq:17-entropia' on page 1 undefined on input line 110
4.


LaTeX Warning: Reference `ej:17-paso' on page 1 undefined on input line 1105.


LaTeX Warning: Reference `fig:17-sesgovar' on page 1 undefined on input line 11
06.


LaTeX Warning: Reference `eq:17-varbosque' on page 1 undefined on input line 11
06.


[699]

LaTeX Warning: Reference `sec:17-dl' on page 1 undefined on input line 1108.


LaTeX Warning: Reference `fig:17-contactos' on page 1 undefined on input line 1
110.


LaTeX Warning: Empty bibliography on input line 1113.

)
[700] (./capitulos/cap18.tex
Capítulo 18.
(./figuras/cap18/amdahl.tex)

LaTeX Warning: Citation 'c18-buckheit1995' on page 701 undefined on input line 
29.


LaTeX Warning: Citation '' on page 701 undefined on input line 29.


[701]

LaTeX Warning: Reference `cap:00' on page 1 undefined on input line 41.


LaTeX Warning: Reference `cap:06' on page 1 undefined on input line 41.


LaTeX Warning: Reference `cap:09' on page 1 undefined on input line 41.


LaTeX Warning: Reference `cap:05' on page 1 undefined on input line 41.


LaTeX Warning: Reference `cap:11' on page 1 undefined on input line 41.


LaTeX Warning: Reference `sec:18-flujos' on page 1 undefined on input line 43.


LaTeX Warning: Reference `sec:18-proyecto' on page 1 undefined on input line 43
.


LaTeX Warning: Citation 'c18-wratten2021' on page 702 undefined on input line 4
3.


LaTeX Warning: Citation '' on page 702 undefined on input line 43.


LaTeX Warning: Citation 'c18-sandve2013' on page 702 undefined on input line 43
.


LaTeX Warning: Citation '' on page 702 undefined on input line 43.


LaTeX Warning: Citation 'c18-wilson2017' on page 702 undefined on input line 43
.


LaTeX Warning: Citation '' on page 702 undefined on input line 43.


Overfull \hbox (1.30489pt too wide) in paragraph at lines 43--44
\TU/LibertinusSerif(0)/m/n/10.95 las ``re-glas'' de [][] y [][]

[702]

LaTeX Warning: Reference `cap:06' on page 1 undefined on input line 56.


LaTeX Warning: Reference `cap:09' on page 1 undefined on input line 56.


LaTeX Warning: Citation 'c18-wratten2021' on page 703 undefined on input line 6
5.


[703]

LaTeX Warning: Reference `fig:18-dag' on page 1 undefined on input line 83.

(./figuras/cap18/dag.tex)
Overfull \hbox (0.53105pt too wide) in paragraph at lines 89--90
 [][] 

LaTeX Warning: Reference `sec:18-snakemake' on page 1 undefined on input line 9
0.


LaTeX Warning: Reference `sec:18-snakemake' on page 1 undefined on input line 9
0.


LaTeX Warning: Reference `eq:18-topo' on page 1 undefined on input line 100.


LaTeX Warning: Reference `eq:18-topo' on page 1 undefined on input line 100.


[704]

LaTeX Warning: Citation 'c18-kahn1962' on page 705 undefined on input line 102.



LaTeX Warning: Citation '' on page 705 undefined on input line 102.


[705]

LaTeX Warning: Reference `eq:18-topo' on page 1 undefined on input line 115.


[706] (./figuras/cap18/kahn_tabla.tex)

LaTeX Warning: Reference `fig:18-dag' on page 1 undefined on input line 136.


LaTeX Warning: Reference `fig:18-dag' on page 1 undefined on input line 136.


LaTeX Warning: Reference `fig:18-kahn' on page 1 undefined on input line 143.


LaTeX Warning: Reference `fig:18-dag' on page 1 undefined on input line 143.


LaTeX Warning: Reference `sec:18-paralelo' on page 1 undefined on input line 14
3.


LaTeX Warning: Citation 'c18-feldman1979' on page 707 undefined on input line 1
72.


LaTeX Warning: Citation '' on page 707 undefined on input line 172.


[707]
[708]

LaTeX Warning: Reference `fig:18-dag' on page 1 undefined on input line 187.


LaTeX Warning: Citation 'c18-feldman1979' on page 709 undefined on input line 1
90.


LaTeX Warning: Citation 'c18-koster2012' on page 709 undefined on input line 19
5.


LaTeX Warning: Citation 'c18-molder2021' on page 709 undefined on input line 19
5.


LaTeX Warning: Citation '' on page 709 undefined on input line 195.


[709]

LaTeX Warning: Reference `fig:18-dag' on page 1 undefined on input line 209.


[710]

LaTeX Warning: Reference `fig:18-dag' on page 1 undefined on input line 260.


LaTeX Warning: Reference `cap:06' on page 1 undefined on input line 260.


LaTeX Warning: Reference `cap:07' on page 1 undefined on input line 260.


LaTeX Warning: Reference `cap:09' on page 1 undefined on input line 260.


LaTeX Warning: Reference `cap:05' on page 1 undefined on input line 260.


[711]

LaTeX Warning: Citation 'c18-ditommaso2017' on page 712 undefined on input line
 429.


LaTeX Warning: Reference `eq:18-disparos' on page 1 undefined on input line 445
.


LaTeX Warning: Reference `fig:18-canales' on page 1 undefined on input line 445
.


[712]
Overfull \hbox (0.96196pt too wide) in paragraph at lines 494--495
 [][] 

LaTeX Warning: Reference `fig:18-dag' on page 1 undefined on input line 495.


LaTeX Warning: Reference `fig:18-dag' on page 1 undefined on input line 495.


[713]

LaTeX Warning: Citation 'c18-ewels2020' on page 714 undefined on input line 682
.


LaTeX Warning: Citation 'c18-crusoe2022' on page 714 undefined on input line 68
2.


LaTeX Warning: Reference `tab:18-gestores' on page 1 undefined on input line 68
2.


LaTeX Warning: Citation 'c18-wratten2021' on page 714 undefined on input line 6
87.


LaTeX Warning: Citation '' on page 714 undefined on input line 687.


LaTeX Warning: Citation 'c18-wratten2021' on page 714 undefined on input line 6
87.


LaTeX Warning: Citation '' on page 714 undefined on input line 687.


LaTeX Warning: Citation 'c18-ditommaso2017' on page 714 undefined on input line
 706.


LaTeX Warning: Citation '' on page 714 undefined on input line 706.


LaTeX Warning: Citation 'c18-gruning2018practical' on page 714 undefined on inp
ut line 706.


LaTeX Warning: Citation '' on page 714 undefined on input line 706.


[714]

LaTeX Warning: Citation 'c18-gruning2018bioconda' on page 715 undefined on inpu
t line 708.


Overfull \hbox (66.5104pt too wide) in paragraph at lines 708--709
\TU/LibertinusSerif(0)/m/n/10.95 den-cias en un en-torno ais-la-do, sin per-mi-
sos de ad-mi-nis-tra-dor. Bio-con-da ([])

[715]

LaTeX Warning: Citation 'c18-kurtzer2017' on page 716 undefined on input line 7
21.


LaTeX Warning: Citation 'c18-daveiga2017' on page 716 undefined on input line 7
21.


LaTeX Warning: Reference `eq:18-make' on page 1 undefined on input line 729.


[716]

LaTeX Warning: Reference `eq:18-hash' on page 1 undefined on input line 747.


LaTeX Warning: Reference `eq:18-make' on page 1 undefined on input line 747.


[717]
[718]

LaTeX Warning: Reference `eq:18-cotas' on page 1 undefined on input line 814.


LaTeX Warning: Citation 'c18-amdahl1967' on page 719 undefined on input line 82
9.


LaTeX Warning: Citation '' on page 719 undefined on input line 829.


LaTeX Warning: Citation 'c18-gustafson1988' on page 719 undefined on input line
 829.


LaTeX Warning: Citation '' on page 719 undefined on input line 829.


LaTeX Warning: Citation 'c18-karp1990' on page 719 undefined on input line 833.



LaTeX Warning: Citation '' on page 719 undefined on input line 833.


[719]

LaTeX Warning: Reference `fig:18-dag' on page 1 undefined on input line 840.


LaTeX Warning: Reference `fig:18-amdahl' on page 1 undefined on input line 844.



LaTeX Warning: Reference `eq:18-amdahl' on page 1 undefined on input line 871.


LaTeX Warning: Reference `eq:18-amdahl' on page 1 undefined on input line 871.


[720]

LaTeX Warning: Reference `fig:18-amdahl' on page 1 undefined on input line 880.



LaTeX Warning: Reference `eq:18-cotas' on page 1 undefined on input line 880.


[721]

LaTeX Warning: Citation 'c18-sandve2013' on page 722 undefined on input line 88
5.


LaTeX Warning: Citation '' on page 722 undefined on input line 885.


LaTeX Warning: Citation 'c18-wilson2017' on page 722 undefined on input line 88
5.


LaTeX Warning: Citation '' on page 722 undefined on input line 885.


LaTeX Warning: Citation 'c18-wilkinson2016' on page 722 undefined on input line
 887.


[722]

LaTeX Warning: Reference `tab:18-opciones' on page 1 undefined on input line 90
0.


LaTeX Warning: Reference `fig:18-dag' on page 1 undefined on input line 903.


LaTeX Warning: Citation 'c18-hadfield2018' on page 723 undefined on input line 
903.


LaTeX Warning: Reference `cap:11' on page 1 undefined on input line 904.


LaTeX Warning: Reference `cap:06' on page 1 undefined on input line 923.


LaTeX Warning: Reference `cap:06' on page 1 undefined on input line 923.


LaTeX Warning: Reference `cap:07' on page 1 undefined on input line 923.


LaTeX Warning: Reference `cap:11' on page 1 undefined on input line 923.


LaTeX Warning: Reference `cap:09' on page 1 undefined on input line 923.


LaTeX Warning: Reference `cap:11' on page 1 undefined on input line 923.


LaTeX Warning: Reference `cap:09' on page 1 undefined on input line 923.


LaTeX Warning: Reference `cap:11' on page 1 undefined on input line 923.


LaTeX Warning: Reference `cap:05' on page 1 undefined on input line 923.


LaTeX Warning: Reference `cap:06' on page 1 undefined on input line 926.


LaTeX Warning: Reference `ej:18-amdahl' on page 1 undefined on input line 929.


[723]

LaTeX Warning: Citation 'c18-noble2009' on page 724 undefined on input line 934
.


LaTeX Warning: Citation '' on page 724 undefined on input line 934.


LaTeX Warning: Reference `fig:18-arbol' on page 1 undefined on input line 934.


[724]

LaTeX Warning: Reference `sec:18-snakemake' on page 1 undefined on input line 9
59.


LaTeX Warning: Citation 'c18-noble2009' on page 725 undefined on input line 965
.


LaTeX Warning: Citation '' on page 725 undefined on input line 965.


LaTeX Warning: Citation 'c18-noble2009' on page 725 undefined on input line 965
.


LaTeX Warning: Citation '' on page 725 undefined on input line 965.


LaTeX Warning: Citation 'c18-peng2011' on page 725 undefined on input line 971.



LaTeX Warning: Citation '' on page 725 undefined on input line 971.


LaTeX Warning: Reference `cap:00' on page 1 undefined on input line 984.


[725]

LaTeX Warning: Reference `eq:18-capas' on page 1 undefined on input line 986.


LaTeX Warning: Reference `fig:18-capas' on page 1 undefined on input line 986.


LaTeX Warning: Reference `eq:18-capas' on page 1 undefined on input line 1009.


LaTeX Warning: Reference `eq:18-capas' on page 1 undefined on input line 1009.


LaTeX Warning: Citation 'c18-gruning2018practical' on page 726 undefined on inp
ut line 1009.


LaTeX Warning: Citation '' on page 726 undefined on input line 1009.


LaTeX Warning: Reference `eq:18-capas' on page 1 undefined on input line 1009.


LaTeX Warning: Reference `eq:18-capas' on page 1 undefined on input line 1009.


LaTeX Warning: Citation 'c18-gruning2018practical' on page 726 undefined on inp
ut line 1009.


LaTeX Warning: Citation '' on page 726 undefined on input line 1009.


[726]

LaTeX Warning: Reference `cap:00' on page 1 undefined on input line 1033.


LaTeX Warning: Citation 'c18-perezriverol2016' on page 727 undefined on input l
ine 1033.


LaTeX Warning: Citation '' on page 727 undefined on input line 1033.


LaTeX Warning: Reference `fig:18-arbol' on page 1 undefined on input line 1033.



[727]

LaTeX Warning: Citation 'c18-ewels2020' on page 728 undefined on input line 103
8.


LaTeX Warning: Reference `cap:09' on page 1 undefined on input line 1039.


LaTeX Warning: Citation 'c18-rule2019' on page 728 undefined on input line 1071
.


LaTeX Warning: Citation '' on page 728 undefined on input line 1071.


LaTeX Warning: Citation 'c18-ewels2016' on page 728 undefined on input line 107
1.


LaTeX Warning: Citation 'c18-sandve2013' on page 728 undefined on input line 10
71.


LaTeX Warning: Citation '' on page 728 undefined on input line 1071.


[728]

LaTeX Warning: Citation 'c18-leinonen2011sra' on page 729 undefined on input li
ne 1075.


LaTeX Warning: Citation 'c18-leinonen2011ena' on page 729 undefined on input li
ne 1075.


LaTeX Warning: Reference `cap:02' on page 1 undefined on input line 1075.


LaTeX Warning: Reference `fig:18-sra' on page 1 undefined on input line 1075.


LaTeX Warning: Citation 'c18-wilkinson2016' on page 729 undefined on input line
 1102.


[729]

LaTeX Warning: Citation 'c18-ziemann2016' on page 730 undefined on input line 1
105.


LaTeX Warning: Citation '' on page 730 undefined on input line 1105.


Overfull \hbox (99.32242pt too wide) in paragraph at lines 1105--1106
\TU/LibertinusSerif(0)/m/it/10.95 MARCH󰀗 \TU/LibertinusSerif(0)/m/n/10.95 en
 fe-chas, e iden-ti-fi-ca-do-res lar-gos en no-ta-ción cien-tí-fi-ca. [][]

LaTeX Warning: Citation 'c18-gymrek2013' on page 730 undefined on input line 11
14.


LaTeX Warning: Citation '' on page 730 undefined on input line 1114.


LaTeX Warning: Citation 'c18-shabani2018' on page 730 undefined on input line 1
115.


[730]

LaTeX Warning: Citation 'c18-kahn1962' on page 731 undefined on input line 1122
.


LaTeX Warning: Citation '' on page 731 undefined on input line 1122.


LaTeX Warning: Reference `fig:18-cronograma' on page 1 undefined on input line 
1122.


Overfull \hbox (0.71283pt too wide) in paragraph at lines 1153--1154
 [][] 

LaTeX Warning: Reference `tab:18-rubrica' on page 1 undefined on input line 116
0.


[731]

LaTeX Warning: Reference `tab:18-rubrica' on page 1 undefined on input line 119
2.


[732]
[733]
[734]

LaTeX Warning: Reference `eq:18-make' on page 1 undefined on input line 1217.


LaTeX Warning: Reference `fig:18-dag' on page 1 undefined on input line 1217.


LaTeX Warning: Reference `cap:07' on page 1 undefined on input line 1218.


LaTeX Warning: Reference `eq:18-disparos' on page 1 undefined on input line 121
9.


LaTeX Warning: Reference `eq:18-span' on page 1 undefined on input line 1220.


LaTeX Warning: Reference `ej:18-amdahl' on page 1 undefined on input line 1220.



LaTeX Warning: Reference `eq:18-karpflatt' on page 1 undefined on input line 12
21.


LaTeX Warning: Reference `eq:18-cumple' on page 1 undefined on input line 1223.



LaTeX Warning: Reference `ej:18-presupuesto' on page 1 undefined on input line 
1224.


LaTeX Warning: Reference `tab:18-rubrica' on page 1 undefined on input line 122
4.


LaTeX Warning: Empty bibliography on input line 1227.

)
[735]
[736] (./preliminares/colofon.tex)
[737] (./build/libro/main.aux (./build/libro/capitulos/cap00.aux)
(./build/libro/capitulos/cap01.aux) (./build/libro/capitulos/cap02.aux)
(./build/libro/capitulos/cap03.aux) (./build/libro/capitulos/cap04.aux)
(./build/libro/capitulos/cap05.aux) (./build/libro/capitulos/cap06.aux)
(./build/libro/capitulos/cap07.aux) (./build/libro/capitulos/cap08.aux)
(./build/libro/capitulos/cap09.aux) (./build/libro/capitulos/cap10.aux)
(./build/libro/capitulos/cap11.aux) (./build/libro/capitulos/cap12.aux)
(./build/libro/capitulos/cap13.aux) (./build/libro/capitulos/cap14.aux)
(./build/libro/capitulos/cap15.aux) (./build/libro/capitulos/cap16.aux)
(./build/libro/capitulos/cap17.aux) (./build/libro/capitulos/cap18.aux))

LaTeX Font Warning: Some font shapes were not available, defaults substituted.


LaTeX Warning: There were undefined references.


LaTeX Warning: Label(s) may have changed. Rerun to get cross-references right.


Package biblatex Warning: Please (re)run Biber on the file:
(biblatex)                main
(biblatex)                and rerun LaTeX afterwards.

)
(see the transcript file for additional information)
 10312 words of node memory still in use:
   32 hlist, 2 vlist, 14 rule, 1 local_par, 5 glue, 4 kern, 1 penalty, 3 glyph,
 3013 attribute, 81 glue_spec, 1544 attribute_list, 2 write, 24 pdf_literal, 6 
pdf_action, 24 pdf_colorstack nodes
   avail lists: 1:36,2:200024,3:108593,4:15751,5:1642,6:170,7:45845,8:99,9:2254
6,10:48,11:1115
</usr/local/texlive/2025/texmf-dist/fonts/opentype/public/libertinus-fonts/Libe
rtinusSerif-SemiboldItalic.otf></usr/local/texlive/2025/texmf-dist/fonts/openty
pe/public/libertinus-fonts/LibertinusSerif-Semibold.otf></usr/local/texlive/202
5/texmf-dist/fonts/opentype/public/fira/FiraMono-Oblique.otf></usr/local/texliv
e/2025/texmf-dist/fonts/opentype/public/libertinus-fonts/LibertinusMath-Regular
.otf></usr/local/texlive/2025/texmf-dist/fonts/opentype/public/libertinus-fonts
/LibertinusSerif-Regular.otf></usr/local/texlive/2025/texmf-dist/fonts/opentype
/public/libertinus-fonts/LibertinusMath-Regular.otf></usr/local/texlive/2025/te
xmf-dist/fonts/opentype/adobe/sourcesanspro/SourceSansPro-ExtraLight.otf></usr/
local/texlive/2025/texmf-dist/fonts/opentype/public/libertinus-fonts/Libertinus
Serif-Semibold.otf></usr/local/texlive/2025/texmf-dist/fonts/opentype/public/fo
ntawesome5/FontAwesome5Brands-Regular-400.otf></usr/local/texlive/2025/texmf-di
st/fonts/opentype/public/fontawesome5/FontAwesome5Free-Solid-900.otf></usr/loca
l/texlive/2025/texmf-dist/fonts/opentype/public/fira/FiraMono-Medium.otf></usr/
local/texlive/2025/texmf-dist/fonts/opentype/adobe/sourcesanspro/SourceSansPro-
SemiboldIt.otf></usr/local/texlive/2025/texmf-dist/fonts/opentype/public/libert
inus-fonts/LibertinusSerif-Italic.otf></usr/local/texlive/2025/texmf-dist/fonts
/opentype/public/libertinus-fonts/LibertinusMath-Regular.otf></usr/local/texliv
e/2025/texmf-dist/fonts/opentype/public/libertinus-fonts/LibertinusSerif-Regula
r.otf></usr/local/texlive/2025/texmf-dist/fonts/opentype/public/fira/FiraMono-R
egular.otf></usr/local/texlive/2025/texmf-dist/fonts/opentype/adobe/sourcesansp
ro/SourceSansPro-RegularIt.otf></usr/local/texlive/2025/texmf-dist/fonts/openty
pe/adobe/sourcesanspro/SourceSansPro-Regular.otf></usr/local/texlive/2025/texmf
-dist/fonts/opentype/adobe/sourcesanspro/SourceSansPro-LightIt.otf></usr/local/
texlive/2025/texmf-dist/fonts/opentype/adobe/sourcesanspro/SourceSansPro-Black.
otf></usr/local/texlive/2025/texmf-dist/fonts/opentype/adobe/sourcesanspro/Sour
ceSansPro-Light.otf></usr/local/texlive/2025/texmf-dist/fonts/opentype/adobe/so
urcesanspro/SourceSansPro-Semibold.otf></usr/local/texlive/2025/texmf-dist/font
s/type1/public/amsfonts/symbols/msam10.pfb></usr/local/texlive/2025/texmf-dist/
fonts/type1/public/amsfonts/symbols/msam7.pfb>
Output written on main.pdf (747 pages, 9038762 bytes).
Transcript written on main.log.
Latexmk: Getting log file 'build/libro/main.log'
Latexmk: Examining 'build/libro/main.fls'
Latexmk: Examining 'build/libro/main.log'
Latexmk: Missing bbl file 'build/libro/main.bbl' in following:
 No file main.bbl.
Latexmk: Missing input file 'main.toc' (or dependence on it) from following:
  No file main.toc.
Latexmk: References changed.
Latexmk: References changed.
Latexmk: Log file says output to 'main.pdf'
Latexmk: Bibliography file(s) from .bcf file:
  bib/cap00.bib
  bib/cap01.bib
  bib/cap02.bib
  bib/cap03.bib
  bib/cap04.bib
  bib/cap05.bib
  bib/cap06.bib
  bib/cap07.bib
  bib/cap08.bib
  bib/cap09.bib
  bib/cap10.bib
  bib/cap11.bib
  bib/cap12.bib
  bib/cap13.bib
  bib/cap14.bib
  bib/cap15.bib
  bib/cap16.bib
  bib/cap17.bib
  bib/cap18.bib
Latexmk: applying rule 'biber build/libro/main'...
Rule 'biber build/libro/main':  Reasons for rerun
Category 'other':
  Rerun of 'biber build/libro/main' forced or previously required:
    Reason or flag: 'Initial set up of rule'

------------
Run number 1 of rule 'biber build/libro/main'
------------
------------
Running 'biber  "build/libro/main.bcf"'
------------
INFO - This is Biber 2.20
INFO - Logfile is 'build/libro/main.blg'
INFO - Reading 'build/libro/main.bcf'
INFO - Found 0 citekeys in bib section 0
INFO - Found 0 citekeys in bib section 1
INFO - Found 0 citekeys in bib section 0
INFO - Found 0 citekeys in bib section 2
INFO - Found 0 citekeys in bib section 0
INFO - Found 0 citekeys in bib section 3
INFO - Found 0 citekeys in bib section 0
INFO - Found 29 citekeys in bib section 4
INFO - Found 0 citekeys in bib section 0
INFO - Found 30 citekeys in bib section 5
INFO - Found 0 citekeys in bib section 0
INFO - Found 30 citekeys in bib section 6
INFO - Found 0 citekeys in bib section 0
INFO - Found 24 citekeys in bib section 7
INFO - Found 0 citekeys in bib section 0
INFO - Found 30 citekeys in bib section 8
INFO - Found 0 citekeys in bib section 0
INFO - Found 26 citekeys in bib section 9
INFO - Found 0 citekeys in bib section 0
INFO - Found 29 citekeys in bib section 10
INFO - Found 0 citekeys in bib section 0
INFO - Found 28 citekeys in bib section 11
INFO - Found 0 citekeys in bib section 0
INFO - Found 29 citekeys in bib section 12
INFO - Found 0 citekeys in bib section 0
INFO - Found 28 citekeys in bib section 13
INFO - Found 0 citekeys in bib section 0
INFO - Found 27 citekeys in bib section 14
INFO - Found 0 citekeys in bib section 0
INFO - Found 30 citekeys in bib section 15
INFO - Found 0 citekeys in bib section 0
INFO - Found 30 citekeys in bib section 16
INFO - Found 0 citekeys in bib section 0
INFO - Found 30 citekeys in bib section 17
INFO - Found 0 citekeys in bib section 0
INFO - Found 29 citekeys in bib section 18
INFO - Found 0 citekeys in bib section 0
INFO - Found 30 citekeys in bib section 19
INFO - Found 0 citekeys in bib section 0
INFO - Found 30 citekeys in bib section 20
INFO - Found 0 citekeys in bib section 0
INFO - Found 30 citekeys in bib section 21
INFO - Found 0 citekeys in bib section 0
INFO - Found 30 citekeys in bib section 22
INFO - Found 0 citekeys in bib section 0
INFO - Processing section 4
INFO - Looking for bibtex file 'bib/cap00.bib' for section 4
INFO - LaTeX decoding ...
INFO - Found BibTeX data source 'bib/cap00.bib'
INFO - Overriding locale 'es-ES' defaults 'normalization = NFD' with 'normalization = prenormalized'
INFO - Overriding locale 'es-ES' defaults 'variable = shifted' with 'variable = non-ignorable'
INFO - Sorting list 'apa/apasortcite//global/global/global' of type 'entry' with template 'apa' and locale 'es-ES'
INFO - Overriding locale 'es-ES' defaults 'variable = shifted' with 'variable = non-ignorable'
INFO - Overriding locale 'es-ES' defaults 'normalization = NFD' with 'normalization = prenormalized'
INFO - Sorting list 'apa/global//global/global/global' of type 'entry' with template 'apa' and locale 'es-ES'
INFO - Processing section 5
INFO - Looking for bibtex file 'bib/cap00.bib' for section 5
INFO - Looking for bibtex file 'bib/cap01.bib' for section 5
INFO - LaTeX decoding ...
INFO - Found BibTeX data source 'bib/cap01.bib'
INFO - Overriding locale 'es-ES' defaults 'normalization = NFD' with 'normalization = prenormalized'
INFO - Overriding locale 'es-ES' defaults 'variable = shifted' with 'variable = non-ignorable'
INFO - Sorting list 'apa/apasortcite//global/global/global' of type 'entry' with template 'apa' and locale 'es-ES'
INFO - Overriding locale 'es-ES' defaults 'variable = shifted' with 'variable = non-ignorable'
INFO - Overriding locale 'es-ES' defaults 'normalization = NFD' with 'normalization = prenormalized'
INFO - Sorting list 'apa/global//global/global/global' of type 'entry' with template 'apa' and locale 'es-ES'
INFO - Processing section 6
INFO - Looking for bibtex file 'bib/cap00.bib' for section 6
INFO - Looking for bibtex file 'bib/cap01.bib' for section 6
INFO - Looking for bibtex file 'bib/cap02.bib' for section 6
INFO - LaTeX decoding ...
INFO - Found BibTeX data source 'bib/cap02.bib'
INFO - Overriding locale 'es-ES' defaults 'variable = shifted' with 'variable = non-ignorable'
INFO - Overriding locale 'es-ES' defaults 'normalization = NFD' with 'normalization = prenormalized'
INFO - Sorting list 'apa/apasortcite//global/global/global' of type 'entry' with template 'apa' and locale 'es-ES'
INFO - Overriding locale 'es-ES' defaults 'normalization = NFD' with 'normalization = prenormalized'
INFO - Overriding locale 'es-ES' defaults 'variable = shifted' with 'variable = non-ignorable'
INFO - Sorting list 'apa/global//global/global/global' of type 'entry' with template 'apa' and locale 'es-ES'
INFO - Processing section 7
INFO - Looking for bibtex file 'bib/cap00.bib' for section 7
INFO - Looking for bibtex file 'bib/cap01.bib' for section 7
INFO - Looking for bibtex file 'bib/cap02.bib' for section 7
INFO - Looking for bibtex file 'bib/cap03.bib' for section 7
INFO - LaTeX decoding ...
INFO - Found BibTeX data source 'bib/cap03.bib'
INFO - Overriding locale 'es-ES' defaults 'normalization = NFD' with 'normalization = prenormalized'
INFO - Overriding locale 'es-ES' defaults 'variable = shifted' with 'variable = non-ignorable'
INFO - Sorting list 'apa/apasortcite//global/global/global' of type 'entry' with template 'apa' and locale 'es-ES'
INFO - Overriding locale 'es-ES' defaults 'normalization = NFD' with 'normalization = prenormalized'
INFO - Overriding locale 'es-ES' defaults 'variable = shifted' with 'variable = non-ignorable'
INFO - Sorting list 'apa/global//global/global/global' of type 'entry' with template 'apa' and locale 'es-ES'
INFO - Processing section 8
INFO - Looking for bibtex file 'bib/cap00.bib' for section 8
INFO - Looking for bibtex file 'bib/cap01.bib' for section 8
INFO - Looking for bibtex file 'bib/cap02.bib' for section 8
INFO - Looking for bibtex file 'bib/cap03.bib' for section 8
INFO - Looking for bibtex file 'bib/cap04.bib' for section 8
INFO - LaTeX decoding ...
INFO - Found BibTeX data source 'bib/cap04.bib'
INFO - Overriding locale 'es-ES' defaults 'normalization = NFD' with 'normalization = prenormalized'
INFO - Overriding locale 'es-ES' defaults 'variable = shifted' with 'variable = non-ignorable'
INFO - Sorting list 'apa/apasortcite//global/global/global' of type 'entry' with template 'apa' and locale 'es-ES'
INFO - Overriding locale 'es-ES' defaults 'variable = shifted' with 'variable = non-ignorable'
INFO - Overriding locale 'es-ES' defaults 'normalization = NFD' with 'normalization = prenormalized'
INFO - Sorting list 'apa/global//global/global/global' of type 'entry' with template 'apa' and locale 'es-ES'
INFO - Processing section 9
INFO - Looking for bibtex file 'bib/cap00.bib' for section 9
INFO - Looking for bibtex file 'bib/cap01.bib' for section 9
INFO - Looking for bibtex file 'bib/cap02.bib' for section 9
INFO - Looking for bibtex file 'bib/cap03.bib' for section 9
INFO - Looking for bibtex file 'bib/cap04.bib' for section 9
INFO - Looking for bibtex file 'bib/cap05.bib' for section 9
INFO - LaTeX decoding ...
INFO - Found BibTeX data source 'bib/cap05.bib'
INFO - Overriding locale 'es-ES' defaults 'variable = shifted' with 'variable = non-ignorable'
INFO - Overriding locale 'es-ES' defaults 'normalization = NFD' with 'normalization = prenormalized'
INFO - Sorting list 'apa/apasortcite//global/global/global' of type 'entry' with template 'apa' and locale 'es-ES'
INFO - Overriding locale 'es-ES' defaults 'normalization = NFD' with 'normalization = prenormalized'
INFO - Overriding locale 'es-ES' defaults 'variable = shifted' with 'variable = non-ignorable'
INFO - Sorting list 'apa/global//global/global/global' of type 'entry' with template 'apa' and locale 'es-ES'
INFO - Processing section 10
INFO - Looking for bibtex file 'bib/cap00.bib' for section 10
INFO - Looking for bibtex file 'bib/cap01.bib' for section 10
INFO - Looking for bibtex file 'bib/cap02.bib' for section 10
INFO - Looking for bibtex file 'bib/cap03.bib' for section 10
INFO - Looking for bibtex file 'bib/cap04.bib' for section 10
INFO - Looking for bibtex file 'bib/cap05.bib' for section 10
INFO - Looking for bibtex file 'bib/cap06.bib' for section 10
INFO - LaTeX decoding ...
INFO - Found BibTeX data source 'bib/cap06.bib'
INFO - Overriding locale 'es-ES' defaults 'variable = shifted' with 'variable = non-ignorable'
INFO - Overriding locale 'es-ES' defaults 'normalization = NFD' with 'normalization = prenormalized'
INFO - Sorting list 'apa/apasortcite//global/global/global' of type 'entry' with template 'apa' and locale 'es-ES'
INFO - Overriding locale 'es-ES' defaults 'variable = shifted' with 'variable = non-ignorable'
INFO - Overriding locale 'es-ES' defaults 'normalization = NFD' with 'normalization = prenormalized'
INFO - Sorting list 'apa/global//global/global/global' of type 'entry' with template 'apa' and locale 'es-ES'
INFO - Processing section 11
INFO - Looking for bibtex file 'bib/cap00.bib' for section 11
INFO - Looking for bibtex file 'bib/cap01.bib' for section 11
INFO - Looking for bibtex file 'bib/cap02.bib' for section 11
INFO - Looking for bibtex file 'bib/cap03.bib' for section 11
INFO - Looking for bibtex file 'bib/cap04.bib' for section 11
INFO - Looking for bibtex file 'bib/cap05.bib' for section 11
INFO - Looking for bibtex file 'bib/cap06.bib' for section 11
INFO - Looking for bibtex file 'bib/cap07.bib' for section 11
INFO - LaTeX decoding ...
INFO - Found BibTeX data source 'bib/cap07.bib'
INFO - Overriding locale 'es-ES' defaults 'normalization = NFD' with 'normalization = prenormalized'
INFO - Overriding locale 'es-ES' defaults 'variable = shifted' with 'variable = non-ignorable'
INFO - Sorting list 'apa/apasortcite//global/global/global' of type 'entry' with template 'apa' and locale 'es-ES'
INFO - Overriding locale 'es-ES' defaults 'variable = shifted' with 'variable = non-ignorable'
INFO - Overriding locale 'es-ES' defaults 'normalization = NFD' with 'normalization = prenormalized'
INFO - Sorting list 'apa/global//global/global/global' of type 'entry' with template 'apa' and locale 'es-ES'
INFO - Processing section 12
INFO - Looking for bibtex file 'bib/cap00.bib' for section 12
INFO - Looking for bibtex file 'bib/cap01.bib' for section 12
INFO - Looking for bibtex file 'bib/cap02.bib' for section 12
INFO - Looking for bibtex file 'bib/cap03.bib' for section 12
INFO - Looking for bibtex file 'bib/cap04.bib' for section 12
INFO - Looking for bibtex file 'bib/cap05.bib' for section 12
INFO - Looking for bibtex file 'bib/cap06.bib' for section 12
INFO - Looking for bibtex file 'bib/cap07.bib' for section 12
INFO - Looking for bibtex file 'bib/cap08.bib' for section 12
INFO - LaTeX decoding ...
INFO - Found BibTeX data source 'bib/cap08.bib'
INFO - Overriding locale 'es-ES' defaults 'normalization = NFD' with 'normalization = prenormalized'
INFO - Overriding locale 'es-ES' defaults 'variable = shifted' with 'variable = non-ignorable'
INFO - Sorting list 'apa/apasortcite//global/global/global' of type 'entry' with template 'apa' and locale 'es-ES'
INFO - Overriding locale 'es-ES' defaults 'variable = shifted' with 'variable = non-ignorable'
INFO - Overriding locale 'es-ES' defaults 'normalization = NFD' with 'normalization = prenormalized'
INFO - Sorting list 'apa/global//global/global/global' of type 'entry' with template 'apa' and locale 'es-ES'
INFO - Processing section 13
INFO - Looking for bibtex file 'bib/cap00.bib' for section 13
INFO - Looking for bibtex file 'bib/cap01.bib' for section 13
INFO - Looking for bibtex file 'bib/cap02.bib' for section 13
INFO - Looking for bibtex file 'bib/cap03.bib' for section 13
INFO - Looking for bibtex file 'bib/cap04.bib' for section 13
INFO - Looking for bibtex file 'bib/cap05.bib' for section 13
INFO - Looking for bibtex file 'bib/cap06.bib' for section 13
INFO - Looking for bibtex file 'bib/cap07.bib' for section 13
INFO - Looking for bibtex file 'bib/cap08.bib' for section 13
INFO - Looking for bibtex file 'bib/cap09.bib' for section 13
INFO - LaTeX decoding ...
INFO - Found BibTeX data source 'bib/cap09.bib'
INFO - Overriding locale 'es-ES' defaults 'normalization = NFD' with 'normalization = prenormalized'
INFO - Overriding locale 'es-ES' defaults 'variable = shifted' with 'variable = non-ignorable'
INFO - Sorting list 'apa/apasortcite//global/global/global' of type 'entry' with template 'apa' and locale 'es-ES'
INFO - Overriding locale 'es-ES' defaults 'normalization = NFD' with 'normalization = prenormalized'
INFO - Overriding locale 'es-ES' defaults 'variable = shifted' with 'variable = non-ignorable'
INFO - Sorting list 'apa/global//global/global/global' of type 'entry' with template 'apa' and locale 'es-ES'
INFO - Processing section 14
INFO - Looking for bibtex file 'bib/cap00.bib' for section 14
INFO - Looking for bibtex file 'bib/cap01.bib' for section 14
INFO - Looking for bibtex file 'bib/cap02.bib' for section 14
INFO - Looking for bibtex file 'bib/cap03.bib' for section 14
INFO - Looking for bibtex file 'bib/cap04.bib' for section 14
INFO - Looking for bibtex file 'bib/cap05.bib' for section 14
INFO - Looking for bibtex file 'bib/cap06.bib' for section 14
INFO - Looking for bibtex file 'bib/cap07.bib' for section 14
INFO - Looking for bibtex file 'bib/cap08.bib' for section 14
INFO - Looking for bibtex file 'bib/cap09.bib' for section 14
INFO - Looking for bibtex file 'bib/cap10.bib' for section 14
INFO - LaTeX decoding ...
INFO - Found BibTeX data source 'bib/cap10.bib'
INFO - Overriding locale 'es-ES' defaults 'variable = shifted' with 'variable = non-ignorable'
INFO - Overriding locale 'es-ES' defaults 'normalization = NFD' with 'normalization = prenormalized'
INFO - Sorting list 'apa/apasortcite//global/global/global' of type 'entry' with template 'apa' and locale 'es-ES'
INFO - Overriding locale 'es-ES' defaults 'normalization = NFD' with 'normalization = prenormalized'
INFO - Overriding locale 'es-ES' defaults 'variable = shifted' with 'variable = non-ignorable'
INFO - Sorting list 'apa/global//global/global/global' of type 'entry' with template 'apa' and locale 'es-ES'
INFO - Processing section 15
INFO - Looking for bibtex file 'bib/cap00.bib' for section 15
INFO - Looking for bibtex file 'bib/cap01.bib' for section 15
INFO - Looking for bibtex file 'bib/cap02.bib' for section 15
INFO - Looking for bibtex file 'bib/cap03.bib' for section 15
INFO - Looking for bibtex file 'bib/cap04.bib' for section 15
INFO - Looking for bibtex file 'bib/cap05.bib' for section 15
INFO - Looking for bibtex file 'bib/cap06.bib' for section 15
INFO - Looking for bibtex file 'bib/cap07.bib' for section 15
INFO - Looking for bibtex file 'bib/cap08.bib' for section 15
INFO - Looking for bibtex file 'bib/cap09.bib' for section 15
INFO - Looking for bibtex file 'bib/cap10.bib' for section 15
INFO - Looking for bibtex file 'bib/cap11.bib' for section 15
INFO - LaTeX decoding ...
INFO - Found BibTeX data source 'bib/cap11.bib'
INFO - Overriding locale 'es-ES' defaults 'normalization = NFD' with 'normalization = prenormalized'
INFO - Overriding locale 'es-ES' defaults 'variable = shifted' with 'variable = non-ignorable'
INFO - Sorting list 'apa/apasortcite//global/global/global' of type 'entry' with template 'apa' and locale 'es-ES'
INFO - Overriding locale 'es-ES' defaults 'variable = shifted' with 'variable = non-ignorable'
INFO - Overriding locale 'es-ES' defaults 'normalization = NFD' with 'normalization = prenormalized'
INFO - Sorting list 'apa/global//global/global/global' of type 'entry' with template 'apa' and locale 'es-ES'
INFO - Processing section 16
INFO - Looking for bibtex file 'bib/cap00.bib' for section 16
INFO - Looking for bibtex file 'bib/cap01.bib' for section 16
INFO - Looking for bibtex file 'bib/cap02.bib' for section 16
INFO - Looking for bibtex file 'bib/cap03.bib' for section 16
INFO - Looking for bibtex file 'bib/cap04.bib' for section 16
INFO - Looking for bibtex file 'bib/cap05.bib' for section 16
INFO - Looking for bibtex file 'bib/cap06.bib' for section 16
INFO - Looking for bibtex file 'bib/cap07.bib' for section 16
INFO - Looking for bibtex file 'bib/cap08.bib' for section 16
INFO - Looking for bibtex file 'bib/cap09.bib' for section 16
INFO - Looking for bibtex file 'bib/cap10.bib' for section 16
INFO - Looking for bibtex file 'bib/cap11.bib' for section 16
INFO - Looking for bibtex file 'bib/cap12.bib' for section 16
INFO - LaTeX decoding ...
INFO - Found BibTeX data source 'bib/cap12.bib'
INFO - Overriding locale 'es-ES' defaults 'variable = shifted' with 'variable = non-ignorable'
INFO - Overriding locale 'es-ES' defaults 'normalization = NFD' with 'normalization = prenormalized'
INFO - Sorting list 'apa/apasortcite//global/global/global' of type 'entry' with template 'apa' and locale 'es-ES'
INFO - Overriding locale 'es-ES' defaults 'normalization = NFD' with 'normalization = prenormalized'
INFO - Overriding locale 'es-ES' defaults 'variable = shifted' with 'variable = non-ignorable'
INFO - Sorting list 'apa/global//global/global/global' of type 'entry' with template 'apa' and locale 'es-ES'
INFO - Processing section 17
INFO - Looking for bibtex file 'bib/cap00.bib' for section 17
INFO - Looking for bibtex file 'bib/cap01.bib' for section 17
INFO - Looking for bibtex file 'bib/cap02.bib' for section 17
INFO - Looking for bibtex file 'bib/cap03.bib' for section 17
INFO - Looking for bibtex file 'bib/cap04.bib' for section 17
INFO - Looking for bibtex file 'bib/cap05.bib' for section 17
INFO - Looking for bibtex file 'bib/cap06.bib' for section 17
INFO - Looking for bibtex file 'bib/cap07.bib' for section 17
INFO - Looking for bibtex file 'bib/cap08.bib' for section 17
INFO - Looking for bibtex file 'bib/cap09.bib' for section 17
INFO - Looking for bibtex file 'bib/cap10.bib' for section 17
INFO - Looking for bibtex file 'bib/cap11.bib' for section 17
INFO - Looking for bibtex file 'bib/cap12.bib' for section 17
INFO - Looking for bibtex file 'bib/cap13.bib' for section 17
INFO - LaTeX decoding ...
INFO - Found BibTeX data source 'bib/cap13.bib'
INFO - Overriding locale 'es-ES' defaults 'variable = shifted' with 'variable = non-ignorable'
INFO - Overriding locale 'es-ES' defaults 'normalization = NFD' with 'normalization = prenormalized'
INFO - Sorting list 'apa/apasortcite//global/global/global' of type 'entry' with template 'apa' and locale 'es-ES'
INFO - Overriding locale 'es-ES' defaults 'variable = shifted' with 'variable = non-ignorable'
INFO - Overriding locale 'es-ES' defaults 'normalization = NFD' with 'normalization = prenormalized'
INFO - Sorting list 'apa/global//global/global/global' of type 'entry' with template 'apa' and locale 'es-ES'
INFO - Processing section 18
INFO - Looking for bibtex file 'bib/cap00.bib' for section 18
INFO - Looking for bibtex file 'bib/cap01.bib' for section 18
INFO - Looking for bibtex file 'bib/cap02.bib' for section 18
INFO - Looking for bibtex file 'bib/cap03.bib' for section 18
INFO - Looking for bibtex file 'bib/cap04.bib' for section 18
INFO - Looking for bibtex file 'bib/cap05.bib' for section 18
INFO - Looking for bibtex file 'bib/cap06.bib' for section 18
INFO - Looking for bibtex file 'bib/cap07.bib' for section 18
INFO - Looking for bibtex file 'bib/cap08.bib' for section 18
INFO - Looking for bibtex file 'bib/cap09.bib' for section 18
INFO - Looking for bibtex file 'bib/cap10.bib' for section 18
INFO - Looking for bibtex file 'bib/cap11.bib' for section 18
INFO - Looking for bibtex file 'bib/cap12.bib' for section 18
INFO - Looking for bibtex file 'bib/cap13.bib' for section 18
INFO - Looking for bibtex file 'bib/cap14.bib' for section 18
INFO - LaTeX decoding ...
INFO - Found BibTeX data source 'bib/cap14.bib'
INFO - Overriding locale 'es-ES' defaults 'normalization = NFD' with 'normalization = prenormalized'
INFO - Overriding locale 'es-ES' defaults 'variable = shifted' with 'variable = non-ignorable'
INFO - Sorting list 'apa/apasortcite//global/global/global' of type 'entry' with template 'apa' and locale 'es-ES'
INFO - Overriding locale 'es-ES' defaults 'normalization = NFD' with 'normalization = prenormalized'
INFO - Overriding locale 'es-ES' defaults 'variable = shifted' with 'variable = non-ignorable'
INFO - Sorting list 'apa/global//global/global/global' of type 'entry' with template 'apa' and locale 'es-ES'
INFO - Processing section 19
INFO - Looking for bibtex file 'bib/cap00.bib' for section 19
INFO - Looking for bibtex file 'bib/cap01.bib' for section 19
INFO - Looking for bibtex file 'bib/cap02.bib' for section 19
INFO - Looking for bibtex file 'bib/cap03.bib' for section 19
INFO - Looking for bibtex file 'bib/cap04.bib' for section 19
INFO - Looking for bibtex file 'bib/cap05.bib' for section 19
INFO - Looking for bibtex file 'bib/cap06.bib' for section 19
INFO - Looking for bibtex file 'bib/cap07.bib' for section 19
INFO - Looking for bibtex file 'bib/cap08.bib' for section 19
INFO - Looking for bibtex file 'bib/cap09.bib' for section 19
INFO - Looking for bibtex file 'bib/cap10.bib' for section 19
INFO - Looking for bibtex file 'bib/cap11.bib' for section 19
INFO - Looking for bibtex file 'bib/cap12.bib' for section 19
INFO - Looking for bibtex file 'bib/cap13.bib' for section 19
INFO - Looking for bibtex file 'bib/cap14.bib' for section 19
INFO - Looking for bibtex file 'bib/cap15.bib' for section 19
INFO - LaTeX decoding ...
INFO - Found BibTeX data source 'bib/cap15.bib'
INFO - Overriding locale 'es-ES' defaults 'normalization = NFD' with 'normalization = prenormalized'
INFO - Overriding locale 'es-ES' defaults 'variable = shifted' with 'variable = non-ignorable'
INFO - Sorting list 'apa/apasortcite//global/global/global' of type 'entry' with template 'apa' and locale 'es-ES'
INFO - Overriding locale 'es-ES' defaults 'variable = shifted' with 'variable = non-ignorable'
INFO - Overriding locale 'es-ES' defaults 'normalization = NFD' with 'normalization = prenormalized'
INFO - Sorting list 'apa/global//global/global/global' of type 'entry' with template 'apa' and locale 'es-ES'
INFO - Processing section 20
INFO - Looking for bibtex file 'bib/cap00.bib' for section 20
INFO - Looking for bibtex file 'bib/cap01.bib' for section 20
INFO - Looking for bibtex file 'bib/cap02.bib' for section 20
INFO - Looking for bibtex file 'bib/cap03.bib' for section 20
INFO - Looking for bibtex file 'bib/cap04.bib' for section 20
INFO - Looking for bibtex file 'bib/cap05.bib' for section 20
INFO - Looking for bibtex file 'bib/cap06.bib' for section 20
INFO - Looking for bibtex file 'bib/cap07.bib' for section 20
INFO - Looking for bibtex file 'bib/cap08.bib' for section 20
INFO - Looking for bibtex file 'bib/cap09.bib' for section 20
INFO - Looking for bibtex file 'bib/cap10.bib' for section 20
INFO - Looking for bibtex file 'bib/cap11.bib' for section 20
INFO - Looking for bibtex file 'bib/cap12.bib' for section 20
INFO - Looking for bibtex file 'bib/cap13.bib' for section 20
INFO - Looking for bibtex file 'bib/cap14.bib' for section 20
INFO - Looking for bibtex file 'bib/cap15.bib' for section 20
INFO - Looking for bibtex file 'bib/cap16.bib' for section 20
INFO - LaTeX decoding ...
INFO - Found BibTeX data source 'bib/cap16.bib'
INFO - Overriding locale 'es-ES' defaults 'normalization = NFD' with 'normalization = prenormalized'
INFO - Overriding locale 'es-ES' defaults 'variable = shifted' with 'variable = non-ignorable'
INFO - Sorting list 'apa/apasortcite//global/global/global' of type 'entry' with template 'apa' and locale 'es-ES'
INFO - Overriding locale 'es-ES' defaults 'variable = shifted' with 'variable = non-ignorable'
INFO - Overriding locale 'es-ES' defaults 'normalization = NFD' with 'normalization = prenormalized'
INFO - Sorting list 'apa/global//global/global/global' of type 'entry' with template 'apa' and locale 'es-ES'
INFO - Processing section 21
INFO - Looking for bibtex file 'bib/cap00.bib' for section 21
INFO - Looking for bibtex file 'bib/cap01.bib' for section 21
INFO - Looking for bibtex file 'bib/cap02.bib' for section 21
INFO - Looking for bibtex file 'bib/cap03.bib' for section 21
INFO - Looking for bibtex file 'bib/cap04.bib' for section 21
INFO - Looking for bibtex file 'bib/cap05.bib' for section 21
INFO - Looking for bibtex file 'bib/cap06.bib' for section 21
INFO - Looking for bibtex file 'bib/cap07.bib' for section 21
INFO - Looking for bibtex file 'bib/cap08.bib' for section 21
INFO - Looking for bibtex file 'bib/cap09.bib' for section 21
INFO - Looking for bibtex file 'bib/cap10.bib' for section 21
INFO - Looking for bibtex file 'bib/cap11.bib' for section 21
INFO - Looking for bibtex file 'bib/cap12.bib' for section 21
INFO - Looking for bibtex file 'bib/cap13.bib' for section 21
INFO - Looking for bibtex file 'bib/cap14.bib' for section 21
INFO - Looking for bibtex file 'bib/cap15.bib' for section 21
INFO - Looking for bibtex file 'bib/cap16.bib' for section 21
INFO - Looking for bibtex file 'bib/cap17.bib' for section 21
INFO - LaTeX decoding ...
INFO - Found BibTeX data source 'bib/cap17.bib'
INFO - Overriding locale 'es-ES' defaults 'variable = shifted' with 'variable = non-ignorable'
INFO - Overriding locale 'es-ES' defaults 'normalization = NFD' with 'normalization = prenormalized'
INFO - Sorting list 'apa/apasortcite//global/global/global' of type 'entry' with template 'apa' and locale 'es-ES'
INFO - Overriding locale 'es-ES' defaults 'variable = shifted' with 'variable = non-ignorable'
INFO - Overriding locale 'es-ES' defaults 'normalization = NFD' with 'normalization = prenormalized'
INFO - Sorting list 'apa/global//global/global/global' of type 'entry' with template 'apa' and locale 'es-ES'
INFO - Processing section 22
INFO - Looking for bibtex file 'bib/cap00.bib' for section 22
INFO - Looking for bibtex file 'bib/cap01.bib' for section 22
INFO - Looking for bibtex file 'bib/cap02.bib' for section 22
INFO - Looking for bibtex file 'bib/cap03.bib' for section 22
INFO - Looking for bibtex file 'bib/cap04.bib' for section 22
INFO - Looking for bibtex file 'bib/cap05.bib' for section 22
INFO - Looking for bibtex file 'bib/cap06.bib' for section 22
INFO - Looking for bibtex file 'bib/cap07.bib' for section 22
INFO - Looking for bibtex file 'bib/cap08.bib' for section 22
INFO - Looking for bibtex file 'bib/cap09.bib' for section 22
INFO - Looking for bibtex file 'bib/cap10.bib' for section 22
INFO - Looking for bibtex file 'bib/cap11.bib' for section 22
INFO - Looking for bibtex file 'bib/cap12.bib' for section 22
INFO - Looking for bibtex file 'bib/cap13.bib' for section 22
INFO - Looking for bibtex file 'bib/cap14.bib' for section 22
INFO - Looking for bibtex file 'bib/cap15.bib' for section 22
INFO - Looking for bibtex file 'bib/cap16.bib' for section 22
INFO - Looking for bibtex file 'bib/cap17.bib' for section 22
INFO - Looking for bibtex file 'bib/cap18.bib' for section 22
INFO - LaTeX decoding ...
INFO - Found BibTeX data source 'bib/cap18.bib'
INFO - Overriding locale 'es-ES' defaults 'variable = shifted' with 'variable = non-ignorable'
INFO - Overriding locale 'es-ES' defaults 'normalization = NFD' with 'normalization = prenormalized'
INFO - Sorting list 'apa/apasortcite//global/global/global' of type 'entry' with template 'apa' and locale 'es-ES'
INFO - Overriding locale 'es-ES' defaults 'variable = shifted' with 'variable = non-ignorable'
INFO - Overriding locale 'es-ES' defaults 'normalization = NFD' with 'normalization = prenormalized'
INFO - Sorting list 'apa/global//global/global/global' of type 'entry' with template 'apa' and locale 'es-ES'
INFO - Writing 'build/libro/main.bbl' with encoding 'UTF-8'
INFO - Output to build/libro/main.bbl
Latexmk: Found biber source file(s) [bib/cap00.bib, bib/cap01.bib, bib/cap02.bib, bib/cap03.bib, bib/cap04.bib, bib/cap05.bib, bib/cap06.bib, bib/cap07.bib, bib/cap08.bib, bib/cap09.bib, bib/cap10.bib, bib/cap11.bib, bib/cap12.bib, bib/cap13.bib, bib/cap14.bib, bib/cap15.bib, bib/cap16.bib, bib/cap17.bib, bib/cap18.bib, build/libro/main.bcf]
Latexmk: applying rule 'lualatex'...
Rule 'lualatex':  Reasons for rerun
Changed files or newly in use/created:
  build/libro/capitulos/cap00.aux
  build/libro/capitulos/cap01.aux
  build/libro/capitulos/cap02.aux
  build/libro/capitulos/cap03.aux
  build/libro/capitulos/cap04.aux
  build/libro/capitulos/cap05.aux
  build/libro/capitulos/cap06.aux
  build/libro/capitulos/cap07.aux
  build/libro/capitulos/cap08.aux
  build/libro/capitulos/cap09.aux
  build/libro/capitulos/cap10.aux
  build/libro/capitulos/cap11.aux
  build/libro/capitulos/cap12.aux
  build/libro/capitulos/cap13.aux
  build/libro/capitulos/cap14.aux
  build/libro/capitulos/cap15.aux
  build/libro/capitulos/cap16.aux
  build/libro/capitulos/cap17.aux
  build/libro/capitulos/cap18.aux
  build/libro/main.aux
  build/libro/main.bbl
  build/libro/main.listing
  build/libro/main.toc

------------
Run number 2 of rule 'lualatex'
------------
------------
Running 'lualatex  -shell-escape -interaction=nonstopmode -halt-on-error -recorder -output-directory="build/libro"  "main.tex"'
------------
This is LuaHBTeX, Version 1.21.0 (TeX Live 2025) 
 system commands enabled.
(./main.tex
LaTeX2e <2024-11-01> patch level 2
L3 programming layer <2025-01-18>
 (/usr/local/texlive/2025/texmf-dist/tex/latex/base/book.cls
Document Class: book 2024/06/29 v1.4n Standard LaTeX document class
(/usr/local/texlive/2025/texmf-dist/tex/latex/base/bk11.clo))
(./estilo/bioinfo.sty

LaTeX Warning: You have requested package `estilo/bioinfo',
               but the package provides `bioinfo'.

(/usr/local/texlive/2025/texmf-dist/tex/latex/geometry/geometry.sty
(/usr/local/texlive/2025/texmf-dist/tex/latex/graphics/keyval.sty)
(/usr/local/texlive/2025/texmf-dist/tex/generic/iftex/ifvtex.sty
(/usr/local/texlive/2025/texmf-dist/tex/generic/iftex/iftex.sty)))
(/usr/local/texlive/2025/texmf-dist/tex/generic/babel/babel.sty
(/usr/local/texlive/2025/texmf-dist/tex/generic/babel/luababel.def)
(/usr/local/texlive/2025/texmf-dist/tex/generic/babel/luababel.def)
(/usr/local/texlive/2025/texmf-dist/tex/generic/babel-spanish/spanish.ldf
(/usr/local/texlive/2025/texmf-dist/tex/generic/hyph-utf8/loadhyph/loadhyph-es.
tex UTF-8 Spanish hyphenation patterns
(/usr/local/texlive/2025/texmf-dist/tex/generic/hyph-utf8/patterns/tex/hyph-es.
tex))))
(/usr/local/texlive/2025/texmf-dist/tex/generic/babel/locale/es/babel-spanish.t
ex) (/usr/local/texlive/2025/texmf-dist/tex/latex/amsmath/amsmath.sty
For additional information on amsmath, use the `?' option.
(/usr/local/texlive/2025/texmf-dist/tex/latex/amsmath/amstext.sty
(/usr/local/texlive/2025/texmf-dist/tex/latex/amsmath/amsgen.sty))
(/usr/local/texlive/2025/texmf-dist/tex/latex/amsmath/amsbsy.sty)
(/usr/local/texlive/2025/texmf-dist/tex/latex/amsmath/amsopn.sty))
(/usr/local/texlive/2025/texmf-dist/tex/latex/amsfonts/amssymb.sty
(/usr/local/texlive/2025/texmf-dist/tex/latex/amsfonts/amsfonts.sty))
(/usr/local/texlive/2025/texmf-dist/tex/latex/mathtools/mathtools.sty
(/usr/local/texlive/2025/texmf-dist/tex/latex/tools/calc.sty)
(/usr/local/texlive/2025/texmf-dist/tex/latex/mathtools/mhsetup.sty))
(/usr/local/texlive/2025/texmf-dist/tex/latex/fontspec/fontspec.sty
(/usr/local/texlive/2025/texmf-dist/tex/latex/l3packages/xparse/xparse.sty
(/usr/local/texlive/2025/texmf-dist/tex/latex/l3kernel/expl3.sty
(/usr/local/texlive/2025/texmf-dist/tex/latex/l3backend/l3backend-luatex.def)))
 (/usr/local/texlive/2025/texmf-dist/tex/latex/fontspec/fontspec-luatex.sty
(/usr/local/texlive/2025/texmf-dist/tex/latex/base/fontenc.sty)
(/usr/local/texlive/2025/texmf-dist/tex/latex/fontspec/fontspec.cfg)))
(/usr/local/texlive/2025/texmf-dist/tex/latex/unicode-math/unicode-math.sty
(/usr/local/texlive/2025/texmf-dist/tex/latex/unicode-math/unicode-math-luatex.
sty
(/usr/local/texlive/2025/texmf-dist/tex/latex/l3packages/l3keys2e/l3keys2e.sty)
 (/usr/local/texlive/2025/texmf-dist/tex/latex/base/fix-cm.sty
(/usr/local/texlive/2025/texmf-dist/tex/latex/base/ts1enc.def))
(/usr/local/texlive/2025/texmf-dist/tex/lualatex/lualatex-math/lualatex-math.st
y (/usr/local/texlive/2025/texmf-dist/tex/latex/etoolbox/etoolbox.sty))
(/usr/local/texlive/2025/texmf-dist/tex/latex/unicode-math/unicode-math-table.t
ex))) (/usr/local/texlive/2025/texmf-dist/tex/latex/amsfonts/umsa.fd)
(/usr/local/texlive/2025/texmf-dist/tex/latex/amsfonts/umsb.fd)
(/usr/local/texlive/2025/texmf-dist/tex/latex/microtype/microtype.sty
(/usr/local/texlive/2025/texmf-dist/tex/latex/microtype/microtype-luatex.def)
(/usr/local/texlive/2025/texmf-dist/tex/latex/microtype/microtype.cfg))
(/usr/local/texlive/2025/texmf-dist/tex/latex/csquotes/csquotes.sty
(/usr/local/texlive/2025/texmf-dist/tex/latex/csquotes/csquotes.def)
(/usr/local/texlive/2025/texmf-dist/tex/latex/csquotes/csquotes.cfg))
(/usr/local/texlive/2025/texmf-dist/tex/latex/xcolor/xcolor.sty
(/usr/local/texlive/2025/texmf-dist/tex/latex/graphics-cfg/color.cfg)
(/usr/local/texlive/2025/texmf-dist/tex/latex/graphics-def/luatex.def)
(/usr/local/texlive/2025/texmf-dist/tex/latex/graphics/mathcolor.ltx))
(/usr/local/texlive/2025/texmf-dist/tex/latex/graphics/dvipsnam.def)
(/usr/local/texlive/2025/texmf-dist/tex/latex/colortbl/colortbl.sty
(/usr/local/texlive/2025/texmf-dist/tex/latex/tools/array.sty))
(/usr/local/texlive/2025/texmf-dist/tex/latex/graphics/graphicx.sty
(/usr/local/texlive/2025/texmf-dist/tex/latex/graphics/graphics.sty
(/usr/local/texlive/2025/texmf-dist/tex/latex/graphics/trig.sty)
(/usr/local/texlive/2025/texmf-dist/tex/latex/graphics-cfg/graphics.cfg)))
(/usr/local/texlive/2025/texmf-dist/tex/latex/pgf/frontendlayer/tikz.sty
(/usr/local/texlive/2025/texmf-dist/tex/latex/pgf/basiclayer/pgf.sty
(/usr/local/texlive/2025/texmf-dist/tex/latex/pgf/utilities/pgfrcs.sty
(/usr/local/texlive/2025/texmf-dist/tex/generic/pgf/utilities/pgfutil-common.te
x)
(/usr/local/texlive/2025/texmf-dist/tex/generic/pgf/utilities/pgfutil-latex.def
) (/usr/local/texlive/2025/texmf-dist/tex/generic/pgf/utilities/pgfrcs.code.tex
(/usr/local/texlive/2025/texmf-dist/tex/generic/pgf/pgf.revision.tex)))
(/usr/local/texlive/2025/texmf-dist/tex/latex/pgf/basiclayer/pgfcore.sty
(/usr/local/texlive/2025/texmf-dist/tex/latex/pgf/systemlayer/pgfsys.sty
(/usr/local/texlive/2025/texmf-dist/tex/generic/pgf/systemlayer/pgfsys.code.tex
(/usr/local/texlive/2025/texmf-dist/tex/generic/pgf/utilities/pgfkeys.code.tex
(/usr/local/texlive/2025/texmf-dist/tex/generic/pgf/utilities/pgfkeyslibraryfil
tered.code.tex))
(/usr/local/texlive/2025/texmf-dist/tex/generic/pgf/systemlayer/pgf.cfg)
(/usr/local/texlive/2025/texmf-dist/tex/generic/pgf/systemlayer/pgfsys-luatex.d
ef
(/usr/local/texlive/2025/texmf-dist/tex/generic/pgf/systemlayer/pgfsys-common-p
df.def)))
(/usr/local/texlive/2025/texmf-dist/tex/generic/pgf/systemlayer/pgfsyssoftpath.
code.tex)
(/usr/local/texlive/2025/texmf-dist/tex/generic/pgf/systemlayer/pgfsysprotocol.
code.tex))
(/usr/local/texlive/2025/texmf-dist/tex/generic/pgf/basiclayer/pgfcore.code.tex
(/usr/local/texlive/2025/texmf-dist/tex/generic/pgf/math/pgfmath.code.tex
(/usr/local/texlive/2025/texmf-dist/tex/generic/pgf/math/pgfmathutil.code.tex)
(/usr/local/texlive/2025/texmf-dist/tex/generic/pgf/math/pgfmathparser.code.tex
)
(/usr/local/texlive/2025/texmf-dist/tex/generic/pgf/math/pgfmathfunctions.code.
tex)
(/usr/local/texlive/2025/texmf-dist/tex/generic/pgf/math/pgfmathfunctions.basic
.code.tex)
(/usr/local/texlive/2025/texmf-dist/tex/generic/pgf/math/pgfmathfunctions.trigo
nometric.code.tex)
(/usr/local/texlive/2025/texmf-dist/tex/generic/pgf/math/pgfmathfunctions.rando
m.code.tex)
(/usr/local/texlive/2025/texmf-dist/tex/generic/pgf/math/pgfmathfunctions.compa
rison.code.tex)
(/usr/local/texlive/2025/texmf-dist/tex/generic/pgf/math/pgfmathfunctions.base.
code.tex)
(/usr/local/texlive/2025/texmf-dist/tex/generic/pgf/math/pgfmathfunctions.round
.code.tex)
(/usr/local/texlive/2025/texmf-dist/tex/generic/pgf/math/pgfmathfunctions.misc.
code.tex)
(/usr/local/texlive/2025/texmf-dist/tex/generic/pgf/math/pgfmathfunctions.integ
erarithmetics.code.tex)
(/usr/local/texlive/2025/texmf-dist/tex/generic/pgf/math/pgfmathcalc.code.tex)
(/usr/local/texlive/2025/texmf-dist/tex/generic/pgf/math/pgfmathfloat.code.tex)
) (/usr/local/texlive/2025/texmf-dist/tex/generic/pgf/math/pgfint.code.tex)
(/usr/local/texlive/2025/texmf-dist/tex/generic/pgf/basiclayer/pgfcorepoints.co
de.tex)
(/usr/local/texlive/2025/texmf-dist/tex/generic/pgf/basiclayer/pgfcorepathconst
ruct.code.tex)
(/usr/local/texlive/2025/texmf-dist/tex/generic/pgf/basiclayer/pgfcorepathusage
.code.tex)
(/usr/local/texlive/2025/texmf-dist/tex/generic/pgf/basiclayer/pgfcorescopes.co
de.tex)
(/usr/local/texlive/2025/texmf-dist/tex/generic/pgf/basiclayer/pgfcoregraphicst
ate.code.tex)
(/usr/local/texlive/2025/texmf-dist/tex/generic/pgf/basiclayer/pgfcoretransform
ations.code.tex)
(/usr/local/texlive/2025/texmf-dist/tex/generic/pgf/basiclayer/pgfcorequick.cod
e.tex)
(/usr/local/texlive/2025/texmf-dist/tex/generic/pgf/basiclayer/pgfcoreobjects.c
ode.tex)
(/usr/local/texlive/2025/texmf-dist/tex/generic/pgf/basiclayer/pgfcorepathproce
ssing.code.tex)
(/usr/local/texlive/2025/texmf-dist/tex/generic/pgf/basiclayer/pgfcorearrows.co
de.tex)
(/usr/local/texlive/2025/texmf-dist/tex/generic/pgf/basiclayer/pgfcoreshade.cod
e.tex)
(/usr/local/texlive/2025/texmf-dist/tex/generic/pgf/basiclayer/pgfcoreimage.cod
e.tex)
(/usr/local/texlive/2025/texmf-dist/tex/generic/pgf/basiclayer/pgfcoreexternal.
code.tex)
(/usr/local/texlive/2025/texmf-dist/tex/generic/pgf/basiclayer/pgfcorelayers.co
de.tex)
(/usr/local/texlive/2025/texmf-dist/tex/generic/pgf/basiclayer/pgfcoretranspare
ncy.code.tex)
(/usr/local/texlive/2025/texmf-dist/tex/generic/pgf/basiclayer/pgfcorepatterns.
code.tex)
(/usr/local/texlive/2025/texmf-dist/tex/generic/pgf/basiclayer/pgfcorerdf.code.
tex)))
(/usr/local/texlive/2025/texmf-dist/tex/generic/pgf/modules/pgfmoduleshapes.cod
e.tex)
(/usr/local/texlive/2025/texmf-dist/tex/generic/pgf/modules/pgfmoduleplot.code.
tex)
(/usr/local/texlive/2025/texmf-dist/tex/latex/pgf/compatibility/pgfcomp-version
-0-65.sty)
(/usr/local/texlive/2025/texmf-dist/tex/latex/pgf/compatibility/pgfcomp-version
-1-18.sty))
(/usr/local/texlive/2025/texmf-dist/tex/latex/pgf/utilities/pgffor.sty
(/usr/local/texlive/2025/texmf-dist/tex/latex/pgf/utilities/pgfkeys.sty
(/usr/local/texlive/2025/texmf-dist/tex/generic/pgf/utilities/pgfkeys.code.tex)
) (/usr/local/texlive/2025/texmf-dist/tex/latex/pgf/math/pgfmath.sty
(/usr/local/texlive/2025/texmf-dist/tex/generic/pgf/math/pgfmath.code.tex))
(/usr/local/texlive/2025/texmf-dist/tex/generic/pgf/utilities/pgffor.code.tex))

(/usr/local/texlive/2025/texmf-dist/tex/generic/pgf/frontendlayer/tikz/tikz.cod
e.tex
(/usr/local/texlive/2025/texmf-dist/tex/generic/pgf/libraries/pgflibraryplothan
dlers.code.tex)
(/usr/local/texlive/2025/texmf-dist/tex/generic/pgf/modules/pgfmodulematrix.cod
e.tex)
(/usr/local/texlive/2025/texmf-dist/tex/generic/pgf/frontendlayer/tikz/librarie
s/tikzlibrarytopaths.code.tex)))
(/usr/local/texlive/2025/texmf-dist/tex/generic/pgf/libraries/pgflibraryarrows.
meta.code.tex)
(/usr/local/texlive/2025/texmf-dist/tex/generic/pgf/frontendlayer/tikz/librarie
s/tikzlibrarypositioning.code.tex)
(/usr/local/texlive/2025/texmf-dist/tex/generic/pgf/frontendlayer/tikz/librarie
s/tikzlibrarycalc.code.tex)
(/usr/local/texlive/2025/texmf-dist/tex/generic/pgf/frontendlayer/tikz/librarie
s/tikzlibraryfit.code.tex)
(/usr/local/texlive/2025/texmf-dist/tex/generic/pgf/frontendlayer/tikz/librarie
s/tikzlibrarybackgrounds.code.tex)
(/usr/local/texlive/2025/texmf-dist/tex/generic/pgf/frontendlayer/tikz/librarie
s/tikzlibraryshapes.code.tex
(/usr/local/texlive/2025/texmf-dist/tex/generic/pgf/frontendlayer/tikz/librarie
s/tikzlibraryshapes.geometric.code.tex
(/usr/local/texlive/2025/texmf-dist/tex/generic/pgf/libraries/shapes/pgflibrary
shapes.geometric.code.tex))
(/usr/local/texlive/2025/texmf-dist/tex/generic/pgf/frontendlayer/tikz/librarie
s/tikzlibraryshapes.misc.code.tex
(/usr/local/texlive/2025/texmf-dist/tex/generic/pgf/libraries/shapes/pgflibrary
shapes.misc.code.tex))
(/usr/local/texlive/2025/texmf-dist/tex/generic/pgf/frontendlayer/tikz/librarie
s/tikzlibraryshapes.symbols.code.tex
(/usr/local/texlive/2025/texmf-dist/tex/generic/pgf/libraries/shapes/pgflibrary
shapes.symbols.code.tex))
(/usr/local/texlive/2025/texmf-dist/tex/generic/pgf/frontendlayer/tikz/librarie
s/tikzlibraryshapes.arrows.code.tex
(/usr/local/texlive/2025/texmf-dist/tex/generic/pgf/libraries/shapes/pgflibrary
shapes.arrows.code.tex))
(/usr/local/texlive/2025/texmf-dist/tex/generic/pgf/frontendlayer/tikz/librarie
s/tikzlibraryshapes.callouts.code.tex
(/usr/local/texlive/2025/texmf-dist/tex/generic/pgf/libraries/shapes/pgflibrary
shapes.callouts.code.tex))
(/usr/local/texlive/2025/texmf-dist/tex/generic/pgf/frontendlayer/tikz/librarie
s/tikzlibraryshapes.multipart.code.tex
(/usr/local/texlive/2025/texmf-dist/tex/generic/pgf/libraries/shapes/pgflibrary
shapes.multipart.code.tex)))
(/usr/local/texlive/2025/texmf-dist/tex/generic/pgf/frontendlayer/tikz/librarie
s/tikzlibrarydecorations.pathreplacing.code.tex
(/usr/local/texlive/2025/texmf-dist/tex/generic/pgf/frontendlayer/tikz/librarie
s/tikzlibrarydecorations.code.tex
(/usr/local/texlive/2025/texmf-dist/tex/generic/pgf/modules/pgfmoduledecoration
s.code.tex))
(/usr/local/texlive/2025/texmf-dist/tex/generic/pgf/libraries/decorations/pgfli
brarydecorations.pathreplacing.code.tex))
(/usr/local/texlive/2025/texmf-dist/tex/generic/pgf/frontendlayer/tikz/librarie
s/tikzlibrarydecorations.pathmorphing.code.tex
(/usr/local/texlive/2025/texmf-dist/tex/generic/pgf/libraries/decorations/pgfli
brarydecorations.pathmorphing.code.tex))
(/usr/local/texlive/2025/texmf-dist/tex/generic/pgf/frontendlayer/tikz/librarie
s/tikzlibrarydecorations.text.code.tex
(/usr/local/texlive/2025/texmf-dist/tex/generic/pgf/libraries/decorations/pgfli
brarydecorations.text.code.tex))
(/usr/local/texlive/2025/texmf-dist/tex/generic/pgf/frontendlayer/tikz/librarie
s/tikzlibrarypatterns.code.tex
(/usr/local/texlive/2025/texmf-dist/tex/generic/pgf/libraries/pgflibrarypattern
s.code.tex))
(/usr/local/texlive/2025/texmf-dist/tex/generic/pgf/frontendlayer/tikz/librarie
s/tikzlibraryshadows.code.tex
(/usr/local/texlive/2025/texmf-dist/tex/generic/pgf/frontendlayer/tikz/librarie
s/tikzlibraryfadings.code.tex
(/usr/local/texlive/2025/texmf-dist/tex/generic/pgf/libraries/pgflibraryfadings
.code.tex)))
(/usr/local/texlive/2025/texmf-dist/tex/latex/pgf-blur/tikzlibraryshadows.blur.
code.tex  v1.02, 2012/12/09)
(/usr/local/texlive/2025/texmf-dist/tex/generic/pgf/frontendlayer/tikz/librarie
s/tikzlibrarymatrix.code.tex)
(/usr/local/texlive/2025/texmf-dist/tex/generic/pgf/frontendlayer/tikz/librarie
s/tikzlibrarychains.code.tex)
(/usr/local/texlive/2025/texmf-dist/tex/generic/pgf/frontendlayer/tikz/librarie
s/tikzlibraryintersections.code.tex
(/usr/local/texlive/2025/texmf-dist/tex/generic/pgf/libraries/pgflibraryinterse
ctions.code.tex
(/usr/local/texlive/2025/texmf-dist/tex/generic/pgf/libraries/pgflibraryfpu.cod
e.tex)))
(/usr/local/texlive/2025/texmf-dist/tex/generic/pgf/frontendlayer/tikz/librarie
s/tikzlibrarytrees.code.tex)
(/usr/local/texlive/2025/texmf-dist/tex/generic/pgf/frontendlayer/tikz/librarie
s/graphs/tikzlibrarygraphs.code.tex)
(/usr/local/texlive/2025/texmf-dist/tex/generic/pgf/frontendlayer/tikz/librarie
s/tikzlibraryquotes.code.tex)
(/usr/local/texlive/2025/texmf-dist/tex/generic/pgf/frontendlayer/tikz/librarie
s/tikzlibraryspy.code.tex)
(/usr/local/texlive/2025/texmf-dist/tex/generic/pgf/frontendlayer/tikz/librarie
s/tikzlibrarybending.code.tex
(/usr/local/texlive/2025/texmf-dist/tex/generic/pgf/modules/pgfmodulebending.co
de.tex
(/usr/local/texlive/2025/texmf-dist/tex/generic/pgf/modules/pgfmodulenonlineart
ransformations.code.tex)
(/usr/local/texlive/2025/texmf-dist/tex/generic/pgf/libraries/pgflibrarycurvili
near.code.tex)))
(/usr/local/texlive/2025/texmf-dist/tex/generic/pgf/frontendlayer/tikz/librarie
s/tikzlibrarymath.code.tex
(/usr/local/texlive/2025/texmf-dist/tex/generic/pgf/frontendlayer/tikz/librarie
s/tikzlibraryfpu.code.tex))
(/usr/local/texlive/2025/texmf-dist/tex/latex/pgfplots/pgfplots.sty
(/usr/local/texlive/2025/texmf-dist/tex/generic/pgfplots/pgfplots.revision.tex)
(/usr/local/texlive/2025/texmf-dist/tex/generic/pgfplots/pgfplots.code.tex
(/usr/local/texlive/2025/texmf-dist/tex/generic/pgfplots/pgfplotscore.code.tex
(/usr/local/texlive/2025/texmf-dist/tex/generic/pgfplots/sys/pgfplotssysgeneric
.code.tex))
(/usr/local/texlive/2025/texmf-dist/tex/generic/pgfplots/libs/pgfplotslibrary.c
ode.tex)
(/usr/local/texlive/2025/texmf-dist/tex/generic/pgfplots/oldpgfcompatib/pgfplot
soldpgfsupp_loader.code.tex
Package pgfplots: loading complementary utilities for your pgf version...

(/usr/local/texlive/2025/texmf-dist/tex/generic/pgfplots/oldpgfcompatib/pgfplot
soldpgfsupp_pgfutil-common-lists.tex)
(/usr/local/texlive/2025/texmf-dist/tex/generic/pgf/libraries/luamath/pgflibrar
yluamath.code.tex))
(/usr/local/texlive/2025/texmf-dist/tex/generic/pgfplots/util/pgfplotsutil.code
.tex
(/usr/local/texlive/2025/texmf-dist/tex/generic/pgfplots/liststructure/pgfplots
liststructure.code.tex)
(/usr/local/texlive/2025/texmf-dist/tex/generic/pgfplots/liststructure/pgfplots
liststructureext.code.tex)
(/usr/local/texlive/2025/texmf-dist/tex/generic/pgfplots/liststructure/pgfplots
array.code.tex)
(/usr/local/texlive/2025/texmf-dist/tex/generic/pgfplots/liststructure/pgfplots
matrix.code.tex)
(/usr/local/texlive/2025/texmf-dist/tex/generic/pgfplots/numtable/pgfplotstable
shared.code.tex)
(/usr/local/texlive/2025/texmf-dist/tex/generic/pgfplots/liststructure/pgfplots
deque.code.tex)
(/usr/local/texlive/2025/texmf-dist/tex/generic/pgfplots/util/pgfplotsbinary.co
de.tex
(/usr/local/texlive/2025/texmf-dist/tex/generic/pgfplots/util/pgfplotsbinary.da
ta.code.tex))
(/usr/local/texlive/2025/texmf-dist/tex/generic/pgfplots/util/pgfplotsutil.verb
.code.tex)
(/usr/local/texlive/2025/texmf-dist/tex/generic/pgfplots/libs/pgflibrarypgfplot
s.surfshading.code.tex
(/usr/local/texlive/2025/texmf-dist/tex/generic/pgfplots/sys/pgflibrarypgfplots
.surfshading.pgfsys-luatex.def)))
(/usr/local/texlive/2025/texmf-dist/tex/generic/pgfplots/util/pgfplotscolormap.
code.tex
(/usr/local/texlive/2025/texmf-dist/tex/generic/pgfplots/util/pgfplotscolor.cod
e.tex))
(/usr/local/texlive/2025/texmf-dist/tex/generic/pgfplots/pgfplotsstackedplots.c
ode.tex)
(/usr/local/texlive/2025/texmf-dist/tex/generic/pgfplots/pgfplotsplothandlers.c
ode.tex
(/usr/local/texlive/2025/texmf-dist/tex/generic/pgfplots/pgfplotsmeshplothandle
r.code.tex
(/usr/local/texlive/2025/texmf-dist/tex/generic/pgfplots/pgfplotsmeshplotimage.
code.tex)))
(/usr/local/texlive/2025/texmf-dist/tex/generic/pgfplots/pgfplots.scaling.code.
tex)
(/usr/local/texlive/2025/texmf-dist/tex/generic/pgfplots/pgfplotscoordprocessin
g.code.tex)
(/usr/local/texlive/2025/texmf-dist/tex/generic/pgfplots/pgfplots.errorbars.cod
e.tex)
(/usr/local/texlive/2025/texmf-dist/tex/generic/pgfplots/pgfplots.markers.code.
tex)
(/usr/local/texlive/2025/texmf-dist/tex/generic/pgfplots/pgfplotsticks.code.tex
)
(/usr/local/texlive/2025/texmf-dist/tex/generic/pgfplots/pgfplots.paths.code.te
x)
(/usr/local/texlive/2025/texmf-dist/tex/generic/pgfplots/libs/tikzlibrarypgfplo
ts.contourlua.code.tex))
(/usr/local/texlive/2025/texmf-dist/tex/generic/pgf/frontendlayer/tikz/librarie
s/tikzlibraryplotmarks.code.tex
(/usr/local/texlive/2025/texmf-dist/tex/generic/pgf/libraries/pgflibraryplotmar
ks.code.tex)))
(/usr/local/texlive/2025/texmf-dist/tex/generic/pgfplots/libs/tikzlibrarypgfplo
ts.fillbetween.code.tex
(/usr/local/texlive/2025/texmf-dist/tex/generic/pgfplots/pgfcontrib/tikzlibrary
fillbetween.code.tex
(/usr/local/texlive/2025/texmf-dist/tex/generic/pgfplots/pgfcontrib/tikzlibrary
decorations.softclip.code.tex
(/usr/local/texlive/2025/texmf-dist/tex/generic/pgfplots/pgfcontrib/pgflibraryf
illbetween.code.tex)))
(/usr/local/texlive/2025/texmf-dist/tex/generic/pgfplots/libs/tikzlibrarypgfplo
ts.decorations.softclip.code.tex))
(/usr/local/texlive/2025/texmf-dist/tex/generic/pgfplots/libs/tikzlibrarypgfplo
ts.groupplots.code.tex)
(/usr/local/texlive/2025/texmf-dist/tex/generic/pgfplots/libs/tikzlibrarypgfplo
ts.colormaps.code.tex)
(/usr/local/texlive/2025/texmf-dist/tex/generic/pgfplots/libs/tikzlibrarypgfplo
ts.statistics.code.tex)
(/usr/local/texlive/2025/texmf-dist/tex/latex/booktabs/booktabs.sty)
(/usr/local/texlive/2025/texmf-dist/tex/latex/tools/tabularx.sty)
(/usr/local/texlive/2025/texmf-dist/tex/latex/multirow/multirow.sty)
(/usr/local/texlive/2025/texmf-dist/tex/latex/tools/longtable.sty)
(/usr/local/texlive/2025/texmf-dist/tex/latex/enumitem/enumitem.sty)
(/usr/local/texlive/2025/texmf-dist/tex/latex/caption/caption.sty
(/usr/local/texlive/2025/texmf-dist/tex/latex/caption/caption3.sty)
(/usr/local/texlive/2025/texmf-dist/tex/latex/caption/ltcaption.sty))
(/usr/local/texlive/2025/texmf-dist/tex/latex/caption/subcaption.sty)
(/usr/local/texlive/2025/texmf-dist/tex/latex/siunitx/siunitx.sty
(/usr/local/texlive/2025/texmf-dist/tex/latex/translations/translations.sty
(/usr/local/texlive/2025/texmf-dist/tex/generic/pdftexcmds/pdftexcmds.sty
(/usr/local/texlive/2025/texmf-dist/tex/generic/infwarerr/infwarerr.sty)
(/usr/local/texlive/2025/texmf-dist/tex/generic/ltxcmds/ltxcmds.sty))))
(/usr/local/texlive/2025/texmf-dist/tex/latex/float/float.sty)
(/usr/local/texlive/2025/texmf-dist/tex/latex/wrapfig/wrapfig.sty)
(/usr/local/texlive/2025/texmf-dist/tex/latex/marginnote/marginnote.sty)
(/usr/local/texlive/2025/texmf-dist/tex/latex/pdfpages/pdfpages.sty
(/usr/local/texlive/2025/texmf-dist/tex/latex/base/ifthen.sty)
(/usr/local/texlive/2025/texmf-dist/tex/latex/eso-pic/eso-pic.sty)
(/usr/local/texlive/2025/texmf-dist/tex/latex/pdfpages/ppluatex.def))
(/usr/local/texlive/2025/texmf-dist/tex/latex/tools/multicol.sty)
(/usr/local/texlive/2025/texmf-dist/tex/latex/tools/afterpage.sty)
(/usr/local/texlive/2025/texmf-dist/tex/latex/lipsum/lipsum.sty
(/usr/local/texlive/2025/texmf-dist/tex/latex/lipsum/lipsum.ltd.tex))
(/usr/local/texlive/2025/texmf-dist/tex/latex/emptypage/emptypage.sty)
(/usr/local/texlive/2025/texmf-dist/tex/latex/tcolorbox/tcolorbox.sty
(/usr/local/texlive/2025/texmf-dist/tex/latex/tools/verbatim.sty)
(/usr/local/texlive/2025/texmf-dist/tex/latex/environ/environ.sty
(/usr/local/texlive/2025/texmf-dist/tex/latex/trimspaces/trimspaces.sty))
(/usr/local/texlive/2025/texmf-dist/tex/latex/tcolorbox/tcbraster.code.tex
Library (tcolorbox): 'tcbraster.code.tex' version '6.4.1'
) (/usr/local/texlive/2025/texmf-dist/tex/latex/tcolorbox/tcbskins.code.tex
Library (tcolorbox): 'tcbskins.code.tex' version '6.4.1'
(/usr/local/texlive/2025/texmf-dist/tex/latex/tikzfill/tikzfill.image.sty
(/usr/local/texlive/2025/texmf-dist/tex/latex/tikzfill/tikzfill-common.sty)
(/usr/local/texlive/2025/texmf-dist/tex/latex/tikzfill/tikzlibraryfill.image.co
de.tex))
(/usr/local/texlive/2025/texmf-dist/tex/latex/tcolorbox/tcbskinsjigsaw.code.tex
Library (tcolorbox): 'tcbskinsjigsaw.code.tex' version '6.4.1'
))
(/usr/local/texlive/2025/texmf-dist/tex/latex/tcolorbox/tcbbreakable.code.tex
Library (tcolorbox): 'tcbbreakable.code.tex' version '6.4.1'
(/usr/local/texlive/2025/texmf-dist/tex/latex/pdfcol/pdfcol.sty)
(/usr/local/texlive/2025/texmf-dist/tex/generic/iftex/ifluatex.sty))
(/usr/local/texlive/2025/texmf-dist/tex/latex/tcolorbox/tcbhooks.code.tex
Library (tcolorbox): 'tcbhooks.code.tex' version '6.4.1'
) (/usr/local/texlive/2025/texmf-dist/tex/latex/tcolorbox/tcbtheorems.code.tex
Library (tcolorbox): 'tcbtheorems.code.tex' version '6.4.1'
) (/usr/local/texlive/2025/texmf-dist/tex/latex/tcolorbox/tcbfitting.code.tex
Library (tcolorbox): 'tcbfitting.code.tex' version '6.4.1'
)
(/usr/local/texlive/2025/texmf-dist/tex/latex/tcolorbox/tcblistingsutf8.code.te
x
Library (tcolorbox): 'tcblistingsutf8.code.tex' version '6.4.1'
(/usr/local/texlive/2025/texmf-dist/tex/latex/tcolorbox/tcblistings.code.tex
Library (tcolorbox): 'tcblistings.code.tex' version '6.4.1'
(/usr/local/texlive/2025/texmf-dist/tex/latex/listings/listings.sty
(/usr/local/texlive/2025/texmf-dist/tex/latex/listings/lstpatch.sty)
(/usr/local/texlive/2025/texmf-dist/tex/latex/listings/lstmisc.sty)
(/usr/local/texlive/2025/texmf-dist/tex/latex/listings/listings.cfg))
(/usr/local/texlive/2025/texmf-dist/tex/latex/tcolorbox/tcblistingscore.code.te
x
Library (tcolorbox): 'tcblistingscore.code.tex' version '6.4.1'
(/usr/local/texlive/2025/texmf-dist/tex/latex/tcolorbox/tcbprocessing.code.tex
Library (tcolorbox): 'tcbprocessing.code.tex' version '6.4.1'
))))
(/usr/local/texlive/2025/texmf-dist/tex/latex/tcolorbox/tcbexternal.code.tex
Library (tcolorbox): 'tcbexternal.code.tex' version '6.4.1'
) (/usr/local/texlive/2025/texmf-dist/tex/latex/tcolorbox/tcbmagazine.code.tex
Library (tcolorbox): 'tcbmagazine.code.tex' version '6.4.1'
) (/usr/local/texlive/2025/texmf-dist/tex/latex/tcolorbox/tcbvignette.code.tex
Library (tcolorbox): 'tcbvignette.code.tex' version '6.4.1'
) (/usr/local/texlive/2025/texmf-dist/tex/latex/tcolorbox/tcbposter.code.tex
Library (tcolorbox): 'tcbposter.code.tex' version '6.4.1'
) (/usr/local/texlive/2025/texmf-dist/tex/latex/tcolorbox/tcbminted.code.tex
Library (tcolorbox): 'tcbminted.code.tex' version '6.4.1'
(/usr/local/texlive/2025/texmf-dist/tex/latex/minted/minted.sty
(/usr/local/texlive/2025/texmf-dist/tex/generic/catchfile/catchfile.sty
(/usr/local/texlive/2025/texmf-dist/tex/generic/etexcmds/etexcmds.sty))
(/usr/local/texlive/2025/texmf-dist/tex/latex/fvextra/fvextra.sty
(/usr/local/texlive/2025/texmf-dist/tex/latex/fancyvrb/fancyvrb.sty)
(/usr/local/texlive/2025/texmf-dist/tex/latex/upquote/upquote.sty
(/usr/local/texlive/2025/texmf-dist/tex/latex/base/textcomp.sty))
(/usr/local/texlive/2025/texmf-dist/tex/latex/lineno/lineno.sty
(/usr/local/texlive/2025/texmf-dist/tex/latex/kvoptions/kvoptions.sty
(/usr/local/texlive/2025/texmf-dist/tex/latex/kvsetkeys/kvsetkeys.sty))

LaTeX Warning: Command \@parboxrestore  has changed.
               Check if current package is valid.

)

Package fvextra Warning: csquotes should be loaded after fvextra, to avoid a wa
rning from the lineno package on input line 37.

) (/usr/local/texlive/2025/texmf-dist/tex/latex/latex2pydata/latex2pydata.sty)
(/usr/local/texlive/2025/texmf-dist/tex/latex/pgfopts/pgfopts.sty)
(/usr/local/texlive/2025/texmf-dist/tex/latex/tools/shellesc.sty))))
(/usr/local/texlive/2025/texmf-dist/tex/latex/fontawesome5/fontawesome5.sty
(/usr/local/texlive/2025/texmf-dist/tex/latex/fontawesome5/fontawesome5-utex-he
lper.sty
(/usr/local/texlive/2025/texmf-dist/tex/luatex/luatexbase/luatexbase.sty
(/usr/local/texlive/2025/texmf-dist/tex/luatex/ctablestack/ctablestack.sty))
(/usr/local/texlive/2025/texmf-dist/tex/latex/fontawesome5/tufontawesomefree.fd
)
(/usr/local/texlive/2025/texmf-dist/tex/latex/fontawesome5/tufontawesomebrands.
fd))) (/usr/local/texlive/2025/texmf-dist/tex/latex/titlesec/titlesec.sty)
(/usr/local/texlive/2025/texmf-dist/tex/latex/fancyhdr/fancyhdr.sty)
(/usr/local/texlive/2025/texmf-dist/tex/latex/titlesec/titletoc.sty)
(/usr/local/texlive/2025/texmf-dist/tex/latex/biblatex/biblatex.sty
(/usr/local/texlive/2025/texmf-dist/tex/latex/logreq/logreq.sty
(/usr/local/texlive/2025/texmf-dist/tex/latex/logreq/logreq.def))
(/usr/local/texlive/2025/texmf-dist/tex/latex/url/url.sty)
(/usr/local/texlive/2025/texmf-dist/tex/latex/biblatex/blx-dm.def)
(/usr/local/texlive/2025/texmf-dist/tex/latex/biblatex-apa/apa.dbx)
(/usr/local/texlive/2025/texmf-dist/tex/latex/biblatex/blx-unicode.def)
(/usr/local/texlive/2025/texmf-dist/tex/latex/biblatex/blx-compat.def)
(/usr/local/texlive/2025/texmf-dist/tex/latex/biblatex/biblatex.def)
(/usr/local/texlive/2025/texmf-dist/tex/latex/biblatex-apa/apa.bbx
(/usr/local/texlive/2025/texmf-dist/tex/latex/biblatex/bbx/standard.bbx))
(/usr/local/texlive/2025/texmf-dist/tex/latex/biblatex-apa/apa.cbx)
(/usr/local/texlive/2025/texmf-dist/tex/latex/biblatex/biblatex.cfg)
(/usr/local/texlive/2025/texmf-dist/tex/latex/biblatex/blx-case-expl3.sty))
(/usr/local/texlive/2025/texmf-dist/tex/latex/hyperref/hyperref.sty
(/usr/local/texlive/2025/texmf-dist/tex/generic/kvdefinekeys/kvdefinekeys.sty)
(/usr/local/texlive/2025/texmf-dist/tex/generic/pdfescape/pdfescape.sty)
(/usr/local/texlive/2025/texmf-dist/tex/latex/hycolor/hycolor.sty)
(/usr/local/texlive/2025/texmf-dist/tex/latex/hyperref/nameref.sty
(/usr/local/texlive/2025/texmf-dist/tex/latex/refcount/refcount.sty)
(/usr/local/texlive/2025/texmf-dist/tex/generic/gettitlestring/gettitlestring.s
ty)) (/usr/local/texlive/2025/texmf-dist/tex/generic/stringenc/stringenc.sty)
(/usr/local/texlive/2025/texmf-dist/tex/latex/hyperref/pd1enc.def)
(/usr/local/texlive/2025/texmf-dist/tex/generic/intcalc/intcalc.sty)
(/usr/local/texlive/2025/texmf-dist/tex/latex/hyperref/puenc.def)
(/usr/local/texlive/2025/texmf-dist/tex/generic/bitset/bitset.sty
(/usr/local/texlive/2025/texmf-dist/tex/generic/bigintcalc/bigintcalc.sty))
(/usr/local/texlive/2025/texmf-dist/tex/latex/base/atbegshi-ltx.sty))
(/usr/local/texlive/2025/texmf-dist/tex/latex/hyperref/hluatex.def
(/usr/local/texlive/2025/texmf-dist/tex/latex/base/atveryend-ltx.sty)
(/usr/local/texlive/2025/texmf-dist/tex/latex/rerunfilecheck/rerunfilecheck.sty

(/usr/local/texlive/2025/texmf-dist/tex/generic/uniquecounter/uniquecounter.sty
))) (/usr/local/texlive/2025/texmf-dist/tex/latex/bookmark/bookmark.sty
(/usr/local/texlive/2025/texmf-dist/tex/latex/bookmark/bkm-pdftex.def))
(/usr/local/texlive/2025/texmf-dist/tex/latex/cleveref/cleveref.sty))
(./estilo/libro.sty

LaTeX Warning: You have requested package `estilo/libro',
               but the package provides `libro'.

) (./build/libro/main.aux (./build/libro/capitulos/cap00.aux)
(./build/libro/capitulos/cap01.aux) (./build/libro/capitulos/cap02.aux)
(./build/libro/capitulos/cap03.aux) (./build/libro/capitulos/cap04.aux)
(./build/libro/capitulos/cap05.aux) (./build/libro/capitulos/cap06.aux)
(./build/libro/capitulos/cap07.aux) (./build/libro/capitulos/cap08.aux)
(./build/libro/capitulos/cap09.aux) (./build/libro/capitulos/cap10.aux)
(./build/libro/capitulos/cap11.aux) (./build/libro/capitulos/cap12.aux)
(./build/libro/capitulos/cap13.aux) (./build/libro/capitulos/cap14.aux)
(./build/libro/capitulos/cap15.aux) (./build/libro/capitulos/cap16.aux)
(./build/libro/capitulos/cap17.aux) (./build/libro/capitulos/cap18.aux))
*geometry* driver: auto-detecting
*geometry* detected driver: luatex

Package unicode-math Warning: Using \overbracket and \underbracket from
(unicode-math)                `mathtools' package.
(unicode-math)                 
(unicode-math)                 Use \Uoverbracket and \Uunderbracket for
(unicode-math)                original `unicode-math' definition.


Package unicode-math Warning: I'm going to overwrite the following commands
(unicode-math)                from the `mathtools' package: 
(unicode-math)                 
(unicode-math)                     \dblcolon, \coloneqq, \Coloneqq, \eqqcolon.
(unicode-math)                
(unicode-math)                 
(unicode-math)                 Note that since I won't overwrite the other
(unicode-math)                colon-like commands, using them will lead to
(unicode-math)                inconsistencies.

(/usr/local/texlive/2025/texmf-dist/tex/context/base/mkii/supp-pdf.mkii
[Loading MPS to PDF converter (version 2006.09.02).]
) (/usr/local/texlive/2025/texmf-dist/tex/latex/epstopdf-pkg/epstopdf-base.sty
(/usr/local/texlive/2025/texmf-dist/tex/latex/latexconfig/epstopdf-sys.cfg))
Package pgfplots notification 'compat/show suggested version=true': document ha
s been generated with the most recent feature set (\pgfplotsset{compat=1.18}).


(/usr/local/texlive/2025/texmf-dist/tex/latex/translations/translations-basic-d
ictionary-spanish.trsl)
(/usr/local/texlive/2025/texmf-dist/tex/latex/pdflscape/pdflscape.sty
(/usr/local/texlive/2025/texmf-dist/tex/latex/pdflscape/pdflscape-nometadata.st
y (/usr/local/texlive/2025/texmf-dist/tex/latex/graphics/lscape.sty)))
(/usr/local/texlive/2025/texmf-dist/tex/latex/biblatex-apa/spanish-apa.lbx
(/usr/local/texlive/2025/texmf-dist/tex/latex/biblatex/lbx/spanish.lbx)
(/usr/local/texlive/2025/texmf-dist/tex/latex/biblatex/lbx/spanish.lbx))
(./build/libro/main.bbl) (./preliminares/portada.tex
[1{/usr/local/texlive/2025/texmf-var/fonts/map/pdftex/updmap/pdftex.map}])
(./preliminares/creditos.tex
Overfull \hbox (84.31575pt too wide) in paragraph at lines 14--16
[]\TU/SourceSansPro(0)/b/n/10 La-bo-ra-to-rios: \TU/SourceSansPro(0)/m/n/10 ca-
da ca-pí-tu-lo tie-ne no-te-books de Goo-gle Co-lab en []\TU/FiraMono(0)/m/n/1
0 github.com/juvenalyosa/bioinformatica-
(/usr/local/texlive/2025/texmf-dist/tex/latex/microtype/mt-msa.cfg)
(/usr/local/texlive/2025/texmf-dist/tex/latex/microtype/mt-msb.cfg)
[2]) (./preliminares/prologo.tex
[3]) (./preliminares/como_leer.tex
[4]
[5] (./build/libro/_FAD58DE7366495DB4650CFEFAC2FCD61.config.minted)
(./build/libro/_minted/friendly.style.minted)
(./build/libro/_minted/BEF3B8B8BDD33968A14FA808785354C3.highlight.minted)
(/usr/local/texlive/2025/texmf-dist/tex/latex/microtype/mt-TU-empty.cfg)
[6])
[7]
[8] (./build/libro/main.toc
[9]
[10]
[11])
[12]
[1]
[2] (./capitulos/cap00.tex
Capítulo 0.
(./build/libro/_minted/8C9B3A63627C37731E1FD336D48FC127.highlight.minted)
(./build/libro/_minted/6304C5C79A1960F1E72F263B2D98C0D7.highlight.minted)
[3]
[4]
[5] (./build/libro/_minted/4D9B7703616AC10A2A9F1ACAC9B1755A.highlight.minted)
(./build/libro/_minted/61619DD35E105CD72FA32982E97C6BD4.highlight.minted)
(./build/libro/_minted/61619DD35E105CD72FA32982E97C6BD4.highlight.minted)
(./build/libro/_minted/61619DD35E105CD72FA32982E97C6BD4.highlight.minted)
(./build/libro/_minted/61619DD35E105CD72FA32982E97C6BD4.highlight.minted)
[6] (./build/libro/_minted/E925918E7AD88B5A1F3AE42487A1A8A1.highlight.minted)
(./build/libro/_minted/AA4E751D09DAC32103E81EE94191D8F0.highlight.minted)
(./build/libro/_minted/7DF3DDFB669410F023887A25458D72AA.highlight.minted)
[7] (./build/libro/_minted/92F42BFDC74D5B248A7A5456939894B5.highlight.minted)
(./build/libro/_minted/F484301B04A6D1565E0FDA3BDFC2E338.highlight.minted)
(./build/libro/_minted/4E4CDBD57EE0F0329ABE05E24C0D9B52.highlight.minted)
(./build/libro/_minted/56615FF015D7DE9C6B97366D356E6B7B.highlight.minted)
(./build/libro/_minted/FE858F386894F5DC07FFC35D2E85F1EB.highlight.minted)
[8] (./build/libro/_minted/9A7250C12500553C722080DF51605D5F.highlight.minted)
(./build/libro/_minted/11A76C5EDE624DC86C91CD8B5370CF03.highlight.minted)
(./build/libro/_minted/E92218370DE2FEF1F9FDF3A94CB202EF.highlight.minted)
(./build/libro/_minted/3E5771F3A09B7B267E450FE152FFC2F1.highlight.minted)
[9] (./build/libro/_minted/AA4E751D09DAC32103E81EE94191D8F0.highlight.minted)
(./build/libro/_minted/753032298446E7E5F80FABCA075C1A0C.highlight.minted)
(./build/libro/_minted/7DF3DDFB669410F023887A25458D72AA.highlight.minted)
[10] (./build/libro/_minted/D72314C65155B17F7E2F3BF06746917A.highlight.minted)
(./build/libro/_minted/BEE34B025ED1B00A13A323BBDA73D8A2.highlight.minted)
(./build/libro/_minted/2112F0D8237D358414184C18E63F5F23.highlight.minted)
(./build/libro/_minted/80B86A85DB4323E100A4B295347E4471.highlight.minted)
(./build/libro/_minted/7DF3DDFB669410F023887A25458D72AA.highlight.minted)
[11] (./build/libro/_minted/A344ED8C892DE6AE69372287B5CD17AB.highlight.minted)
(./build/libro/_minted/39E91D9AC22E3D42D814AD9FB742DC66.highlight.minted)
(./build/libro/_minted/FDADEA7E05AB24F912875C26D5B46AED.highlight.minted)
(./build/libro/_minted/F8F6ECF7B3F46CC87C7D91A1F53CA804.highlight.minted)
(./build/libro/_minted/D8B743DC19C49DFA8ACF9E203F223323.highlight.minted)
[12]
[13] (./build/libro/_minted/D10B7A133AF27BF645C78FFCC50A11B3.highlight.minted)
[14] (./build/libro/_minted/278D6BD2BFDC5333D3CAB5991396EBFF.highlight.minted)
(./build/libro/_minted/DCF5DFB680058E1B4246393063036E42.highlight.minted)
(./build/libro/_minted/456C7983D77F8C77119270E39ACEFB97.highlight.minted)
[15]
[16] (./figuras/cap00/franjas.tex)
[17] (./build/libro/_minted/D58997CE7C4DEF2FD5314955EFB6089A.highlight.minted)
[18]
Underfull \hbox (badness 10000) in paragraph at lines 434--434
[]|\TU/LibertinusSerif(0)/m/n/10 Ta-bla de tra-duc-ción; Biopython la guar-da 
en
(./figuras/cap00/codigo_genetico.tex)
Underfull \hbox (badness 3088) in paragraph at lines 441--441
[][][]|\TU/SourceSansPro(0)/m/n/10 El có-di-go ge-né-ti-co es-tán-dar (ta-bl
a 1 del NC-BI), ge-ne-ra-do a par-tir de

[19]
[20] (./figuras/cap00/orfs.tex)
(./build/libro/_minted/CA19CC7347EA6C92423B4E69E47D8B3E.highlight.minted)
(./build/libro/_minted/BAA87F95A3003DC43A557F64B16DA2C3.highlight.minted)
(./build/libro/_minted/C79CB5FCC7B51A4743C6AE49C2982132.highlight.minted)
(./build/libro/_minted/88E5580B7E014BBE7ECF9AEDFD694AEF.highlight.minted)
(./build/libro/_minted/029B4F91E43C479B96736EDB4FE929CF.highlight.minted)
(./build/libro/_minted/FD75BA80FBB834A80872F18D924E46E0.highlight.minted)
(./build/libro/_minted/747D581460F79BE5DF2AA0805D40E14D.highlight.minted)
(./build/libro/_minted/BAA87F95A3003DC43A557F64B16DA2C3.highlight.minted)
(./build/libro/_minted/67D66BEC1E70118E702EFB38C6F01240.highlight.minted)
(./build/libro/_minted/59A1AD82386FEED4F8BB9058E05F82A9.highlight.minted)
[21] (./build/libro/_minted/6A0091BBFF509ED8AA6CD4A02EFB2D43.highlight.minted)
(./build/libro/_minted/B9B1C7D72C832761C587830F81C4C9F0.highlight.minted)
(./build/libro/_minted/D5D66AB00538F39BF8E603B09CCADB5D.highlight.minted)
(./build/libro/_minted/5D0CE8B6D289D28BE2BDF6063D515941.highlight.minted)
(./build/libro/_minted/05F14A2860EE2D40A1C62F40509A0D5B.highlight.minted)
[22] (./build/libro/_minted/586B0F00A98A42449F262CE5E5BCF75E.highlight.minted)
(./build/libro/_minted/5A99930410A9D4586D122F762AFAF445.highlight.minted)
(./build/libro/_minted/803102BB80364C93EB7AA241FBC34FD9.highlight.minted)
[23] (./build/libro/_minted/59A1AD82386FEED4F8BB9058E05F82A9.highlight.minted)
[24] (./build/libro/_minted/F843A2CFBC6FB9259631F475B6CA1BB6.highlight.minted)
(./build/libro/_minted/7F7CF8FF83D7F8CDF08AD607594247AB.highlight.minted)
(./build/libro/_minted/6304C5C79A1960F1E72F263B2D98C0D7.highlight.minted)
Overfull \hbox (1.79884pt too wide) in paragraph at lines 556--557
[]\TU/LibertinusSerif(0)/m/n/10.95 En Co-lab, BLAST+ se ins-ta-la des-de los re
-po-si-to-rios del sis-te-ma (\TU/FiraMono(0)/m/n/10.95 apt-get install
(./build/libro/_minted/A01B4D9E576FE70A98A276196AF57D32.highlight.minted)
[25]
[26]
[27]
[28]
[29] (./build/libro/_minted/8634C69E33AC06CA9F41796D1DD56001.highlight.minted)
[30] (./build/libro/_minted/3E2BA9CCE91393727EBB621EAB2FC0D9.highlight.minted)
(./build/libro/_minted/68BB524BB857F1397ECB481F04B3EDFE.highlight.minted)
[31]
[32]
[33]
[34] (./build/libro/_minted/monokai.style.minted)
(./build/libro/_minted/2F3CEE2046B93926A8D9E4FEFB398E94.highlight.minted)
Overfull \hbox (7.61224pt too wide) in paragraph at lines 815--816
[]\TU/FiraMono(0)/m/n/10.95 analisis_final.py[]\TU/LibertinusSerif(0)/m/n/10.95
 , []\TU/FiraMono(0)/m/n/10.95 analisis_final_v2.py[] \TU/LibertinusSerif(0)/m/
n/10.95 y []\TU/FiraMono(0)/m/n/10.95 analisis_final_DEFINITIVO.py[]

[35]
[36] (./build/libro/_minted/6E49A5F1202C4934D48624439FF7E3E6.highlight.minted)
[37] (./build/libro/_minted/D58997CE7C4DEF2FD5314955EFB6089A.highlight.minted)
(./build/libro/_minted/CA19CC7347EA6C92423B4E69E47D8B3E.highlight.minted)
(./build/libro/_minted/BAA87F95A3003DC43A557F64B16DA2C3.highlight.minted)
(./build/libro/_minted/C533377C8094FE3F390F065726C4FE95.highlight.minted)
(./build/libro/_minted/F843A2CFBC6FB9259631F475B6CA1BB6.highlight.minted)
Overfull \hbox (5.91696pt too wide) in paragraph at lines 909--910
[]\TU/LibertinusSerif(0)/m/n/10 Biopython re-pre-sen-ta se-cuen-cias (\TU/FiraM
ono(0)/m/n/10 Seq\TU/LibertinusSerif(0)/m/n/10 ), re-gis-tros (\TU/FiraMono(0)/
m/n/10 SeqRecord\TU/LibertinusSerif(0)/m/n/10 ) y ar-chi-vos (\TU/FiraMono(0)/m
/n/10 SeqIO\TU/LibertinusSerif(0)/m/n/10 );

[38] (./build/libro/_minted/3A2D166075E0B64350DE5BAE5E0247EF.highlight.minted)
(./build/libro/_minted/CF13CEBDE5C53D2BF5CCC748E8A321C0.highlight.minted)
(./build/libro/_minted/D8B743DC19C49DFA8ACF9E203F223323.highlight.minted)
(./build/libro/_minted/83CA7018258974E916B8C9B78E03C316.highlight.minted)
(./build/libro/_minted/A206EEBC744BB76850BA38E9BEE2B10C.highlight.minted)
[39]
[40]
[41])
[42] (./capitulos/cap01.tex
Capítulo 1.

[43]
[44]
[45]
[46]
[47] (./figuras/cap01/spike_flujo.tex)
Overfull \hbox (8.5459pt too wide) in paragraph at lines 207--112
 [][] 
(./build/libro/_minted/D04E910473B33E7B3578A21EB2A992BC.highlight.minted)
[48] (./build/libro/_minted/9C60B04E89D237F7369DCFDE48D51AA6.highlight.minted)
[49]
[50]
[51]
[52]
[53] (./figuras/cap01/rueda_codigo.tex)
(./build/libro/_minted/D75C340F8FC9E6F85486EDFF20E4B2EE.highlight.minted)
[54]
[55]
[56]
[57]
[58]
[59]
[60] (./figuras/cap01/seis_marcos.tex)
Overfull \hbox (3.73195pt too wide) in paragraph at lines 146--477
 [][] 

[61] (./build/libro/_minted/4F8171D5BAB412D603C4797D53E0A105.highlight.minted)
(./build/libro/_minted/67EDD061455DEF83904F684D978134B9.highlight.minted)
[62]
[63]
[64]
Overfull \hbox (14.43657pt too wide) in paragraph at lines 578--579
[]\TU/LibertinusSerif(0)/m/n/10.95 El de-ta-lle tie-ne con-se-cuen-cias dra-m
á-ti-cas. Si tra-du-ci-mos las 󰂧󰀙󰂦 CDS de \TU/LibertinusSerif(0)/m/it
/10.95 M.genitalium

[65]
Underfull \hbox (badness 1783) in paragraph at lines 615--615
[][][]|\TU/SourceSansPro(0)/m/n/10 Lon-gi-tud de los tra-mos sin co-do-nes de p
a-ra-da en los seis mar-cos de

[66]
[67]
[68]
[69]
[70]
[71]
[72]
[73] (./build/libro/_minted/4FB2D7913F0CA2C30012D0E43AE4586A.highlight.minted)
Overfull \hbox (9.11414pt too wide) in paragraph at lines 836--837
[]\TU/LibertinusSerif(0)/m/n/10.95 Apli-que-mos el mé-to-do al ge-no-ma de re-
fe-ren-cia de \TU/LibertinusSerif(0)/m/it/10.95 E.coli \TU/LibertinusSerif(0)/m
/n/10.95 K-󰀚󰀫 MG󰀚󰂨󰂧󰂧 (NC_󰀙󰀙󰀙󰂫󰀚󰀬.󰀬,

Overfull \hbox (7.47232pt too wide) in paragraph at lines 836--837
\TU/LibertinusMath-Regular.otf(1)/m/n/10.95 4 641 652$ \TU/LibertinusSerif(0)/m
/n/10.95 pb). Se-gún su pro-pia ano-ta-ción, el ori-gen de re-pli-ca-ción (\
TU/LibertinusSerif(0)/m/it/10.95 fea-tu-re \TU/FiraMono(0)/m/n/10.95 rep_origin
\TU/LibertinusSerif(0)/m/n/10.95 )

Overfull \hbox (11.83607pt too wide) in paragraph at lines 861--862
 [][] 

[74]
[75] (./figuras/cap01/mapa_circular.tex)
[76]
[77]
[78] (./build/libro/_minted/69E1193D2A9FCC1BDA67163CC0EAED6E.highlight.minted)
[79] (./build/libro/_minted/C5012911B58674ACCFB6CF4C08C58B33.highlight.minted)
[80]
[81])
[82] (./capitulos/cap02.tex
Capítulo 2.

[83]
[84]
[85] (./build/libro/_minted/0F763B8CEC732EB7298584E7BE4A57EB.highlight.minted)
[86] (./figuras/cap02/fastq_registro.tex)
Overfull \hbox (4.94872pt too wide) in paragraph at lines 144--94
 [][] 

[87]
[88] (./figuras/cap02/ascii_phred.tex)
[89]
[90]
[91] (./build/libro/_minted/609F80DDAFA0AE392854A1964B3720C6.highlight.minted)
[92] (./build/libro/_minted/93BA1F69E00F52C8D0CC98F4560D752C.highlight.minted)
[93] (./build/libro/_minted/14EF055F6C80904E1631D81D947EE5DC.highlight.minted)
[94]
[95] (./build/libro/_minted/EC7928F777544D92FCB4E548B3B01662.highlight.minted)
(./build/libro/_minted/446E4998B158A7FA2C46D37DBE6E0B1D.highlight.minted)
[96] (./build/libro/_minted/7BB9C40989B0635740758893F58C33D0.highlight.minted)
[97]
[98]
[99] (./figuras/cap02/cigar.tex)
[100] (./build/libro/_minted/A4DD59ACBAAF971D9032DEDD9FAC5733.highlight.minted)
 (./figuras/cap02/flag.tex)
[101]
[102]
[103]
Overfull \hbox (9.48317pt too wide) in paragraph at lines 548--549
 [][] 

[104] (./build/libro/_minted/62DCFB5551EAC373DE9436AABF8F8256.highlight.minted)

[105]
Overfull \hbox (1.20883pt too wide) detected at line 583
[][][][]\TU/LibertinusMath-Regular.otf(1)/m/n/10.95 ℙ(𝐷 ∣ 𝐺) = [] [] 
,  [][] = −10 [][] [],

[106]
[107]
[108]
[109]
[110]
[111] (./build/libro/_minted/EF4031F881D8CD2F67EAA1F110D6D1E1.highlight.minted)
 (./build/libro/_minted/9DD8D0934836A1ABD51B4164F0C24446.highlight.minted)
[112] (./build/libro/_minted/8C9D78F6C9AD9387ADF7F99DF4CC44A3.highlight.minted)

[113] (./figuras/cap02/tp53_gen.tex)
[114]
[115]

Package siunitx Warning: Unit macro \angstrom has been deprecated in this
(siunitx)                release.
(siunitx)                
(siunitx)                The BIPM have removed this unit from the SI Brochure.
(siunitx)                You should define it yourself using \DeclareSIUnit in
(siunitx)                your source. The current definition is
(siunitx)                
(siunitx)                \DeclareSIUnit\angstrom{Å}


[116]
Overfull \hbox (1.60913pt too wide) in paragraph at lines 928--929
 [][] 

[117]
Overfull \hbox (1.52997pt too wide) in paragraph at lines 952--953
\TU/LibertinusMath-Regular.otf(1)/m/n/10 −10 [][] 𝑝$\TU/LibertinusSerif(0)
/m/n/10 , co-di-fi-ca-da co-mo \TU/FiraMono(0)/m/n/10 chr(Q+33)\TU/LibertinusSe
rif(0)/m/n/10 . Los erro-res es-pe-ra-dos, $[] \TU/LibertinusMath-Regular.otf(1
)/m/n/10 = [] 10[]$\TU/LibertinusSerif(0)/m/n/10 ,

[118] (./build/libro/_minted/89BE2DDDF6AEA86FB5219367BFD9A183.highlight.minted)

[119] (./build/libro/_minted/C3971AF81946531F8C54F16DB8100075.highlight.minted)

[120]
[121])
[122]
[123]
[124] (./capitulos/cap03.tex
Capítulo 3.

[125]
[126]
[127] (./figuras/cap03/dotplot.tex)
(./build/libro/_minted/BD23C9D0AD8811889A7EAD792A54B0D5.highlight.minted)
[128]
[129]
[130] (./figuras/cap03/nw_matriz.tex)
[131] (./build/libro/_minted/590A4CC0C31739B20696E4597DE3F49F.highlight.minted)

[132]
[133]
[134]
[135]
[136] (./figuras/cap03/blosum62.tex)
[137]
[138]
Overfull \hbox (13.97198pt too wide) in paragraph at lines 353--354
 [][] 

[139]
[140]
Underfull \hbox (badness 1688) in paragraph at lines 412--412
[][][]|\TU/SourceSansPro(0)/m/n/10 El va-lor $\TU/LibertinusMath-Regular.otf(1)
/m/n/10 𝐸$ \TU/SourceSansPro(0)/m/n/10 de-cre-ce ex-po-nen-cial-men-te con l
a pun-tua-ción en bits ([]ecua-

[141] (./build/libro/_minted/32DB74441C5BFD38B4588D54487A24B1.highlight.minted)

[142]
[143] (./build/libro/_minted/FCD0E571D71E11828D61237DB0F44534.highlight.minted)
 (./build/libro/_minted/5AA0E90BF64EBE40CCE53D50F7A9114C.highlight.minted)
[144]
[145])
[146] (./capitulos/cap04.tex
Capítulo 4.

[147]
[148]
[149]
[150]

LaTeX Font Warning: Font shape `TU/LibertinusMath-Regular.otf(1)/b/n' undefined

(Font)              using `TU/LibertinusMath-Regular.otf(1)/m/n' instead on inp
ut line 103.


LaTeX Font Warning: Font shape `TU/LibertinusMath-Regular.otf(2)/b/n' undefined

(Font)              using `TU/LibertinusMath-Regular.otf(2)/m/n' instead on inp
ut line 103.


LaTeX Font Warning: Font shape `TU/LibertinusMath-Regular.otf(3)/b/n' undefined

(Font)              using `TU/LibertinusMath-Regular.otf(3)/m/n' instead on inp
ut line 103.


[151]
Overfull \hbox (3.70615pt too wide) in paragraph at lines 157--158
 [][] 

[152]
[153] (./figuras/cap04/arbol_guia.tex)
[154]
[155] (./figuras/cap04/msa_globinas.tex)
[156]
[157]
[158] (./build/libro/_minted/AC6EC0B4BF178663EF4869B9F2FCA17E.highlight.minted)
 (./build/libro/_minted/CD62D53DB2ACAC00B5378F9B45DBC5CB.highlight.minted)
(./build/libro/_minted/AF140FCF94248933795D9A96186C51A2.highlight.minted)
[159]
[160]
[161] (./figuras/cap04/pwm_tbp.tex)
[162]
[163] (./figuras/cap04/logo_tbp.tex)
Overfull \hbox (4.77663pt too wide) in paragraph at lines 431--432
[]\TU/LibertinusSerif(0)/m/n/10.95 La de-mos-tra-ción es una lí-nea: por li-n
ea-li-dad de la es-pe-ran-za, $\TU/LibertinusMath-Regular.otf(1)/b/n/10.95 
𝔼[][𝑆] = [][] [][] 𝑓[]𝑊[]$\TU/LibertinusSerif(0)/m/n/10.95 ,

[164]
Overfull \hbox (1.76033pt too wide) in paragraph at lines 485--486
 [][] 
(./build/libro/_minted/386B3044A87B70A383EC19106DE39272.highlight.minted)
[165] (./build/libro/_minted/617CBF731368D69B6EDE135C27C679BF.highlight.minted)
 (./build/libro/_minted/16D8BD2C11870FDD994417684C6D33A7.highlight.minted)
(./build/libro/_minted/BFF8363DA7015889F05AC01B3D6C614E.highlight.minted)
[166]
[167]
[168]
[169]
[170]
[171] (./build/libro/_minted/1A7BA2716EB3DF177951C52DD5840755.highlight.minted)

[172] (./figuras/cap04/trellis.tex)
(./build/libro/_minted/9D205B13BB53B0E7880694E1445B4C96.highlight.minted)
[173]
[174]
[175] (./figuras/cap04/baumwelch_ref.tex)
[176]
[177]
[178]
[179]
[180] (./build/libro/_minted/5DABC7EC8ED743F2B1BF4DB93B473B37.highlight.minted)

[181] (./build/libro/_minted/C9DB8DF64282B3DF655DC5D0DF5E7B1C.highlight.minted)

[182] (./build/libro/_minted/280AA58DA99462EF03815BD079E0485B.highlight.minted)

[183]
[184]
[185])
[186] (./capitulos/cap05.tex
Capítulo 5.

[187]
[188]
[189]
[190] (./figuras/cap05/topologias.tex)
[191]
[192]
[193]
[194]
[195]
[196]
[197]
[198]
[199]
[200] (./build/libro/_minted/27341BF1086B7EF5B40F905B383DC828.highlight.minted)

[201]
[202]
[203]
[204]
[205]
[206]
[207] (./figuras/cap05/nj_D.tex) (./figuras/cap05/nj_Q.tex)

Package caption Warning: The option `hypcap=true' will be ignored for this
(caption)                particular \caption on input line 658.
See the caption package documentation for explanation.


[208] (./build/libro/_minted/3EF0D0A81E34E1FD73A12FBC14D355F4.highlight.minted)
 (./build/libro/_minted/D7157A9139B9B80829DA8FF3EA59FB9A.highlight.minted)
[209]
[210]
[211]
[212]
[213]
[214] (./build/libro/_minted/5A04D2E04861FB5F48250921BBDA4972.highlight.minted)

[215]
[216]
[217] (./figuras/cap05/modelos.tex)
[218]
Overfull \hbox (4.09785pt too wide) in paragraph at lines 1042--1043
 [][] 

[219]
[220] (./figuras/cap05/bootstrap_esquema.tex)
(./figuras/cap05/arbol_bootstrap.tex)
[221] (./build/libro/_minted/8932DDEE01B92B0BE291BE1DEC3E2B8A.highlight.minted)

[222]
[223] (./build/libro/_minted/1D43B41F55D16C2619979B9347BDF195.highlight.minted)
 (./build/libro/_minted/C200912C34A3608533C1C66C95B00BA7.highlight.minted)
[224]
[225]
Overfull \hbox (1.22649pt too wide) in paragraph at lines 1144--1144
\TU/LibertinusSerif(0)/m/n/10 lar-ge phy-lo-ge-nies. \TU/LibertinusSerif(0)/m/i
t/10 Bio-in-for-ma-tics\TU/LibertinusSerif(0)/m/n/10 , \TU/LibertinusSerif(0)/m
/it/10 󰀘󰀖\TU/LibertinusSerif(0)/m/n/10 (󰂫), 󰀚󰀬󰀚󰀫[]󰀚
󰀬󰀚󰀬. []$https : / / doi . org / 10 . 1093 / bioinformatics /
)
[226]
[227]
[228] (./capitulos/cap06.tex
Capítulo 6.

[229]
[230]
[231]
[232]
[233]
[234]
[235]
[236]
[237]
Underfull \hbox (badness 10000) in paragraph at lines 266--266
[]|\TU/LibertinusSerif(0)/m/n/10 sus-ti-tu-cio-nes; peor

[238]
[239]
[240]
[241] (./figuras/cap06/fastq_anatomia.tex)
Overfull \hbox (11.89316pt too wide) in paragraph at lines 135--387
 [][] 

[242]
[243]
Overfull \hbox (8.68974pt too wide) in paragraph at lines 450--451
 [][] 

[244]
[245] (./figuras/cap06/fastqc_ticks.tex) (./figuras/cap06/fastqc_cajas.tex)
[246]
[247]
[248]
[249] (./figuras/cap06/ventana_corte.tex)
[250] (./build/libro/_minted/3FA3425132AC7A4530BB11F26E5276B2.highlight.minted)
 (./build/libro/_minted/821C113D8B9E44D2831516C5666DF5C4.highlight.minted)
[251]
[252] (./figuras/cap06/lecturas.tex)
Overfull \hbox (10.1817pt too wide) in paragraph at lines 42--696
 [][] 

[253]
[254]
[255]
[256]
Overfull \hbox (11.96657pt too wide) in paragraph at lines 798--799
 [][] 

[257]
[258]
Overfull \hbox (11.35353pt too wide) in paragraph at lines 858--859
[]\TU/LibertinusSerif(0)/m/it/10.95 Si, en ca-da po-si-ción, $\TU/LibertinusMa
th-Regular.otf(1)/b/n/10.95 𝐷 ∣ 𝜆 ∼ [](𝜆)$ \TU/LibertinusSerif(0)/
m/it/10.95 y la ta-sa lo-cal si-gue $\TU/LibertinusMath-Regular.otf(1)/b/n/10.9
5 𝜆 ∼ [](𝑟,  𝑐/𝑟)$

[259]
[260]
[261] (./build/libro/_minted/56E7BA3F540CF7F50338EEE064776178.highlight.minted)

[262]
[263]
[264]
[265]
[266])
[267] (./capitulos/cap07.tex
[268]
Capítulo 7.

[269]
[270]
[271]
Overfull \hbox (5.92076pt too wide) in paragraph at lines 98--99
 [][] 

[272]
[273] (./figuras/cap07/rotaciones.tex)
[274]
[275] (./figuras/cap07/lfmap.tex)
[276]
[277]
[278] (./figuras/cap07/backward.tex)
(./build/libro/_minted/8B589466AEDD7A05E25CC6097D616010.highlight.minted)
[279]
[280]
[281]
Overfull \hbox (2.75526pt too wide) in paragraph at lines 340--341
 [][] 

[282]
[283]
[284]
[285]
[286] (./figuras/cap07/minimizadores.tex)
(./build/libro/_minted/7D40A47682C31F3E14B2C97B4ED5BC56.highlight.minted)
[287]
Overfull \hbox (9.95631pt too wide) in paragraph at lines 486--487
 [][] 
(./build/libro/_minted/199A842150809658CF8EF8FF4299834E.highlight.minted)
[288]
[289]
[290]
[291]
[292]
Overfull \hbox (7.7671pt too wide) in paragraph at lines 585--586
 [][] 

[293]
Overfull \hbox (12.46483pt too wide) in paragraph at lines 625--637
 [][] 

[294] (./build/libro/_minted/D13F6230A54A575EDCD41A3BB8E14C8B.highlight.minted)

[295]
[296]
[297] (./figuras/cap07/pileup.tex)
[298]
[299] (./figuras/cap07/mosdepth.tex)
(./build/libro/_minted/012FDA6C2646FB58DFC96B439E0C92C0.highlight.minted)
[300] (./build/libro/_minted/07EE5B55847BE2DF5B2F86C34A3DC208.highlight.minted)

[301]
[302]
[303]
Overfull \hbox (3.80809pt too wide) in paragraph at lines 887--888
 [][] 

[304] (./build/libro/_minted/ADACC188EFB25A2069D3C5E631230CCF.highlight.minted)

[305]
[306]
Overfull \hbox (0.95782pt too wide) in paragraph at lines 928--928
\TU/LibertinusSerif(0)/m/it/10 tatio-nal Bio-logy\TU/LibertinusSerif(0)/m/n/10 
. Cam-brid-ge Uni-ver-sity Press. []$https : / / doi . org / 10 . 1017 / CBO978
0511574931$[] 

[307]
[308])
[309] (./capitulos/cap08.tex
[310]
Capítulo 8.

[311]
[312]
[313]
[314]
[315]
[316]
[317]
[318] (./figuras/cap08/espectro_param.tex)
Overfull \hbox (0.56628pt too wide) in paragraph at lines 230--232
[]\TU/LibertinusSerif(0)/m/n/10.95 To-ma-mos el con-jun-to si-mu-la-do de la []
fi-gu-ra 󰂿.󰀫[]. El con-teo pro-du-ce $\TU/LibertinusMath-Regular.otf(1)/b
/n/10.95 34 666 580$

[319]
[320] (./build/libro/_minted/E80722780AFA8343DFC13576FA118EAA.highlight.minted)

[321] (./build/libro/_minted/3D0A785A4322C4F074FF2CCA763EEA58.highlight.minted)

[322]
[323]
[324]
[325]
[326]
[327] (./build/libro/_minted/726A49105D7BC1E49AA28BDF42685C81.highlight.minted)

[328]
[329]
[330]
[331]
[332]
[333] (./build/libro/_minted/4613659ED13E745852AF62854ED788B9.highlight.minted)

[334]
[335]
[336]
[337] (./build/libro/_minted/A0B717148397379692B567B8C9236788.highlight.minted)
NOTE: coordinate (97,0.00) has been dropped because it is unbounded (in y). (se
e also unbounded coords=jump). 
NOTE: coordinate (98,0.00) has been dropped because it is unbounded (in y). (se
e also unbounded coords=jump). 
NOTE: coordinate (99,0.00) has been dropped because it is unbounded (in y). (se
e also unbounded coords=jump). 
NOTE: coordinate (100,0.00) has been dropped because it is unbounded (in y). (s
ee also unbounded coords=jump). 

[338]
[339] (./build/libro/_minted/B8913E291FE4A81567005DEB1A71CC0D.highlight.minted)

[340]
[341]
[342]
[343]
[344]
[345]
[346]
[347]
[348]
[349] (./build/libro/_minted/80518FBD28417F3762DFBED07C4399ED.highlight.minted)

[350] (./build/libro/_minted/8A2CC8015E403CF7613C0AD7F6E45EF5.highlight.minted)

[351]
Overfull \hbox (0.11537pt too wide) in paragraph at lines 1175--1176
 \TU/SourceSansPro(0)/m/n/12 HMM. En eu-ca-rio-tas, en-mas-ca-rar re-pe-ti-cio-
nes y aña-dir evi-den- 

[352]
[353]
[354]
[355])
[356] (./capitulos/cap09.tex
Capítulo 9.

[357]
[358]
[359]
[360]
[361]
[362]
[363]
[364]
Overfull \hbox (2.84769pt too wide) in paragraph at lines 266--267
 [][] 

[365]
[366]
[367]
[368] (./build/libro/_minted/AEBF4A53AF2EB3A1E5E387834C2F6EAF.highlight.minted)

[369]
[370]
[371]
[372]
[373]
Overfull \hbox (16.28209pt too wide) in paragraph at lines 494--495
 [][] 

[374] (./build/libro/_minted/0E855C9525601CC4EC9F0EEBA9106BF3.highlight.minted)

[375]
[376]
Overfull \hbox (2.67026pt too wide) in paragraph at lines 612--613
 [][] 
(./build/libro/_minted/64B47FFBCF14821EAAA79E3F21D41B95.highlight.minted)
[377]
[378]
[379]
[380]
Overfull \hbox (6.72603pt too wide) detected at line 692
[][][][][] \TU/LibertinusMath-Regular.otf(1)/b/n/10.95 = [],  [] = [],  𝐹[] 
= [].

[381]
[382]
[383]
Overfull \hbox (11.16785pt too wide) in paragraph at lines 788--789
 [][] 

[384]
Overfull \hbox (3.06534pt too wide) in paragraph at lines 826--827
 [][] 

Underfull \hbox (badness 1515) in paragraph at lines 827--827
[][][]|\TU/SourceSansPro(0)/m/n/10 Efec-to de cin-co va-rian-tes so-bre la se-c
uen-cia co-di-fi-can-te \TU/FiraMono(0)/m/n/10 ATG GCT TGG

Underfull \hbox (badness 1590) in paragraph at lines 827--827
\TU/SourceSansPro(0)/m/n/10 sul-tan-te. Una sus-ti-tu-ción en la ter-ce-ra po-
si-ción de \TU/FiraMono(0)/m/n/10 GCT \TU/SourceSansPro(0)/m/n/10 no cam-bia l
a

Underfull \hbox (badness 1253) in paragraph at lines 827--827
\TU/SourceSansPro(0)/m/n/10 ala-ni-na (\TU/FiraMono(0)/m/n/10 synonymous_varian
t\TU/SourceSansPro(0)/m/n/10 ); \TU/FiraMono(0)/m/n/10 CAA$\TU/LibertinusMath-R
egular.otf(1)/b/n/10 →$\TU/FiraMono(0)/m/n/10 CGA \TU/SourceSansPro(0)/m/n/10
 cam-bia glu-ta-mi-na por ar-gi-ni-

Overfull \hbox (7.65211pt too wide) in paragraph at lines 848--849
 [][] 

[385] (./build/libro/_minted/3D363E23CF4A5EB28344F9412FF563C4.highlight.minted)

[386]
[387]
[388]
[389]
[390]
[391]
[392]
[393] (./build/libro/_minted/1C29C9A3F770589E694BE8E77ACF931C.highlight.minted)

[394]
[395])
[396]
[397]
[398] (./capitulos/cap10.tex
Capítulo 10.

Overfull \hbox (7.58508pt too wide) in paragraph at lines 10--11
[]\TU/SourceSansPro(0)/m/n/10 Cal-cu-lar fre-cuen-cias alé-li-cas y ge-no-tí-
pi-cas, de-ri-var el equi-li-brio de Hardy-Weinberg

[399]
[400]
[401]
[402] (./figuras/cap10/definetti.tex)
[403]
[404]
[405] (./build/libro/_minted/AD3AC2F2CF2E3FDCAC1E51BC9E3F89AA.highlight.minted)

[406]
[407] (./figuras/cap10/genealogia.tex)
[408]
[409]
[410]
[411]
[412]
[413] (./build/libro/_minted/D6DBE903B05D00CE0F7EE58893CA75CC.highlight.minted)

[414]
[415]
Overfull \hbox (6.506pt too wide) detected at line 458
[][][][]\TU/LibertinusMath-Regular.otf(1)/b/n/10.95 𝐷[] = [],  𝐷[] = []  
 𝑟[] = [].

[416]
[417]
[418]
[419]
[420]
[421<./figuras/cap10/ld_heatmap.pdf>]
(./build/libro/_minted/60A79BEC96F839EF637FB3CB2A4B3638.highlight.minted)
[422]
[423] (./build/libro/_minted/999511B8878CC6FEA440524CE6D6AC9A.highlight.minted)

[424]
[425]
[426]
[427]
[428]
[429]
[430]
[431]
NOTE: coordinate (12,7.104e-03) has been dropped because it is unbounded (in x)
. (see also unbounded coords=jump). 
NOTE: coordinate (15,1.246e-02) has been dropped because it is unbounded (in x)
. (see also unbounded coords=jump). 
NOTE: coordinate (20,3.073e-02) has been dropped because it is unbounded (in x)
. (see also unbounded coords=jump). 
NOTE: coordinate (21,3.703e-02) has been dropped because it is unbounded (in x)
. (see also unbounded coords=jump). 
NOTE: coordinate (22,4.105e-02) has been dropped because it is unbounded (in x)
. (see also unbounded coords=jump). 
NOTE: coordinate (24,4.864e-02) has been dropped because it is unbounded (in x)
. (see also unbounded coords=jump). 
NOTE: coordinate (25,4.919e-02) has been dropped because it is unbounded (in x)
. (see also unbounded coords=jump). 
NOTE: coordinate (26,5.022e-02) has been dropped because it is unbounded (in x)
. (see also unbounded coords=jump). 
NOTE: coordinate (27,5.109e-02) has been dropped because it is unbounded (in x)
. (see also unbounded coords=jump). 
NOTE: coordinate (28,5.500e-02) has been dropped because it is unbounded (in x)
. (see also unbounded coords=jump). 
NOTE: coordinate (29,5.567e-02) has been dropped because it is unbounded (in x)
. (see also unbounded coords=jump). 
NOTE: coordinate (30,6.109e-02) has been dropped because it is unbounded (in x)
. (see also unbounded coords=jump). 
NOTE: coordinate (31,6.287e-02) has been dropped because it is unbounded (in x)
. (see also unbounded coords=jump). 
NOTE: coordinate (32,7.416e-02) has been dropped because it is unbounded (in x)
. (see also unbounded coords=jump). 
NOTE: coordinate (33,7.995e-02) has been dropped because it is unbounded (in x)
. (see also unbounded coords=jump). 
NOTE: coordinate (35,9.001e-02) has been dropped because it is unbounded (in x)
. (see also unbounded coords=jump). 
NOTE: coordinate (36,9.217e-02) has been dropped because it is unbounded (in x)
. (see also unbounded coords=jump). 
NOTE: coordinate (37,9.887e-02) has been dropped because it is unbounded (in x)
. (see also unbounded coords=jump). 
NOTE: coordinate (38,1.064e-01) has been dropped because it is unbounded (in x)
. (see also unbounded coords=jump). 
NOTE: coordinate (39,1.136e-01) has been dropped because it is unbounded (in x)
. (see also unbounded coords=jump). 
NOTE: coordinate (41,1.246e-01) has been dropped because it is unbounded (in x)
. (see also unbounded coords=jump). 
NOTE: coordinate (42,1.446e-01) has been dropped because it is unbounded (in x)
. (see also unbounded coords=jump). 
NOTE: coordinate (43,1.489e-01) has been dropped because it is unbounded (in x)
. (see also unbounded coords=jump). 
NOTE: coordinate (44,1.509e-01) has been dropped because it is unbounded (in x)
. (see also unbounded coords=jump). 
NOTE: coordinate (45,1.520e-01) has been dropped because it is unbounded (in x)
. (see also unbounded coords=jump). 
NOTE: coordinate (46,1.553e-01) has been dropped because it is unbounded (in x)
. (see also unbounded coords=jump). 
NOTE: coordinate (47,1.688e-01) has been dropped because it is unbounded (in x)
. (see also unbounded coords=jump). 
NOTE: coordinate (48,1.702e-01) has been dropped because it is unbounded (in x)
. (see also unbounded coords=jump). 
NOTE: coordinate (49,1.821e-01) has been dropped because it is unbounded (in x)
. (see also unbounded coords=jump). 
NOTE: coordinate (50,1.837e-01) has been dropped because it is unbounded (in x)
. (see also unbounded coords=jump). 
NOTE: coordinate (51,1.897e-01) has been dropped because it is unbounded (in x)
. (see also unbounded coords=jump). 
NOTE: coordinate (52,1.940e-01) has been dropped because it is unbounded (in x)
. (see also unbounded coords=jump). 
NOTE: coordinate (53,1.954e-01) has been dropped because it is unbounded (in x)
. (see also unbounded coords=jump). 
NOTE: coordinate (54,1.977e-01) has been dropped because it is unbounded (in x)
. (see also unbounded coords=jump). 
NOTE: coordinate (55,2.020e-01) has been dropped because it is unbounded (in x)
. (see also unbounded coords=jump). 
NOTE: coordinate (56,2.054e-01) has been dropped because it is unbounded (in x)
. (see also unbounded coords=jump). 
NOTE: coordinate (57,2.065e-01) has been dropped because it is unbounded (in x)
. (see also unbounded coords=jump). 
NOTE: coordinate (58,2.191e-01) has been dropped because it is unbounded (in x)
. (see also unbounded coords=jump). 
NOTE: coordinate (59,2.212e-01) has been dropped because it is unbounded (in x)
. (see also unbounded coords=jump). 
NOTE: coordinate (60,2.342e-01) has been dropped because it is unbounded (in x)
. (see also unbounded coords=jump). 
NOTE: coordinate (1,2.735e-05) has been dropped because it is unbounded (in x).
 (see also unbounded coords=jump). 
NOTE: coordinate (2,7.036e-05) has been dropped because it is unbounded (in x).
 (see also unbounded coords=jump). 
NOTE: coordinate (3,1.119e-04) has been dropped because it is unbounded (in x).
 (see also unbounded coords=jump). 
NOTE: coordinate (4,1.165e-04) has been dropped because it is unbounded (in x).
 (see also unbounded coords=jump). 
NOTE: coordinate (5,2.118e-04) has been dropped because it is unbounded (in x).
 (see also unbounded coords=jump). 
NOTE: coordinate (6,3.476e-04) has been dropped because it is unbounded (in x).
 (see also unbounded coords=jump). 
NOTE: coordinate (7,9.002e-04) has been dropped because it is unbounded (in x).
 (see also unbounded coords=jump). 
NOTE: coordinate (8,1.803e-03) has been dropped because it is unbounded (in x).
 (see also unbounded coords=jump). 
NOTE: coordinate (9,2.431e-03) has been dropped because it is unbounded (in x).
 (see also unbounded coords=jump). 
NOTE: coordinate (10,3.667e-03) has been dropped because it is unbounded (in x)
. (see also unbounded coords=jump). 
NOTE: coordinate (11,4.193e-03) has been dropped because it is unbounded (in x)
. (see also unbounded coords=jump). 
NOTE: coordinate (13,7.259e-03) has been dropped because it is unbounded (in x)
. (see also unbounded coords=jump). 
NOTE: coordinate (14,1.210e-02) has been dropped because it is unbounded (in x)
. (see also unbounded coords=jump). 
NOTE: coordinate (16,1.362e-02) has been dropped because it is unbounded (in x)
. (see also unbounded coords=jump). 
NOTE: coordinate (17,1.544e-02) has been dropped because it is unbounded (in x)
. (see also unbounded coords=jump). 
NOTE: coordinate (18,1.691e-02) has been dropped because it is unbounded (in x)
. (see also unbounded coords=jump). 
NOTE: coordinate (19,2.580e-02) has been dropped because it is unbounded (in x)
. (see also unbounded coords=jump). 
NOTE: coordinate (23,4.697e-02) has been dropped because it is unbounded (in x)
. (see also unbounded coords=jump). 
NOTE: coordinate (34,8.350e-02) has been dropped because it is unbounded (in x)
. (see also unbounded coords=jump). 
NOTE: coordinate (40,1.218e-01) has been dropped because it is unbounded (in x)
. (see also unbounded coords=jump). 

Overfull \hbox (3.73218pt too wide) in paragraph at lines 861--862
 [][] 
(./build/libro/_minted/3252EEF301ADB85DBAC35D26E4D09C40.highlight.minted)
[432] (./build/libro/_minted/ABE6E9E4BCDB32BFBBCDD478A765A836.highlight.minted)

[433]
[434<./figuras/cap10/manhattan.pdf>]
(./build/libro/_minted/D0998AF64E722DFD55FC0E4F775593E8.highlight.minted)
[435]
Overfull \hbox (0.12468pt too wide) in paragraph at lines 936--937
 \TU/SourceSansPro(0)/m/n/12 sis-te-má-ti-co, la es-truc-tu-ra po-bla-cio-nal,
 y un so-lo enemi-go alea- 

[436] (./build/libro/_minted/7653676DFC07692585D56A03168A55E1.highlight.minted)

[437] (./build/libro/_minted/ABCE3A467DB4EE5CEDB302D563497CF5.highlight.minted)
 (./build/libro/_minted/7653676DFC07692585D56A03168A55E1.highlight.minted)
[438]
[439])
[440] (./capitulos/cap11.tex
Capítulo 11.

[441]
[442]
[443]
Overfull \hbox (4.96034pt too wide) in paragraph at lines 78--79
 [][] 

[444]
[445]
Overfull \hbox (5.5193pt too wide) in paragraph at lines 132--133
 [][] 

[446]
[447]
[448]
[449] (./build/libro/_minted/C4D0F9F5D6AC523EE7EE2A5B731CEC46.highlight.minted)

[450]
[451] (./build/libro/_minted/C454A06CF6D50BBF38B0DD61B26B17C4.highlight.minted)

[452]
[453]
[454]
[455] (./figuras/cap11/comp_lineas.tex)
[456]
[457] (./build/libro/_minted/160D252FCD9FC3DCAFF10F11C555853D.highlight.minted)

[458]
[459]
[460]
[461]
[462]
[463]
[464]
[465]
[466]
[467]
[468]
[469]
[470] (./build/libro/_minted/0EB7C00ACBD5635AB1225BA33FF36FCB.highlight.minted)

[471] (./figuras/cap11/phist.tex)
[472] (./build/libro/_minted/257DF18676E16691B917FC67E5112701.highlight.minted)

[473]
[474]
[475]
[476]
[477] (./figuras/cap11/hiper.tex)
[478] (./figuras/cap11/gsea.tex)
[479] (./build/libro/_minted/5BD9960530C9AC3975F2FF2E1C9E10D7.highlight.minted)

[480]
[481]
[482] (./build/libro/_minted/BE552799E5A1F30CE57AC5A1AAC19EE5.highlight.minted)
 (./build/libro/_minted/66ADACB53F42BF0E3188B052E0EF0989.highlight.minted)
(./build/libro/_minted/6D05458ACA69E3EDDC369384352578AF.highlight.minted)
[483]
[484]
[485])
[486] (./capitulos/cap12.tex
Capítulo 12.

[487]
[488]
[489]
Overfull \hbox (7.19469pt too wide) in paragraph at lines 132--133
 [][] 

[490]
[491]
[492]
[493]
[494]
[495]
[496<./figuras/cap12/qc_violines.pdf>]
NOTE: coordinate (1Y1.545e-1],3Y0.0e0]) has been dropped because it is unbounde
d (in y). (see also unbounded coords=jump). 
NOTE: coordinate (1Y2.045e-1],3Y0.0e0]) has been dropped because it is unbounde
d (in y). (see also unbounded coords=jump). 
NOTE: coordinate (1Y2.545e-1],3Y0.0e0]) has been dropped because it is unbounde
d (in y). (see also unbounded coords=jump). 
NOTE: coordinate (1Y2.795e-1],3Y0.0e0]) has been dropped because it is unbounde
d (in y). (see also unbounded coords=jump). 
NOTE: coordinate (1Y3.045e-1],3Y0.0e0]) has been dropped because it is unbounde
d (in y). (see also unbounded coords=jump). 
NOTE: coordinate (1Y3.545e-1],3Y0.0e0]) has been dropped because it is unbounde
d (in y). (see also unbounded coords=jump). 
NOTE: coordinate (1Y3.795e-1],3Y0.0e0]) has been dropped because it is unbounde
d (in y). (see also unbounded coords=jump). 
NOTE: coordinate (1Y4.045e-1],3Y0.0e0]) has been dropped because it is unbounde
d (in y). (see also unbounded coords=jump). 
NOTE: coordinate (1Y4.295e-1],3Y0.0e0]) has been dropped because it is unbounde
d (in y). (see also unbounded coords=jump). 
NOTE: coordinate (1Y4.545e-1],3Y0.0e0]) has been dropped because it is unbounde
d (in y). (see also unbounded coords=jump). 
NOTE: coordinate (1Y4.795e-1],3Y0.0e0]) has been dropped because it is unbounde
d (in y). (see also unbounded coords=jump). 
NOTE: coordinate (1Y5.295e-1],3Y0.0e0]) has been dropped because it is unbounde
d (in y). (see also unbounded coords=jump). 
NOTE: coordinate (1Y5.545e-1],3Y0.0e0]) has been dropped because it is unbounde
d (in y). (see also unbounded coords=jump). 
NOTE: coordinate (1Y5.795e-1],3Y0.0e0]) has been dropped because it is unbounde
d (in y). (see also unbounded coords=jump). 
NOTE: coordinate (1Y6.045e-1],3Y0.0e0]) has been dropped because it is unbounde
d (in y). (see also unbounded coords=jump). 
NOTE: coordinate (1Y6.295e-1],3Y0.0e0]) has been dropped because it is unbounde
d (in y). (see also unbounded coords=jump). 
NOTE: coordinate (1Y6.545e-1],3Y0.0e0]) has been dropped because it is unbounde
d (in y). (see also unbounded coords=jump). 
NOTE: coordinate (1Y6.795e-1],3Y0.0e0]) has been dropped because it is unbounde
d (in y). (see also unbounded coords=jump). 
NOTE: coordinate (1Y7.045e-1],3Y0.0e0]) has been dropped because it is unbounde
d (in y). (see also unbounded coords=jump). 
NOTE: coordinate (1Y7.295e-1],3Y0.0e0]) has been dropped because it is unbounde
d (in y). (see also unbounded coords=jump). 
NOTE: coordinate (1Y7.545e-1],3Y0.0e0]) has been dropped because it is unbounde
d (in y). (see also unbounded coords=jump). 
NOTE: coordinate (1Y7.795e-1],3Y0.0e0]) has been dropped because it is unbounde
d (in y). (see also unbounded coords=jump). 
NOTE: coordinate (1Y8.045e-1],3Y0.0e0]) has been dropped because it is unbounde
d (in y). (see also unbounded coords=jump). 
NOTE: coordinate (1Y8.295e-1],3Y0.0e0]) has been dropped because it is unbounde
d (in y). (see also unbounded coords=jump). 
NOTE: coordinate (1Y8.545e-1],3Y0.0e0]) has been dropped because it is unbounde
d (in y). (see also unbounded coords=jump). 
NOTE: coordinate (1Y8.795e-1],3Y0.0e0]) has been dropped because it is unbounde
d (in y). (see also unbounded coords=jump). 
NOTE: coordinate (1Y9.045e-1],3Y0.0e0]) has been dropped because it is unbounde
d (in y). (see also unbounded coords=jump). 
NOTE: coordinate (1Y9.295e-1],3Y0.0e0]) has been dropped because it is unbounde
d (in y). (see also unbounded coords=jump). 
NOTE: coordinate (1Y9.545e-1],3Y0.0e0]) has been dropped because it is unbounde
d (in y). (see also unbounded coords=jump). 
NOTE: coordinate (1Y9.795e-1],3Y0.0e0]) has been dropped because it is unbounde
d (in y). (see also unbounded coords=jump). 
NOTE: coordinate (1Y2.05e-2],3Y0.0e0]) has been dropped because it is unbounded
 (in y). (see also unbounded coords=jump). 
NOTE: coordinate (1Y1.705e-1],3Y0.0e0]) has been dropped because it is unbounde
d (in y). (see also unbounded coords=jump). 
NOTE: coordinate (1Y2.205e-1],3Y0.0e0]) has been dropped because it is unbounde
d (in y). (see also unbounded coords=jump). 
NOTE: coordinate (1Y2.705e-1],3Y0.0e0]) has been dropped because it is unbounde
d (in y). (see also unbounded coords=jump). 
NOTE: coordinate (1Y2.955e-1],3Y0.0e0]) has been dropped because it is unbounde
d (in y). (see also unbounded coords=jump). 
NOTE: coordinate (1Y3.205e-1],3Y0.0e0]) has been dropped because it is unbounde
d (in y). (see also unbounded coords=jump). 
NOTE: coordinate (1Y3.705e-1],3Y0.0e0]) has been dropped because it is unbounde
d (in y). (see also unbounded coords=jump). 
NOTE: coordinate (1Y3.955e-1],3Y0.0e0]) has been dropped because it is unbounde
d (in y). (see also unbounded coords=jump). 
NOTE: coordinate (1Y4.205e-1],3Y0.0e0]) has been dropped because it is unbounde
d (in y). (see also unbounded coords=jump). 
NOTE: coordinate (1Y4.455e-1],3Y0.0e0]) has been dropped because it is unbounde
d (in y). (see also unbounded coords=jump). 
NOTE: coordinate (1Y4.705e-1],3Y0.0e0]) has been dropped because it is unbounde
d (in y). (see also unbounded coords=jump). 
NOTE: coordinate (1Y4.955e-1],3Y0.0e0]) has been dropped because it is unbounde
d (in y). (see also unbounded coords=jump). 
NOTE: coordinate (1Y5.455e-1],3Y0.0e0]) has been dropped because it is unbounde
d (in y). (see also unbounded coords=jump). 
NOTE: coordinate (1Y5.705e-1],3Y0.0e0]) has been dropped because it is unbounde
d (in y). (see also unbounded coords=jump). 
NOTE: coordinate (1Y5.955e-1],3Y0.0e0]) has been dropped because it is unbounde
d (in y). (see also unbounded coords=jump). 
NOTE: coordinate (1Y6.205e-1],3Y0.0e0]) has been dropped because it is unbounde
d (in y). (see also unbounded coords=jump). 
NOTE: coordinate (1Y6.455e-1],3Y0.0e0]) has been dropped because it is unbounde
d (in y). (see also unbounded coords=jump). 
NOTE: coordinate (1Y6.705e-1],3Y0.0e0]) has been dropped because it is unbounde
d (in y). (see also unbounded coords=jump). 
NOTE: coordinate (1Y6.955e-1],3Y0.0e0]) has been dropped because it is unbounde
d (in y). (see also unbounded coords=jump). 
NOTE: coordinate (1Y7.205e-1],3Y0.0e0]) has been dropped because it is unbounde
d (in y). (see also unbounded coords=jump). 
NOTE: coordinate (1Y7.455e-1],3Y0.0e0]) has been dropped because it is unbounde
d (in y). (see also unbounded coords=jump). 
NOTE: coordinate (1Y7.705e-1],3Y0.0e0]) has been dropped because it is unbounde
d (in y). (see also unbounded coords=jump). 
NOTE: coordinate (1Y7.955e-1],3Y0.0e0]) has been dropped because it is unbounde
d (in y). (see also unbounded coords=jump). 
NOTE: coordinate (1Y8.205e-1],3Y0.0e0]) has been dropped because it is unbounde
d (in y). (see also unbounded coords=jump). 
NOTE: coordinate (1Y8.455e-1],3Y0.0e0]) has been dropped because it is unbounde
d (in y). (see also unbounded coords=jump). 
NOTE: coordinate (1Y8.705e-1],3Y0.0e0]) has been dropped because it is unbounde
d (in y). (see also unbounded coords=jump). 
NOTE: coordinate (1Y8.955e-1],3Y0.0e0]) has been dropped because it is unbounde
d (in y). (see also unbounded coords=jump). 
NOTE: coordinate (1Y9.205e-1],3Y0.0e0]) has been dropped because it is unbounde
d (in y). (see also unbounded coords=jump). 
NOTE: coordinate (1Y9.455e-1],3Y0.0e0]) has been dropped because it is unbounde
d (in y). (see also unbounded coords=jump). 
NOTE: coordinate (1Y9.705e-1],3Y0.0e0]) has been dropped because it is unbounde
d (in y). (see also unbounded coords=jump). 
NOTE: coordinate (1Y9.955e-1],3Y0.0e0]) has been dropped because it is unbounde
d (in y). (see also unbounded coords=jump). 
NOTE: coordinate (1Y1.865e-1],3Y0.0e0]) has been dropped because it is unbounde
d (in y). (see also unbounded coords=jump). 
NOTE: coordinate (1Y2.365e-1],3Y0.0e0]) has been dropped because it is unbounde
d (in y). (see also unbounded coords=jump). 
NOTE: coordinate (1Y2.865e-1],3Y0.0e0]) has been dropped because it is unbounde
d (in y). (see also unbounded coords=jump). 
NOTE: coordinate (1Y3.115e-1],3Y0.0e0]) has been dropped because it is unbounde
d (in y). (see also unbounded coords=jump). 
NOTE: coordinate (1Y3.615e-1],3Y0.0e0]) has been dropped because it is unbounde
d (in y). (see also unbounded coords=jump). 
NOTE: coordinate (1Y3.865e-1],3Y0.0e0]) has been dropped because it is unbounde
d (in y). (see also unbounded coords=jump). 
NOTE: coordinate (1Y4.115e-1],3Y0.0e0]) has been dropped because it is unbounde
d (in y). (see also unbounded coords=jump). 
NOTE: coordinate (1Y4.365e-1],3Y0.0e0]) has been dropped because it is unbounde
d (in y). (see also unbounded coords=jump). 
NOTE: coordinate (1Y4.615e-1],3Y0.0e0]) has been dropped because it is unbounde
d (in y). (see also unbounded coords=jump). 
NOTE: coordinate (1Y4.865e-1],3Y0.0e0]) has been dropped because it is unbounde
d (in y). (see also unbounded coords=jump). 
NOTE: coordinate (1Y5.365e-1],3Y0.0e0]) has been dropped because it is unbounde
d (in y). (see also unbounded coords=jump). 
NOTE: coordinate (1Y5.615e-1],3Y0.0e0]) has been dropped because it is unbounde
d (in y). (see also unbounded coords=jump). 
NOTE: coordinate (1Y5.865e-1],3Y0.0e0]) has been dropped because it is unbounde
d (in y). (see also unbounded coords=jump). 
NOTE: coordinate (1Y6.115e-1],3Y0.0e0]) has been dropped because it is unbounde
d (in y). (see also unbounded coords=jump). 
NOTE: coordinate (1Y6.365e-1],3Y0.0e0]) has been dropped because it is unbounde
d (in y). (see also unbounded coords=jump). 
NOTE: coordinate (1Y6.615e-1],3Y0.0e0]) has been dropped because it is unbounde
d (in y). (see also unbounded coords=jump). 
NOTE: coordinate (1Y6.865e-1],3Y0.0e0]) has been dropped because it is unbounde
d (in y). (see also unbounded coords=jump). 
NOTE: coordinate (1Y7.115e-1],3Y0.0e0]) has been dropped because it is unbounde
d (in y). (see also unbounded coords=jump). 
NOTE: coordinate (1Y7.365e-1],3Y0.0e0]) has been dropped because it is unbounde
d (in y). (see also unbounded coords=jump). 
NOTE: coordinate (1Y7.615e-1],3Y0.0e0]) has been dropped because it is unbounde
d (in y). (see also unbounded coords=jump). 
NOTE: coordinate (1Y7.865e-1],3Y0.0e0]) has been dropped because it is unbounde
d (in y). (see also unbounded coords=jump). 
NOTE: coordinate (1Y8.115e-1],3Y0.0e0]) has been dropped because it is unbounde
d (in y). (see also unbounded coords=jump). 
NOTE: coordinate (1Y8.365e-1],3Y0.0e0]) has been dropped because it is unbounde
d (in y). (see also unbounded coords=jump). 
NOTE: coordinate (1Y8.615e-1],3Y0.0e0]) has been dropped because it is unbounde
d (in y). (see also unbounded coords=jump). 
NOTE: coordinate (1Y8.865e-1],3Y0.0e0]) has been dropped because it is unbounde
d (in y). (see also unbounded coords=jump). 
NOTE: coordinate (1Y9.115e-1],3Y0.0e0]) has been dropped because it is unbounde
d (in y). (see also unbounded coords=jump). 
NOTE: coordinate (1Y9.365e-1],3Y0.0e0]) has been dropped because it is unbounde
d (in y). (see also unbounded coords=jump). 
NOTE: coordinate (1Y9.615e-1],3Y0.0e0]) has been dropped because it is unbounde
d (in y). (see also unbounded coords=jump). 
NOTE: coordinate (1Y9.865e-1],3Y0.0e0]) has been dropped because it is unbounde
d (in y). (see also unbounded coords=jump). 

[497]
[498]
[499]
[500] (./build/libro/_minted/D8B1EAF982E99EDD496E48DD9208E9A4.highlight.minted)

[501<./figuras/cap12/media_varianza.pdf>]
[502]
[503]
[504]
[505]
[506]
[507<./figuras/cap12/embeddings.pdf>]
[508<./figuras/cap12/perplejidad.pdf>]
[509<./figuras/cap12/distancias.pdf>]
(./build/libro/_minted/57487E0961C8CFD509AD58D00F838056.highlight.minted)
Overfull \hbox (18.12274pt too wide) in paragraph at lines 555--556
[]\TU/LibertinusSerif(0)/m/n/10.95 En Scanpy, \TU/FiraMono(0)/m/n/10.95 sc.tl.u
map \TU/LibertinusSerif(0)/m/n/10.95 no re-cal-cu-la ve-ci-nos: usa el gra-fo d
e \TU/FiraMono(0)/m/n/10.95 sc.pp.neighbors\TU/LibertinusSerif(0)/m/n/10.95 .

[510]
[511]
[512<./figuras/cap12/grafo_knn.pdf>]
[513]
[514]
[515] (./build/libro/_minted/E8AE735292BF60EAA5B68690AFB5D82B.highlight.minted)

[516]
[517]
[518<./figuras/cap12/dotplot.pdf>]
(./build/libro/_minted/18D67594D0642BAF4D8DA494470C17F8.highlight.minted)
[519]
[520<./figuras/cap12/lotes.pdf>]
[521]
[522]
[523]
[524<./figuras/cap12/trayectoria.pdf>]
[525]
[526<./figuras/cap12/paga_genes.pdf>]
[527]
[528] (./build/libro/_minted/429216192A6869AF1893FDDA86F27BB7.highlight.minted)

[529]
[530] (./build/libro/_minted/545CDC2941F05B821B07917B665A726A.highlight.minted)

Overfull \hbox (1.21921pt too wide) in paragraph at lines 952--953
\TU/LibertinusSerif(0)/m/n/10.95 una per-ple-ji-dad da-da. Ve-ri-fi-que con los
 da-tos de []\TU/FiraMono(0)/m/n/10.95 figuras/cap12/generar.py[]
(./build/libro/_minted/E8AE735292BF60EAA5B68690AFB5D82B.highlight.minted)
[531]
[532]
[533])
[534] (./capitulos/cap13.tex
Capítulo 13.

[535]
[536]
[537]
[538]
Overfull \hbox (4.0988pt too wide) in paragraph at lines 116--117
 [][] 

[539]
[540]
[541]
[542]
[543]
[544] (./build/libro/_minted/373FC832D168CA671F1ECC205A8E3D99.highlight.minted)

[545]
[546]
[547]
Overfull \hbox (3.09962pt too wide) in paragraph at lines 361--362
 [][] 

[548]
[549]
Overfull \hbox (4.99437pt too wide) in paragraph at lines 419--420
 [][] 

[550]
[551]
[552]
Overfull \hbox (2.26767pt too wide) in paragraph at lines 501--502
 [][] 

[553]
Overfull \hbox (2.26456pt too wide) in paragraph at lines 530--531
 [][] 
(./build/libro/_minted/17EB3D01E8EF4202DE1073DD82828FAB.highlight.minted)
[554]
[555]
Overfull \hbox (9.56952pt too wide) in paragraph at lines 594--595
 [][] 

[556]
[557]
[558] (./figuras/cap13/dmr_lim.tex)
[559]
[560]
[561]
[562]
[563] (./build/libro/_minted/572243E1776B4707CBF92F39B9B960C9.highlight.minted)

[564] (./figuras/cap13/logo_real.tex) (./figuras/cap13/logo_it0.tex)
(./figuras/cap13/logo_it1.tex) (./figuras/cap13/logo_it3.tex)
(./figuras/cap13/logo_em.tex) (./figuras/cap13/logo_gibbs.tex)
[565]
[566]
[567] (./build/libro/_minted/F6316C3AAF0C047304CD9B5C4545D808.highlight.minted)

[568]
[569]
[570] (./build/libro/_minted/5D71CF63E5FCDA2F6D9945F69C9507E6.highlight.minted)
 (./build/libro/_minted/EFDA2A4935437242FEBC1BBE7A7731C7.highlight.minted)
[571]
[572]
[573])
[574] (./capitulos/cap14.tex
Capítulo 14.

[575]
[576]
[577]
[578]
Overfull \hbox (5.05733pt too wide) in paragraph at lines 145--146
 [][] 

[579]
[580]
[581]
[582]
[583] (./build/libro/_minted/38CCC5034A505B5BF98B52B03BC7BC4F.highlight.minted)

[584]
Overfull \hbox (14.81264pt too wide) in paragraph at lines 298--299
 [][] 

[585]
[586] (./build/libro/_minted/3A46EF9FB10B512D814CC79C67726550.highlight.minted)

[587]
[588]
[589]
Overfull \hbox (6.5188pt too wide) in paragraph at lines 411--412
[]\TU/LibertinusSerif(0)/m/n/10.95 Una mues-tra con $\TU/LibertinusMath-Regular
.otf(1)/b/n/10.95 𝑁 = 100$ \TU/LibertinusSerif(0)/m/n/10.95 lec-tu-ras tie-n
e los con-teos $\TU/LibertinusMath-Regular.otf(1)/b/n/10.95 (50, 20, 10, 10, 5,
 2, 1, 1, 1)$\TU/LibertinusSerif(0)/m/n/10.95 .

[590]
[591] (./figuras/cap14/rare_macros.tex)
[592]
[593]
Overfull \hbox (1.02373pt too wide) detected at line 521
[][][][][] [] [][]\TU/LibertinusMath-Regular.otf(1)/b/n/10.95 𝐷 = [] [] = 
− [] 𝑝[] [] 𝑝[] = 𝐻,  [] [][]𝐷 = 𝑒[].

[594]
[595]
[596]
[597]
[598]
[599] (./figuras/cap14/pcoa_macros.tex)
(./build/libro/_minted/D7B8B80E1E6BEEA8BA547DCCA1268E29.highlight.minted)
[600]
[601]
[602]
[603]
[604]
[605]
[606]
[607] (./figuras/cap14/bracken.tex)
[608] (./build/libro/_minted/1A830E7A76E849DE6759D3100F5CBE67.highlight.minted)

[609]
[610]
[611]
Overfull \hbox (5.70332pt too wide) in paragraph at lines 1006--1007
 [][] 
(./build/libro/_minted/C285A14A51F98FAA359D9956E921E8F5.highlight.minted)
[612]
[613]
[614] (./build/libro/_minted/37DF78F37983FE76E5186D0C25254B53.highlight.minted)

[615]
[616]
[617])
[618]
[619]
[620] (./capitulos/cap15.tex
Capítulo 15.

[621]
[622]
[623] (./figuras/cap15/peptido.tex)
[624]
[625]
[626<./figuras/cap15/ramachandran.pdf>]
[627] (./build/libro/_minted/C87FFF85B64F0F7132FD8F3460C71146.highlight.minted)

[628]
[629]
[630]
[631] (./build/libro/_minted/05E7087CB5AF8CDDFBE1D479DEFDF2F1.highlight.minted)

[632] (./build/libro/_minted/3F3CCE42596143234D04566240B77BC7.highlight.minted)

[633]
[634]
[635]
[636] (./figuras/cap15/kabsch.tex (./figuras/cap15/kabsch_pts.tex)
(./figuras/cap15/kabsch_pts.tex) (./figuras/cap15/kabsch_pts.tex))
[637] (./build/libro/_minted/FFBAC1997D4BF0AC5871CB0DD07F9CF4.highlight.minted)

[638]
[639]
[640]
Overfull \hbox (7.6928pt too wide) in paragraph at lines 426--426
|[]\TU/SourceSansPro(2)/m/n/17 Pre-dic-ción de es-truc-tu-ra: de la ho-mo-lo-g
ía a Alpha-

[641]
[642]
[643] (./figuras/cap15/coevolucion.tex)
[644]
[645] (./figuras/cap15/alphafold.tex)
[646]
[647]
[648]
[649]
[650] (./build/libro/_minted/4849FBD41A344EB950BE5955A787D992.highlight.minted)

[651<./figuras/cap15/pae_p53.pdf>]
[652] (./build/libro/_minted/3D717BEC95385FF8A493546BEB52D043.highlight.minted)

[653]
[654] (./figuras/cap15/docking_esquema.tex)
[655]
[656]
Overfull \hbox (8.6793pt too wide) detected at line 752
[][][][][][]

[657]
[658]
[659] (./build/libro/_minted/85D39DC79A134DB0FEFD7A2E8E50E6FE.highlight.minted)

[660]
[661] (./build/libro/_minted/91041FB3B5B6A601F00F1CDFA7B1E1FA.highlight.minted)

[662]
Overfull \hbox (15.38777pt too wide) in paragraph at lines 906--907
[]\TU/LibertinusSerif(0)/m/n/10.95 ¿Hay evi-den-cia ex-pe-ri-men-tal in-de-pen
-dien-te (mu-ta-gé-ne-sis, re-la-ción estructura-

[663]
[664] (./build/libro/_minted/8D0C3497C1178A98529C6B6FB695BA23.highlight.minted)
 (./build/libro/_minted/F7C1103CA20203F2B8956264237B0C4E.highlight.minted)
[665]
[666]
[667])
[668] (./capitulos/cap16.tex
Capítulo 16.

Overfull \hbox (4.60838pt too wide) in paragraph at lines 12--13
[]\TU/SourceSansPro(0)/m/n/10 De-ri-var las pro-pie-da-des de los mo-de-los de 
Erdős-Rényi, Watts-Strogatz y Barabási-

[669]
[670]
[671]
[672]
[673]

Package pgf Warning: Returning node center instead of a point on node border. D
id you specify a point identical to the center of node ``t''? on input line 177
.


Package pgf Warning: Returning node center instead of a point on node border. D
id you specify a point identical to the center of node ``t''? on input line 177
.


Package pgf Warning: Returning node center instead of a point on node border. D
id you specify a point identical to the center of node ``t1''? on input line 17
7.


Package pgf Warning: Returning node center instead of a point on node border. D
id you specify a point identical to the center of node ``t1''? on input line 17
7.


Package pgf Warning: Returning node center instead of a point on node border. D
id you specify a point identical to the center of node ``t2''? on input line 17
7.


Package pgf Warning: Returning node center instead of a point on node border. D
id you specify a point identical to the center of node ``t2''? on input line 17
7.


Package pgf Warning: Returning node center instead of a point on node border. D
id you specify a point identical to the center of node ``t3''? on input line 17
7.


Package pgf Warning: Returning node center instead of a point on node border. D
id you specify a point identical to the center of node ``t3''? on input line 17
7.


Package pgf Warning: Returning node center instead of a point on node border. D
id you specify a point identical to the center of node ``t4''? on input line 17
7.


Package pgf Warning: Returning node center instead of a point on node border. D
id you specify a point identical to the center of node ``t4''? on input line 17
7.


Package pgf Warning: Returning node center instead of a point on node border. D
id you specify a point identical to the center of node ``t5''? on input line 17
7.


Package pgf Warning: Returning node center instead of a point on node border. D
id you specify a point identical to the center of node ``t5''? on input line 17
7.


[674]
[675]
[676]
[677]
[678]
[679]
[680]
[681]
[682] (./figuras/cap16/red_fus3.tex)
Overfull \hbox (4.28581pt too wide) in paragraph at lines 349--350
 [][] 
(./build/libro/_minted/1413FDA43338E77FC1E70F48D7C77723.highlight.minted)
[683]
[684]
[685]
[686]
Overfull \hbox (9.27333pt too wide) in paragraph at lines 444--445
 [][] 

[687]
[688]
[689]
Overfull \hbox (11.38588pt too wide) in paragraph at lines 568--569
 [][] 

[690]
Overfull \hbox (7.92046pt too wide) in paragraph at lines 609--610
 [][] 

[691]
[692]
[693] (./build/libro/_minted/47227E73A0E36DF68E90B96BE0B19F87.highlight.minted)

[694]
[695]
[696]
Overfull \hbox (13.77875pt too wide) in paragraph at lines 771--772
 [][] 

[697]
[698] (./build/libro/_minted/999132DD9D3BA81283E4564B4E849FFC.highlight.minted)

Overfull \hbox (1.35205pt too wide) in paragraph at lines 840--841
 [][] 

Underfull \hbox (badness 1748) in paragraph at lines 841--841
[][][]|\TU/SourceSansPro(0)/b/n/10 Iz-quier-da\TU/SourceSansPro(0)/m/n/10 : tre
s tra-yec-to-rias exac-tas del al-go-rit-mo de Gi-lles-pie ([]ecua-

[699]
[700] (./build/libro/_minted/5948A2D1F45A165C3A9680C86F6254A9.highlight.minted)

[701]
[702]
Overfull \hbox (0.113pt too wide) in paragraph at lines 909--910
 \TU/SourceSansPro(0)/m/n/12 La to-po-lo-gía di-ce qué \TU/SourceSansPro(0)/m
/it/12 pue-de \TU/SourceSansPro(0)/m/n/12 ha-cer un cir-cui-to; los pa-rá-me-t
ros 

[703] (./build/libro/_minted/94F645EAA18A76206641A69EDCD4C9B2.highlight.minted)

[704]
[705]
[706])
[707] (./capitulos/cap17.tex
[708]
Capítulo 17.

[709]
[710]
[711]
[712] (./figuras/cap17/onehot_kmer.tex)
[713]
[714]
[715]
[716]
[717]
[718]
[719]
[720] (./figuras/cap17/sesgo_varianza_rf.tex)
[721]
[722]
[723]
[724]
Overfull \hbox (7.96442pt too wide) in paragraph at lines 432--433
 [][] 
(./build/libro/_minted/BA022FD55628C92A057667795AC80AB4.highlight.minted)
(./build/libro/_minted/F30E5D481B4EB9527CE57ED33945DFCB.highlight.minted)
(./build/libro/_minted/1BCB07F019B2784E17DD5EB07860BCA5.highlight.minted)
[725] (./build/libro/_minted/55E5DD915CAE56D260B2C8D8E751D4EB.highlight.minted)
 (./build/libro/_minted/4209513BD6F17A204F49A1CA6014DBA7.highlight.minted)
(./build/libro/_minted/8D271C0F2EBE164E46634A7BD3262183.highlight.minted)
[726]
[727]
[728]
[729]
[730]
[731] (./build/libro/_minted/96ABC0C9D6ADF9B5A361512A19E6A18B.highlight.minted)

[732] (./figuras/cap17/logo_verdadero.tex) (./figuras/cap17/logo_aprendido.tex)
 (./figuras/cap17/filtro_pesos.tex)
[733]
[734]
[735]
[736] (./figuras/cap17/saliencia_marca.tex)
(./figuras/cap17/saliencia_letras.tex)
(./build/libro/_minted/2026ABED8901CA855F5C83968FA10D11.highlight.minted)
[737]
[738]
[739]
[740] (./figuras/cap17/atencion_celdas.tex)
[741]
[742]
[743]
[744]
[745<./figuras/cap17/contactos_ubq.pdf>]
[746]
[747<./figuras/cap17/embeddings.pdf>]
[748<./figuras/cap17/paisaje_ubq.pdf>]
(./build/libro/_minted/F0BDEA94818F579E075846BE53E9466A.highlight.minted)
[749]
[750]
[751]
[752] (./build/libro/_minted/F9F428DCBBAD3D432A1A12B403A4520B.highlight.minted)
 (./build/libro/_minted/BB155732FC9F2DE329451AB4ED494FEE.highlight.minted)
[753]
[754]
[755])
[756] (./capitulos/cap18.tex
Capítulo 18.
(./figuras/cap18/amdahl.tex)
[757]
[758]
[759] (./figuras/cap18/dag.tex)
Overfull \hbox (0.53105pt too wide) in paragraph at lines 89--90
 [][] 

[760]
[761]
[762] (./figuras/cap18/kahn_tabla.tex)
(./build/libro/_minted/535DF59E5C72334DD10E3EF8D7EC7C59.highlight.minted)
[763]
[764]
[765]
[766] (./build/libro/_minted/0692DCCCB24ADFF6B5314AA04C8E46DC.highlight.minted)

[767] (./build/libro/_minted/3B9C846F0EDAB0E1FEB4985D59CE0713.highlight.minted)
 (./build/libro/_minted/9D666DF2899C6AC9E3AAF8A4AD4646FD.highlight.minted)
[768]
[769]
[770]
[771] (./build/libro/_minted/08050C007E609BC1D7AD271F414EA1B8.highlight.minted)

[772]
Overfull \hbox (0.96196pt too wide) in paragraph at lines 494--495
 [][] 

[773] (./build/libro/_minted/56C3900D4DDFEFC7A8CE842DB6B77BD2.highlight.minted)

[774]
[775]
[776]
[777] (./build/libro/_minted/0992588239AE50CA70643B0FFC3D6647.highlight.minted)

[778] (./build/libro/_minted/5F049151EB17CB13A496886443737873.highlight.minted)

[779]
[780]
[781] (./build/libro/_minted/21E3E408064215D131CD2D6C4E41332B.highlight.minted)

[782] (./build/libro/_minted/01EC7F4AC7F96F5C1D1DCA054881C017.highlight.minted)

[783]
[784]
[785]
[786]
[787]
[788]
[789]
[790] (./build/libro/_minted/4E4F64BACAA7800BA10FE89292736F64.highlight.minted)
 (./build/libro/_minted/37A0FC86D2C95354F02F7D312697A5B0.highlight.minted)
[791]
[792] (./build/libro/_minted/2D231113131FDAB1AE8BC4AB53B630CB.highlight.minted)

[793] (./build/libro/_minted/77AA387E905C45F925527D86367F5296.highlight.minted)
 (./build/libro/_minted/AD2ABF3BCA7A6F97A96495EACE6F38A9.highlight.minted)
[794]
[795]
[796]
Overfull \hbox (0.71283pt too wide) in paragraph at lines 1153--1154
 [][] 

[797]
[798]
[799]
[800] (./build/libro/_minted/1D7A376A246DE556CA652091CAFF3793.highlight.minted)

[801]
[802]
[803])
[804] (./preliminares/colofon.tex)
[805] (./build/libro/main.aux (./build/libro/capitulos/cap00.aux)
(./build/libro/capitulos/cap01.aux) (./build/libro/capitulos/cap02.aux)
(./build/libro/capitulos/cap03.aux) (./build/libro/capitulos/cap04.aux)
(./build/libro/capitulos/cap05.aux) (./build/libro/capitulos/cap06.aux)
(./build/libro/capitulos/cap07.aux) (./build/libro/capitulos/cap08.aux)
(./build/libro/capitulos/cap09.aux) (./build/libro/capitulos/cap10.aux)
(./build/libro/capitulos/cap11.aux) (./build/libro/capitulos/cap12.aux)
(./build/libro/capitulos/cap13.aux) (./build/libro/capitulos/cap14.aux)
(./build/libro/capitulos/cap15.aux) (./build/libro/capitulos/cap16.aux)
(./build/libro/capitulos/cap17.aux) (./build/libro/capitulos/cap18.aux))

LaTeX Font Warning: Some font shapes were not available, defaults substituted.


LaTeX Warning: There were undefined references.


LaTeX Warning: Label(s) may have changed. Rerun to get cross-references right.


Package biblatex Warning: Please rerun LaTeX.
(biblatex)                Page breaks have changed.

)
(see the transcript file for additional information)
 12628 words of node memory still in use:
   32 hlist, 2 vlist, 14 rule, 1 local_par, 5 glue, 4 kern, 1 penalty, 3 glyph,
 3399 attribute, 81 glue_spec, 1737 attribute_list, 2 write, 24 pdf_literal, 19
9 pdf_action, 24 pdf_colorstack nodes
   avail lists: 1:52,2:200331,3:108604,4:15746,5:1916,6:230,7:45851,8:100,9:225
59,10:51,11:1109,12:5
</usr/local/texlive/2025/texmf-dist/fonts/opentype/public/libertinus-fonts/Libe
rtinusSerif-SemiboldItalic.otf></usr/local/texlive/2025/texmf-dist/fonts/openty
pe/public/libertinus-fonts/LibertinusSerif-Semibold.otf></usr/local/texlive/202
5/texmf-dist/fonts/opentype/public/libertinus-fonts/LibertinusSerif-Semibold.ot
f></usr/local/texlive/2025/texmf-dist/fonts/opentype/public/libertinus-fonts/Li
bertinusMath-Regular.otf></usr/local/texlive/2025/texmf-dist/fonts/opentype/pub
lic/libertinus-fonts/LibertinusSerif-Regular.otf></usr/local/texlive/2025/texmf
-dist/fonts/opentype/public/libertinus-fonts/LibertinusMath-Regular.otf></usr/l
ocal/texlive/2025/texmf-dist/fonts/opentype/adobe/sourcesanspro/SourceSansPro-E
xtraLight.otf></usr/local/texlive/2025/texmf-dist/fonts/opentype/public/fontawe
some5/FontAwesome5Brands-Regular-400.otf></usr/local/texlive/2025/texmf-dist/fo
nts/opentype/public/fontawesome5/FontAwesome5Free-Solid-900.otf></usr/local/tex
live/2025/texmf-dist/fonts/opentype/public/fira/FiraMono-Medium.otf></usr/local
/texlive/2025/texmf-dist/fonts/opentype/public/fira/FiraMono-Oblique.otf></usr/
local/texlive/2025/texmf-dist/fonts/opentype/adobe/sourcesanspro/SourceSansPro-
SemiboldIt.otf></usr/local/texlive/2025/texmf-dist/fonts/opentype/public/libert
inus-fonts/LibertinusSerif-Italic.otf></usr/local/texlive/2025/texmf-dist/fonts
/opentype/public/libertinus-fonts/LibertinusMath-Regular.otf></usr/local/texliv
e/2025/texmf-dist/fonts/opentype/public/libertinus-fonts/LibertinusSerif-Regula
r.otf></usr/local/texlive/2025/texmf-dist/fonts/opentype/public/fira/FiraMono-R
egular.otf></usr/local/texlive/2025/texmf-dist/fonts/opentype/adobe/sourcesansp
ro/SourceSansPro-RegularIt.otf></usr/local/texlive/2025/texmf-dist/fonts/openty
pe/adobe/sourcesanspro/SourceSansPro-Regular.otf></usr/local/texlive/2025/texmf
-dist/fonts/opentype/adobe/sourcesanspro/SourceSansPro-LightIt.otf></usr/local/
texlive/2025/texmf-dist/fonts/opentype/adobe/sourcesanspro/SourceSansPro-Black.
otf></usr/local/texlive/2025/texmf-dist/fonts/opentype/adobe/sourcesanspro/Sour
ceSansPro-Light.otf></usr/local/texlive/2025/texmf-dist/fonts/opentype/adobe/so
urcesanspro/SourceSansPro-Semibold.otf></usr/local/texlive/2025/texmf-dist/font
s/type1/public/amsfonts/symbols/msam10.pfb></usr/local/texlive/2025/texmf-dist/
fonts/type1/public/amsfonts/symbols/msam7.pfb>
Output written on main.pdf (817 pages, 9525425 bytes).
Transcript written on main.log.
Latexmk: Getting log file 'build/libro/main.log'
Latexmk: Examining 'build/libro/main.fls'
Latexmk: Examining 'build/libro/main.log'
Latexmk: Found input bbl file 'build/libro/main.bbl'
Latexmk: References changed.
Latexmk: References changed.
Latexmk: Log file says output to 'main.pdf'
Latexmk: Bibliography file(s) from .bcf file:
  bib/cap00.bib
  bib/cap01.bib
  bib/cap02.bib
  bib/cap03.bib
  bib/cap04.bib
  bib/cap05.bib
  bib/cap06.bib
  bib/cap07.bib
  bib/cap08.bib
  bib/cap09.bib
  bib/cap10.bib
  bib/cap11.bib
  bib/cap12.bib
  bib/cap13.bib
  bib/cap14.bib
  bib/cap15.bib
  bib/cap16.bib
  bib/cap17.bib
  bib/cap18.bib
Latexmk: applying rule 'biber build/libro/main'...
Rule 'biber build/libro/main':  Reasons for rerun
Changed files or newly in use/created:
  build/libro/main.bcf

------------
Run number 2 of rule 'biber build/libro/main'
------------
------------
Running 'biber  "build/libro/main.bcf"'
------------
INFO - This is Biber 2.20
INFO - Logfile is 'build/libro/main.blg'
INFO - Reading 'build/libro/main.bcf'
INFO - Found 0 citekeys in bib section 0
INFO - Found 0 citekeys in bib section 1
INFO - Found 0 citekeys in bib section 0
INFO - Found 0 citekeys in bib section 2
INFO - Found 0 citekeys in bib section 0
INFO - Found 0 citekeys in bib section 3
INFO - Found 0 citekeys in bib section 0
INFO - Found 29 citekeys in bib section 4
INFO - Found 0 citekeys in bib section 0
INFO - Found 30 citekeys in bib section 5
INFO - Found 0 citekeys in bib section 0
INFO - Found 30 citekeys in bib section 6
INFO - Found 0 citekeys in bib section 0
INFO - Found 24 citekeys in bib section 7
INFO - Found 0 citekeys in bib section 0
INFO - Found 30 citekeys in bib section 8
INFO - Found 0 citekeys in bib section 0
INFO - Found 26 citekeys in bib section 9
INFO - Found 0 citekeys in bib section 0
INFO - Found 29 citekeys in bib section 10
INFO - Found 0 citekeys in bib section 0
INFO - Found 28 citekeys in bib section 11
INFO - Found 0 citekeys in bib section 0
INFO - Found 29 citekeys in bib section 12
INFO - Found 0 citekeys in bib section 0
INFO - Found 28 citekeys in bib section 13
INFO - Found 0 citekeys in bib section 0
INFO - Found 27 citekeys in bib section 14
INFO - Found 0 citekeys in bib section 0
INFO - Found 30 citekeys in bib section 15
INFO - Found 0 citekeys in bib section 0
INFO - Found 30 citekeys in bib section 16
INFO - Found 0 citekeys in bib section 0
INFO - Found 30 citekeys in bib section 17
INFO - Found 0 citekeys in bib section 0
INFO - Found 29 citekeys in bib section 18
INFO - Found 0 citekeys in bib section 0
INFO - Found 30 citekeys in bib section 19
INFO - Found 0 citekeys in bib section 0
INFO - Found 30 citekeys in bib section 20
INFO - Found 0 citekeys in bib section 0
INFO - Found 30 citekeys in bib section 21
INFO - Found 0 citekeys in bib section 0
INFO - Found 30 citekeys in bib section 22
INFO - Found 0 citekeys in bib section 0
INFO - Processing section 4
INFO - Looking for bibtex file 'bib/cap00.bib' for section 4
INFO - LaTeX decoding ...
INFO - Found BibTeX data source 'bib/cap00.bib'
INFO - Overriding locale 'es-ES' defaults 'normalization = NFD' with 'normalization = prenormalized'
INFO - Overriding locale 'es-ES' defaults 'variable = shifted' with 'variable = non-ignorable'
INFO - Sorting list 'apa/apasortcite//global/global/global' of type 'entry' with template 'apa' and locale 'es-ES'
INFO - Overriding locale 'es-ES' defaults 'normalization = NFD' with 'normalization = prenormalized'
INFO - Overriding locale 'es-ES' defaults 'variable = shifted' with 'variable = non-ignorable'
INFO - Sorting list 'apa/global//global/global/global' of type 'entry' with template 'apa' and locale 'es-ES'
INFO - Processing section 5
INFO - Looking for bibtex file 'bib/cap00.bib' for section 5
INFO - Looking for bibtex file 'bib/cap01.bib' for section 5
INFO - LaTeX decoding ...
INFO - Found BibTeX data source 'bib/cap01.bib'
INFO - Overriding locale 'es-ES' defaults 'normalization = NFD' with 'normalization = prenormalized'
INFO - Overriding locale 'es-ES' defaults 'variable = shifted' with 'variable = non-ignorable'
INFO - Sorting list 'apa/apasortcite//global/global/global' of type 'entry' with template 'apa' and locale 'es-ES'
INFO - Overriding locale 'es-ES' defaults 'variable = shifted' with 'variable = non-ignorable'
INFO - Overriding locale 'es-ES' defaults 'normalization = NFD' with 'normalization = prenormalized'
INFO - Sorting list 'apa/global//global/global/global' of type 'entry' with template 'apa' and locale 'es-ES'
INFO - Processing section 6
INFO - Looking for bibtex file 'bib/cap00.bib' for section 6
INFO - Looking for bibtex file 'bib/cap01.bib' for section 6
INFO - Looking for bibtex file 'bib/cap02.bib' for section 6
INFO - LaTeX decoding ...
INFO - Found BibTeX data source 'bib/cap02.bib'
INFO - Overriding locale 'es-ES' defaults 'variable = shifted' with 'variable = non-ignorable'
INFO - Overriding locale 'es-ES' defaults 'normalization = NFD' with 'normalization = prenormalized'
INFO - Sorting list 'apa/apasortcite//global/global/global' of type 'entry' with template 'apa' and locale 'es-ES'
INFO - Overriding locale 'es-ES' defaults 'variable = shifted' with 'variable = non-ignorable'
INFO - Overriding locale 'es-ES' defaults 'normalization = NFD' with 'normalization = prenormalized'
INFO - Sorting list 'apa/global//global/global/global' of type 'entry' with template 'apa' and locale 'es-ES'
INFO - Processing section 7
INFO - Looking for bibtex file 'bib/cap00.bib' for section 7
INFO - Looking for bibtex file 'bib/cap01.bib' for section 7
INFO - Looking for bibtex file 'bib/cap02.bib' for section 7
INFO - Looking for bibtex file 'bib/cap03.bib' for section 7
INFO - LaTeX decoding ...
INFO - Found BibTeX data source 'bib/cap03.bib'
INFO - Overriding locale 'es-ES' defaults 'variable = shifted' with 'variable = non-ignorable'
INFO - Overriding locale 'es-ES' defaults 'normalization = NFD' with 'normalization = prenormalized'
INFO - Sorting list 'apa/apasortcite//global/global/global' of type 'entry' with template 'apa' and locale 'es-ES'
INFO - Overriding locale 'es-ES' defaults 'variable = shifted' with 'variable = non-ignorable'
INFO - Overriding locale 'es-ES' defaults 'normalization = NFD' with 'normalization = prenormalized'
INFO - Sorting list 'apa/global//global/global/global' of type 'entry' with template 'apa' and locale 'es-ES'
INFO - Processing section 8
INFO - Looking for bibtex file 'bib/cap00.bib' for section 8
INFO - Looking for bibtex file 'bib/cap01.bib' for section 8
INFO - Looking for bibtex file 'bib/cap02.bib' for section 8
INFO - Looking for bibtex file 'bib/cap03.bib' for section 8
INFO - Looking for bibtex file 'bib/cap04.bib' for section 8
INFO - LaTeX decoding ...
INFO - Found BibTeX data source 'bib/cap04.bib'
INFO - Overriding locale 'es-ES' defaults 'variable = shifted' with 'variable = non-ignorable'
INFO - Overriding locale 'es-ES' defaults 'normalization = NFD' with 'normalization = prenormalized'
INFO - Sorting list 'apa/apasortcite//global/global/global' of type 'entry' with template 'apa' and locale 'es-ES'
INFO - Overriding locale 'es-ES' defaults 'normalization = NFD' with 'normalization = prenormalized'
INFO - Overriding locale 'es-ES' defaults 'variable = shifted' with 'variable = non-ignorable'
INFO - Sorting list 'apa/global//global/global/global' of type 'entry' with template 'apa' and locale 'es-ES'
INFO - Processing section 9
INFO - Looking for bibtex file 'bib/cap00.bib' for section 9
INFO - Looking for bibtex file 'bib/cap01.bib' for section 9
INFO - Looking for bibtex file 'bib/cap02.bib' for section 9
INFO - Looking for bibtex file 'bib/cap03.bib' for section 9
INFO - Looking for bibtex file 'bib/cap04.bib' for section 9
INFO - Looking for bibtex file 'bib/cap05.bib' for section 9
INFO - LaTeX decoding ...
INFO - Found BibTeX data source 'bib/cap05.bib'
INFO - Overriding locale 'es-ES' defaults 'variable = shifted' with 'variable = non-ignorable'
INFO - Overriding locale 'es-ES' defaults 'normalization = NFD' with 'normalization = prenormalized'
INFO - Sorting list 'apa/apasortcite//global/global/global' of type 'entry' with template 'apa' and locale 'es-ES'
INFO - Overriding locale 'es-ES' defaults 'normalization = NFD' with 'normalization = prenormalized'
INFO - Overriding locale 'es-ES' defaults 'variable = shifted' with 'variable = non-ignorable'
INFO - Sorting list 'apa/global//global/global/global' of type 'entry' with template 'apa' and locale 'es-ES'
INFO - Processing section 10
INFO - Looking for bibtex file 'bib/cap00.bib' for section 10
INFO - Looking for bibtex file 'bib/cap01.bib' for section 10
INFO - Looking for bibtex file 'bib/cap02.bib' for section 10
INFO - Looking for bibtex file 'bib/cap03.bib' for section 10
INFO - Looking for bibtex file 'bib/cap04.bib' for section 10
INFO - Looking for bibtex file 'bib/cap05.bib' for section 10
INFO - Looking for bibtex file 'bib/cap06.bib' for section 10
INFO - LaTeX decoding ...
INFO - Found BibTeX data source 'bib/cap06.bib'
INFO - Overriding locale 'es-ES' defaults 'normalization = NFD' with 'normalization = prenormalized'
INFO - Overriding locale 'es-ES' defaults 'variable = shifted' with 'variable = non-ignorable'
INFO - Sorting list 'apa/apasortcite//global/global/global' of type 'entry' with template 'apa' and locale 'es-ES'
INFO - Overriding locale 'es-ES' defaults 'normalization = NFD' with 'normalization = prenormalized'
INFO - Overriding locale 'es-ES' defaults 'variable = shifted' with 'variable = non-ignorable'
INFO - Sorting list 'apa/global//global/global/global' of type 'entry' with template 'apa' and locale 'es-ES'
INFO - Processing section 11
INFO - Looking for bibtex file 'bib/cap00.bib' for section 11
INFO - Looking for bibtex file 'bib/cap01.bib' for section 11
INFO - Looking for bibtex file 'bib/cap02.bib' for section 11
INFO - Looking for bibtex file 'bib/cap03.bib' for section 11
INFO - Looking for bibtex file 'bib/cap04.bib' for section 11
INFO - Looking for bibtex file 'bib/cap05.bib' for section 11
INFO - Looking for bibtex file 'bib/cap06.bib' for section 11
INFO - Looking for bibtex file 'bib/cap07.bib' for section 11
INFO - LaTeX decoding ...
INFO - Found BibTeX data source 'bib/cap07.bib'
INFO - Overriding locale 'es-ES' defaults 'normalization = NFD' with 'normalization = prenormalized'
INFO - Overriding locale 'es-ES' defaults 'variable = shifted' with 'variable = non-ignorable'
INFO - Sorting list 'apa/apasortcite//global/global/global' of type 'entry' with template 'apa' and locale 'es-ES'
INFO - Overriding locale 'es-ES' defaults 'normalization = NFD' with 'normalization = prenormalized'
INFO - Overriding locale 'es-ES' defaults 'variable = shifted' with 'variable = non-ignorable'
INFO - Sorting list 'apa/global//global/global/global' of type 'entry' with template 'apa' and locale 'es-ES'
INFO - Processing section 12
INFO - Looking for bibtex file 'bib/cap00.bib' for section 12
INFO - Looking for bibtex file 'bib/cap01.bib' for section 12
INFO - Looking for bibtex file 'bib/cap02.bib' for section 12
INFO - Looking for bibtex file 'bib/cap03.bib' for section 12
INFO - Looking for bibtex file 'bib/cap04.bib' for section 12
INFO - Looking for bibtex file 'bib/cap05.bib' for section 12
INFO - Looking for bibtex file 'bib/cap06.bib' for section 12
INFO - Looking for bibtex file 'bib/cap07.bib' for section 12
INFO - Looking for bibtex file 'bib/cap08.bib' for section 12
INFO - LaTeX decoding ...
INFO - Found BibTeX data source 'bib/cap08.bib'
INFO - Overriding locale 'es-ES' defaults 'normalization = NFD' with 'normalization = prenormalized'
INFO - Overriding locale 'es-ES' defaults 'variable = shifted' with 'variable = non-ignorable'
INFO - Sorting list 'apa/apasortcite//global/global/global' of type 'entry' with template 'apa' and locale 'es-ES'
INFO - Overriding locale 'es-ES' defaults 'variable = shifted' with 'variable = non-ignorable'
INFO - Overriding locale 'es-ES' defaults 'normalization = NFD' with 'normalization = prenormalized'
INFO - Sorting list 'apa/global//global/global/global' of type 'entry' with template 'apa' and locale 'es-ES'
INFO - Processing section 13
INFO - Looking for bibtex file 'bib/cap00.bib' for section 13
INFO - Looking for bibtex file 'bib/cap01.bib' for section 13
INFO - Looking for bibtex file 'bib/cap02.bib' for section 13
INFO - Looking for bibtex file 'bib/cap03.bib' for section 13
INFO - Looking for bibtex file 'bib/cap04.bib' for section 13
INFO - Looking for bibtex file 'bib/cap05.bib' for section 13
INFO - Looking for bibtex file 'bib/cap06.bib' for section 13
INFO - Looking for bibtex file 'bib/cap07.bib' for section 13
INFO - Looking for bibtex file 'bib/cap08.bib' for section 13
INFO - Looking for bibtex file 'bib/cap09.bib' for section 13
INFO - LaTeX decoding ...
INFO - Found BibTeX data source 'bib/cap09.bib'
INFO - Overriding locale 'es-ES' defaults 'normalization = NFD' with 'normalization = prenormalized'
INFO - Overriding locale 'es-ES' defaults 'variable = shifted' with 'variable = non-ignorable'
INFO - Sorting list 'apa/apasortcite//global/global/global' of type 'entry' with template 'apa' and locale 'es-ES'
INFO - Overriding locale 'es-ES' defaults 'variable = shifted' with 'variable = non-ignorable'
INFO - Overriding locale 'es-ES' defaults 'normalization = NFD' with 'normalization = prenormalized'
INFO - Sorting list 'apa/global//global/global/global' of type 'entry' with template 'apa' and locale 'es-ES'
INFO - Processing section 14
INFO - Looking for bibtex file 'bib/cap00.bib' for section 14
INFO - Looking for bibtex file 'bib/cap01.bib' for section 14
INFO - Looking for bibtex file 'bib/cap02.bib' for section 14
INFO - Looking for bibtex file 'bib/cap03.bib' for section 14
INFO - Looking for bibtex file 'bib/cap04.bib' for section 14
INFO - Looking for bibtex file 'bib/cap05.bib' for section 14
INFO - Looking for bibtex file 'bib/cap06.bib' for section 14
INFO - Looking for bibtex file 'bib/cap07.bib' for section 14
INFO - Looking for bibtex file 'bib/cap08.bib' for section 14
INFO - Looking for bibtex file 'bib/cap09.bib' for section 14
INFO - Looking for bibtex file 'bib/cap10.bib' for section 14
INFO - LaTeX decoding ...
INFO - Found BibTeX data source 'bib/cap10.bib'
INFO - Overriding locale 'es-ES' defaults 'normalization = NFD' with 'normalization = prenormalized'
INFO - Overriding locale 'es-ES' defaults 'variable = shifted' with 'variable = non-ignorable'
INFO - Sorting list 'apa/apasortcite//global/global/global' of type 'entry' with template 'apa' and locale 'es-ES'
INFO - Overriding locale 'es-ES' defaults 'normalization = NFD' with 'normalization = prenormalized'
INFO - Overriding locale 'es-ES' defaults 'variable = shifted' with 'variable = non-ignorable'
INFO - Sorting list 'apa/global//global/global/global' of type 'entry' with template 'apa' and locale 'es-ES'
INFO - Processing section 15
INFO - Looking for bibtex file 'bib/cap00.bib' for section 15
INFO - Looking for bibtex file 'bib/cap01.bib' for section 15
INFO - Looking for bibtex file 'bib/cap02.bib' for section 15
INFO - Looking for bibtex file 'bib/cap03.bib' for section 15
INFO - Looking for bibtex file 'bib/cap04.bib' for section 15
INFO - Looking for bibtex file 'bib/cap05.bib' for section 15
INFO - Looking for bibtex file 'bib/cap06.bib' for section 15
INFO - Looking for bibtex file 'bib/cap07.bib' for section 15
INFO - Looking for bibtex file 'bib/cap08.bib' for section 15
INFO - Looking for bibtex file 'bib/cap09.bib' for section 15
INFO - Looking for bibtex file 'bib/cap10.bib' for section 15
INFO - Looking for bibtex file 'bib/cap11.bib' for section 15
INFO - LaTeX decoding ...
INFO - Found BibTeX data source 'bib/cap11.bib'
INFO - Overriding locale 'es-ES' defaults 'variable = shifted' with 'variable = non-ignorable'
INFO - Overriding locale 'es-ES' defaults 'normalization = NFD' with 'normalization = prenormalized'
INFO - Sorting list 'apa/apasortcite//global/global/global' of type 'entry' with template 'apa' and locale 'es-ES'
INFO - Overriding locale 'es-ES' defaults 'variable = shifted' with 'variable = non-ignorable'
INFO - Overriding locale 'es-ES' defaults 'normalization = NFD' with 'normalization = prenormalized'
INFO - Sorting list 'apa/global//global/global/global' of type 'entry' with template 'apa' and locale 'es-ES'
INFO - Processing section 16
INFO - Looking for bibtex file 'bib/cap00.bib' for section 16
INFO - Looking for bibtex file 'bib/cap01.bib' for section 16
INFO - Looking for bibtex file 'bib/cap02.bib' for section 16
INFO - Looking for bibtex file 'bib/cap03.bib' for section 16
INFO - Looking for bibtex file 'bib/cap04.bib' for section 16
INFO - Looking for bibtex file 'bib/cap05.bib' for section 16
INFO - Looking for bibtex file 'bib/cap06.bib' for section 16
INFO - Looking for bibtex file 'bib/cap07.bib' for section 16
INFO - Looking for bibtex file 'bib/cap08.bib' for section 16
INFO - Looking for bibtex file 'bib/cap09.bib' for section 16
INFO - Looking for bibtex file 'bib/cap10.bib' for section 16
INFO - Looking for bibtex file 'bib/cap11.bib' for section 16
INFO - Looking for bibtex file 'bib/cap12.bib' for section 16
INFO - LaTeX decoding ...
INFO - Found BibTeX data source 'bib/cap12.bib'
INFO - Overriding locale 'es-ES' defaults 'normalization = NFD' with 'normalization = prenormalized'
INFO - Overriding locale 'es-ES' defaults 'variable = shifted' with 'variable = non-ignorable'
INFO - Sorting list 'apa/apasortcite//global/global/global' of type 'entry' with template 'apa' and locale 'es-ES'
INFO - Overriding locale 'es-ES' defaults 'normalization = NFD' with 'normalization = prenormalized'
INFO - Overriding locale 'es-ES' defaults 'variable = shifted' with 'variable = non-ignorable'
INFO - Sorting list 'apa/global//global/global/global' of type 'entry' with template 'apa' and locale 'es-ES'
INFO - Processing section 17
INFO - Looking for bibtex file 'bib/cap00.bib' for section 17
INFO - Looking for bibtex file 'bib/cap01.bib' for section 17
INFO - Looking for bibtex file 'bib/cap02.bib' for section 17
INFO - Looking for bibtex file 'bib/cap03.bib' for section 17
INFO - Looking for bibtex file 'bib/cap04.bib' for section 17
INFO - Looking for bibtex file 'bib/cap05.bib' for section 17
INFO - Looking for bibtex file 'bib/cap06.bib' for section 17
INFO - Looking for bibtex file 'bib/cap07.bib' for section 17
INFO - Looking for bibtex file 'bib/cap08.bib' for section 17
INFO - Looking for bibtex file 'bib/cap09.bib' for section 17
INFO - Looking for bibtex file 'bib/cap10.bib' for section 17
INFO - Looking for bibtex file 'bib/cap11.bib' for section 17
INFO - Looking for bibtex file 'bib/cap12.bib' for section 17
INFO - Looking for bibtex file 'bib/cap13.bib' for section 17
INFO - LaTeX decoding ...
INFO - Found BibTeX data source 'bib/cap13.bib'
INFO - Overriding locale 'es-ES' defaults 'variable = shifted' with 'variable = non-ignorable'
INFO - Overriding locale 'es-ES' defaults 'normalization = NFD' with 'normalization = prenormalized'
INFO - Sorting list 'apa/apasortcite//global/global/global' of type 'entry' with template 'apa' and locale 'es-ES'
INFO - Overriding locale 'es-ES' defaults 'normalization = NFD' with 'normalization = prenormalized'
INFO - Overriding locale 'es-ES' defaults 'variable = shifted' with 'variable = non-ignorable'
INFO - Sorting list 'apa/global//global/global/global' of type 'entry' with template 'apa' and locale 'es-ES'
INFO - Processing section 18
INFO - Looking for bibtex file 'bib/cap00.bib' for section 18
INFO - Looking for bibtex file 'bib/cap01.bib' for section 18
INFO - Looking for bibtex file 'bib/cap02.bib' for section 18
INFO - Looking for bibtex file 'bib/cap03.bib' for section 18
INFO - Looking for bibtex file 'bib/cap04.bib' for section 18
INFO - Looking for bibtex file 'bib/cap05.bib' for section 18
INFO - Looking for bibtex file 'bib/cap06.bib' for section 18
INFO - Looking for bibtex file 'bib/cap07.bib' for section 18
INFO - Looking for bibtex file 'bib/cap08.bib' for section 18
INFO - Looking for bibtex file 'bib/cap09.bib' for section 18
INFO - Looking for bibtex file 'bib/cap10.bib' for section 18
INFO - Looking for bibtex file 'bib/cap11.bib' for section 18
INFO - Looking for bibtex file 'bib/cap12.bib' for section 18
INFO - Looking for bibtex file 'bib/cap13.bib' for section 18
INFO - Looking for bibtex file 'bib/cap14.bib' for section 18
INFO - LaTeX decoding ...
INFO - Found BibTeX data source 'bib/cap14.bib'
INFO - Overriding locale 'es-ES' defaults 'normalization = NFD' with 'normalization = prenormalized'
INFO - Overriding locale 'es-ES' defaults 'variable = shifted' with 'variable = non-ignorable'
INFO - Sorting list 'apa/apasortcite//global/global/global' of type 'entry' with template 'apa' and locale 'es-ES'
INFO - Overriding locale 'es-ES' defaults 'normalization = NFD' with 'normalization = prenormalized'
INFO - Overriding locale 'es-ES' defaults 'variable = shifted' with 'variable = non-ignorable'
INFO - Sorting list 'apa/global//global/global/global' of type 'entry' with template 'apa' and locale 'es-ES'
INFO - Processing section 19
INFO - Looking for bibtex file 'bib/cap00.bib' for section 19
INFO - Looking for bibtex file 'bib/cap01.bib' for section 19
INFO - Looking for bibtex file 'bib/cap02.bib' for section 19
INFO - Looking for bibtex file 'bib/cap03.bib' for section 19
INFO - Looking for bibtex file 'bib/cap04.bib' for section 19
INFO - Looking for bibtex file 'bib/cap05.bib' for section 19
INFO - Looking for bibtex file 'bib/cap06.bib' for section 19
INFO - Looking for bibtex file 'bib/cap07.bib' for section 19
INFO - Looking for bibtex file 'bib/cap08.bib' for section 19
INFO - Looking for bibtex file 'bib/cap09.bib' for section 19
INFO - Looking for bibtex file 'bib/cap10.bib' for section 19
INFO - Looking for bibtex file 'bib/cap11.bib' for section 19
INFO - Looking for bibtex file 'bib/cap12.bib' for section 19
INFO - Looking for bibtex file 'bib/cap13.bib' for section 19
INFO - Looking for bibtex file 'bib/cap14.bib' for section 19
INFO - Looking for bibtex file 'bib/cap15.bib' for section 19
INFO - LaTeX decoding ...
INFO - Found BibTeX data source 'bib/cap15.bib'
INFO - Overriding locale 'es-ES' defaults 'variable = shifted' with 'variable = non-ignorable'
INFO - Overriding locale 'es-ES' defaults 'normalization = NFD' with 'normalization = prenormalized'
INFO - Sorting list 'apa/apasortcite//global/global/global' of type 'entry' with template 'apa' and locale 'es-ES'
INFO - Overriding locale 'es-ES' defaults 'normalization = NFD' with 'normalization = prenormalized'
INFO - Overriding locale 'es-ES' defaults 'variable = shifted' with 'variable = non-ignorable'
INFO - Sorting list 'apa/global//global/global/global' of type 'entry' with template 'apa' and locale 'es-ES'
INFO - Processing section 20
INFO - Looking for bibtex file 'bib/cap00.bib' for section 20
INFO - Looking for bibtex file 'bib/cap01.bib' for section 20
INFO - Looking for bibtex file 'bib/cap02.bib' for section 20
INFO - Looking for bibtex file 'bib/cap03.bib' for section 20
INFO - Looking for bibtex file 'bib/cap04.bib' for section 20
INFO - Looking for bibtex file 'bib/cap05.bib' for section 20
INFO - Looking for bibtex file 'bib/cap06.bib' for section 20
INFO - Looking for bibtex file 'bib/cap07.bib' for section 20
INFO - Looking for bibtex file 'bib/cap08.bib' for section 20
INFO - Looking for bibtex file 'bib/cap09.bib' for section 20
INFO - Looking for bibtex file 'bib/cap10.bib' for section 20
INFO - Looking for bibtex file 'bib/cap11.bib' for section 20
INFO - Looking for bibtex file 'bib/cap12.bib' for section 20
INFO - Looking for bibtex file 'bib/cap13.bib' for section 20
INFO - Looking for bibtex file 'bib/cap14.bib' for section 20
INFO - Looking for bibtex file 'bib/cap15.bib' for section 20
INFO - Looking for bibtex file 'bib/cap16.bib' for section 20
INFO - LaTeX decoding ...
INFO - Found BibTeX data source 'bib/cap16.bib'
INFO - Overriding locale 'es-ES' defaults 'variable = shifted' with 'variable = non-ignorable'
INFO - Overriding locale 'es-ES' defaults 'normalization = NFD' with 'normalization = prenormalized'
INFO - Sorting list 'apa/apasortcite//global/global/global' of type 'entry' with template 'apa' and locale 'es-ES'
INFO - Overriding locale 'es-ES' defaults 'variable = shifted' with 'variable = non-ignorable'
INFO - Overriding locale 'es-ES' defaults 'normalization = NFD' with 'normalization = prenormalized'
INFO - Sorting list 'apa/global//global/global/global' of type 'entry' with template 'apa' and locale 'es-ES'
INFO - Processing section 21
INFO - Looking for bibtex file 'bib/cap00.bib' for section 21
INFO - Looking for bibtex file 'bib/cap01.bib' for section 21
INFO - Looking for bibtex file 'bib/cap02.bib' for section 21
INFO - Looking for bibtex file 'bib/cap03.bib' for section 21
INFO - Looking for bibtex file 'bib/cap04.bib' for section 21
INFO - Looking for bibtex file 'bib/cap05.bib' for section 21
INFO - Looking for bibtex file 'bib/cap06.bib' for section 21
INFO - Looking for bibtex file 'bib/cap07.bib' for section 21
INFO - Looking for bibtex file 'bib/cap08.bib' for section 21
INFO - Looking for bibtex file 'bib/cap09.bib' for section 21
INFO - Looking for bibtex file 'bib/cap10.bib' for section 21
INFO - Looking for bibtex file 'bib/cap11.bib' for section 21
INFO - Looking for bibtex file 'bib/cap12.bib' for section 21
INFO - Looking for bibtex file 'bib/cap13.bib' for section 21
INFO - Looking for bibtex file 'bib/cap14.bib' for section 21
INFO - Looking for bibtex file 'bib/cap15.bib' for section 21
INFO - Looking for bibtex file 'bib/cap16.bib' for section 21
INFO - Looking for bibtex file 'bib/cap17.bib' for section 21
INFO - LaTeX decoding ...
INFO - Found BibTeX data source 'bib/cap17.bib'
INFO - Overriding locale 'es-ES' defaults 'variable = shifted' with 'variable = non-ignorable'
INFO - Overriding locale 'es-ES' defaults 'normalization = NFD' with 'normalization = prenormalized'
INFO - Sorting list 'apa/apasortcite//global/global/global' of type 'entry' with template 'apa' and locale 'es-ES'
INFO - Overriding locale 'es-ES' defaults 'normalization = NFD' with 'normalization = prenormalized'
INFO - Overriding locale 'es-ES' defaults 'variable = shifted' with 'variable = non-ignorable'
INFO - Sorting list 'apa/global//global/global/global' of type 'entry' with template 'apa' and locale 'es-ES'
INFO - Processing section 22
INFO - Looking for bibtex file 'bib/cap00.bib' for section 22
INFO - Looking for bibtex file 'bib/cap01.bib' for section 22
INFO - Looking for bibtex file 'bib/cap02.bib' for section 22
INFO - Looking for bibtex file 'bib/cap03.bib' for section 22
INFO - Looking for bibtex file 'bib/cap04.bib' for section 22
INFO - Looking for bibtex file 'bib/cap05.bib' for section 22
INFO - Looking for bibtex file 'bib/cap06.bib' for section 22
INFO - Looking for bibtex file 'bib/cap07.bib' for section 22
INFO - Looking for bibtex file 'bib/cap08.bib' for section 22
INFO - Looking for bibtex file 'bib/cap09.bib' for section 22
INFO - Looking for bibtex file 'bib/cap10.bib' for section 22
INFO - Looking for bibtex file 'bib/cap11.bib' for section 22
INFO - Looking for bibtex file 'bib/cap12.bib' for section 22
INFO - Looking for bibtex file 'bib/cap13.bib' for section 22
INFO - Looking for bibtex file 'bib/cap14.bib' for section 22
INFO - Looking for bibtex file 'bib/cap15.bib' for section 22
INFO - Looking for bibtex file 'bib/cap16.bib' for section 22
INFO - Looking for bibtex file 'bib/cap17.bib' for section 22
INFO - Looking for bibtex file 'bib/cap18.bib' for section 22
INFO - LaTeX decoding ...
INFO - Found BibTeX data source 'bib/cap18.bib'
INFO - Overriding locale 'es-ES' defaults 'variable = shifted' with 'variable = non-ignorable'
INFO - Overriding locale 'es-ES' defaults 'normalization = NFD' with 'normalization = prenormalized'
INFO - Sorting list 'apa/apasortcite//global/global/global' of type 'entry' with template 'apa' and locale 'es-ES'
INFO - Overriding locale 'es-ES' defaults 'variable = shifted' with 'variable = non-ignorable'
INFO - Overriding locale 'es-ES' defaults 'normalization = NFD' with 'normalization = prenormalized'
INFO - Sorting list 'apa/global//global/global/global' of type 'entry' with template 'apa' and locale 'es-ES'
INFO - Writing 'build/libro/main.bbl' with encoding 'UTF-8'
INFO - Output to build/libro/main.bbl
Latexmk: Found biber source file(s) [bib/cap00.bib, bib/cap01.bib, bib/cap02.bib, bib/cap03.bib, bib/cap04.bib, bib/cap05.bib, bib/cap06.bib, bib/cap07.bib, bib/cap08.bib, bib/cap09.bib, bib/cap10.bib, bib/cap11.bib, bib/cap12.bib, bib/cap13.bib, bib/cap14.bib, bib/cap15.bib, bib/cap16.bib, bib/cap17.bib, bib/cap18.bib, build/libro/main.bcf]
Latexmk: applying rule 'lualatex'...
Rule 'lualatex':  Reasons for rerun
Changed files or newly in use/created:
  build/libro/capitulos/cap00.aux
  build/libro/capitulos/cap01.aux
  build/libro/capitulos/cap02.aux
  build/libro/capitulos/cap03.aux
  build/libro/capitulos/cap04.aux
  build/libro/capitulos/cap05.aux
  build/libro/capitulos/cap06.aux
  build/libro/capitulos/cap07.aux
  build/libro/capitulos/cap08.aux
  build/libro/capitulos/cap09.aux
  build/libro/capitulos/cap10.aux
  build/libro/capitulos/cap11.aux
  build/libro/capitulos/cap12.aux
  build/libro/capitulos/cap13.aux
  build/libro/capitulos/cap14.aux
  build/libro/capitulos/cap15.aux
  build/libro/capitulos/cap16.aux
  build/libro/capitulos/cap17.aux
  build/libro/capitulos/cap18.aux
  build/libro/main.aux
  build/libro/main.run.xml
  build/libro/main.toc

------------
Run number 3 of rule 'lualatex'
------------
------------
Running 'lualatex  -shell-escape -interaction=nonstopmode -halt-on-error -recorder -output-directory="build/libro"  "main.tex"'
------------
This is LuaHBTeX, Version 1.21.0 (TeX Live 2025) 
 system commands enabled.
(./main.tex
LaTeX2e <2024-11-01> patch level 2
L3 programming layer <2025-01-18>
 (/usr/local/texlive/2025/texmf-dist/tex/latex/base/book.cls
Document Class: book 2024/06/29 v1.4n Standard LaTeX document class
(/usr/local/texlive/2025/texmf-dist/tex/latex/base/bk11.clo))
(./estilo/bioinfo.sty

LaTeX Warning: You have requested package `estilo/bioinfo',
               but the package provides `bioinfo'.

(/usr/local/texlive/2025/texmf-dist/tex/latex/geometry/geometry.sty
(/usr/local/texlive/2025/texmf-dist/tex/latex/graphics/keyval.sty)
(/usr/local/texlive/2025/texmf-dist/tex/generic/iftex/ifvtex.sty
(/usr/local/texlive/2025/texmf-dist/tex/generic/iftex/iftex.sty)))
(/usr/local/texlive/2025/texmf-dist/tex/generic/babel/babel.sty
(/usr/local/texlive/2025/texmf-dist/tex/generic/babel/luababel.def)
(/usr/local/texlive/2025/texmf-dist/tex/generic/babel/luababel.def)
(/usr/local/texlive/2025/texmf-dist/tex/generic/babel-spanish/spanish.ldf
(/usr/local/texlive/2025/texmf-dist/tex/generic/hyph-utf8/loadhyph/loadhyph-es.
tex UTF-8 Spanish hyphenation patterns
(/usr/local/texlive/2025/texmf-dist/tex/generic/hyph-utf8/patterns/tex/hyph-es.
tex))))
(/usr/local/texlive/2025/texmf-dist/tex/generic/babel/locale/es/babel-spanish.t
ex) (/usr/local/texlive/2025/texmf-dist/tex/latex/amsmath/amsmath.sty
For additional information on amsmath, use the `?' option.
(/usr/local/texlive/2025/texmf-dist/tex/latex/amsmath/amstext.sty
(/usr/local/texlive/2025/texmf-dist/tex/latex/amsmath/amsgen.sty))
(/usr/local/texlive/2025/texmf-dist/tex/latex/amsmath/amsbsy.sty)
(/usr/local/texlive/2025/texmf-dist/tex/latex/amsmath/amsopn.sty))
(/usr/local/texlive/2025/texmf-dist/tex/latex/amsfonts/amssymb.sty
(/usr/local/texlive/2025/texmf-dist/tex/latex/amsfonts/amsfonts.sty))
(/usr/local/texlive/2025/texmf-dist/tex/latex/mathtools/mathtools.sty
(/usr/local/texlive/2025/texmf-dist/tex/latex/tools/calc.sty)
(/usr/local/texlive/2025/texmf-dist/tex/latex/mathtools/mhsetup.sty))
(/usr/local/texlive/2025/texmf-dist/tex/latex/fontspec/fontspec.sty
(/usr/local/texlive/2025/texmf-dist/tex/latex/l3packages/xparse/xparse.sty
(/usr/local/texlive/2025/texmf-dist/tex/latex/l3kernel/expl3.sty
(/usr/local/texlive/2025/texmf-dist/tex/latex/l3backend/l3backend-luatex.def)))
 (/usr/local/texlive/2025/texmf-dist/tex/latex/fontspec/fontspec-luatex.sty
(/usr/local/texlive/2025/texmf-dist/tex/latex/base/fontenc.sty)
(/usr/local/texlive/2025/texmf-dist/tex/latex/fontspec/fontspec.cfg)))
(/usr/local/texlive/2025/texmf-dist/tex/latex/unicode-math/unicode-math.sty
(/usr/local/texlive/2025/texmf-dist/tex/latex/unicode-math/unicode-math-luatex.
sty
(/usr/local/texlive/2025/texmf-dist/tex/latex/l3packages/l3keys2e/l3keys2e.sty)
 (/usr/local/texlive/2025/texmf-dist/tex/latex/base/fix-cm.sty
(/usr/local/texlive/2025/texmf-dist/tex/latex/base/ts1enc.def))
(/usr/local/texlive/2025/texmf-dist/tex/lualatex/lualatex-math/lualatex-math.st
y (/usr/local/texlive/2025/texmf-dist/tex/latex/etoolbox/etoolbox.sty))
(/usr/local/texlive/2025/texmf-dist/tex/latex/unicode-math/unicode-math-table.t
ex))) (/usr/local/texlive/2025/texmf-dist/tex/latex/amsfonts/umsa.fd)
(/usr/local/texlive/2025/texmf-dist/tex/latex/amsfonts/umsb.fd)
(/usr/local/texlive/2025/texmf-dist/tex/latex/microtype/microtype.sty
(/usr/local/texlive/2025/texmf-dist/tex/latex/microtype/microtype-luatex.def)
(/usr/local/texlive/2025/texmf-dist/tex/latex/microtype/microtype.cfg))
(/usr/local/texlive/2025/texmf-dist/tex/latex/csquotes/csquotes.sty
(/usr/local/texlive/2025/texmf-dist/tex/latex/csquotes/csquotes.def)
(/usr/local/texlive/2025/texmf-dist/tex/latex/csquotes/csquotes.cfg))
(/usr/local/texlive/2025/texmf-dist/tex/latex/xcolor/xcolor.sty
(/usr/local/texlive/2025/texmf-dist/tex/latex/graphics-cfg/color.cfg)
(/usr/local/texlive/2025/texmf-dist/tex/latex/graphics-def/luatex.def)
(/usr/local/texlive/2025/texmf-dist/tex/latex/graphics/mathcolor.ltx))
(/usr/local/texlive/2025/texmf-dist/tex/latex/graphics/dvipsnam.def)
(/usr/local/texlive/2025/texmf-dist/tex/latex/colortbl/colortbl.sty
(/usr/local/texlive/2025/texmf-dist/tex/latex/tools/array.sty))
(/usr/local/texlive/2025/texmf-dist/tex/latex/graphics/graphicx.sty
(/usr/local/texlive/2025/texmf-dist/tex/latex/graphics/graphics.sty
(/usr/local/texlive/2025/texmf-dist/tex/latex/graphics/trig.sty)
(/usr/local/texlive/2025/texmf-dist/tex/latex/graphics-cfg/graphics.cfg)))
(/usr/local/texlive/2025/texmf-dist/tex/latex/pgf/frontendlayer/tikz.sty
(/usr/local/texlive/2025/texmf-dist/tex/latex/pgf/basiclayer/pgf.sty
(/usr/local/texlive/2025/texmf-dist/tex/latex/pgf/utilities/pgfrcs.sty
(/usr/local/texlive/2025/texmf-dist/tex/generic/pgf/utilities/pgfutil-common.te
x)
(/usr/local/texlive/2025/texmf-dist/tex/generic/pgf/utilities/pgfutil-latex.def
) (/usr/local/texlive/2025/texmf-dist/tex/generic/pgf/utilities/pgfrcs.code.tex
(/usr/local/texlive/2025/texmf-dist/tex/generic/pgf/pgf.revision.tex)))
(/usr/local/texlive/2025/texmf-dist/tex/latex/pgf/basiclayer/pgfcore.sty
(/usr/local/texlive/2025/texmf-dist/tex/latex/pgf/systemlayer/pgfsys.sty
(/usr/local/texlive/2025/texmf-dist/tex/generic/pgf/systemlayer/pgfsys.code.tex
(/usr/local/texlive/2025/texmf-dist/tex/generic/pgf/utilities/pgfkeys.code.tex
(/usr/local/texlive/2025/texmf-dist/tex/generic/pgf/utilities/pgfkeyslibraryfil
tered.code.tex))
(/usr/local/texlive/2025/texmf-dist/tex/generic/pgf/systemlayer/pgf.cfg)
(/usr/local/texlive/2025/texmf-dist/tex/generic/pgf/systemlayer/pgfsys-luatex.d
ef
(/usr/local/texlive/2025/texmf-dist/tex/generic/pgf/systemlayer/pgfsys-common-p
df.def)))
(/usr/local/texlive/2025/texmf-dist/tex/generic/pgf/systemlayer/pgfsyssoftpath.
code.tex)
(/usr/local/texlive/2025/texmf-dist/tex/generic/pgf/systemlayer/pgfsysprotocol.
code.tex))
(/usr/local/texlive/2025/texmf-dist/tex/generic/pgf/basiclayer/pgfcore.code.tex
(/usr/local/texlive/2025/texmf-dist/tex/generic/pgf/math/pgfmath.code.tex
(/usr/local/texlive/2025/texmf-dist/tex/generic/pgf/math/pgfmathutil.code.tex)
(/usr/local/texlive/2025/texmf-dist/tex/generic/pgf/math/pgfmathparser.code.tex
)
(/usr/local/texlive/2025/texmf-dist/tex/generic/pgf/math/pgfmathfunctions.code.
tex)
(/usr/local/texlive/2025/texmf-dist/tex/generic/pgf/math/pgfmathfunctions.basic
.code.tex)
(/usr/local/texlive/2025/texmf-dist/tex/generic/pgf/math/pgfmathfunctions.trigo
nometric.code.tex)
(/usr/local/texlive/2025/texmf-dist/tex/generic/pgf/math/pgfmathfunctions.rando
m.code.tex)
(/usr/local/texlive/2025/texmf-dist/tex/generic/pgf/math/pgfmathfunctions.compa
rison.code.tex)
(/usr/local/texlive/2025/texmf-dist/tex/generic/pgf/math/pgfmathfunctions.base.
code.tex)
(/usr/local/texlive/2025/texmf-dist/tex/generic/pgf/math/pgfmathfunctions.round
.code.tex)
(/usr/local/texlive/2025/texmf-dist/tex/generic/pgf/math/pgfmathfunctions.misc.
code.tex)
(/usr/local/texlive/2025/texmf-dist/tex/generic/pgf/math/pgfmathfunctions.integ
erarithmetics.code.tex)
(/usr/local/texlive/2025/texmf-dist/tex/generic/pgf/math/pgfmathcalc.code.tex)
(/usr/local/texlive/2025/texmf-dist/tex/generic/pgf/math/pgfmathfloat.code.tex)
) (/usr/local/texlive/2025/texmf-dist/tex/generic/pgf/math/pgfint.code.tex)
(/usr/local/texlive/2025/texmf-dist/tex/generic/pgf/basiclayer/pgfcorepoints.co
de.tex)
(/usr/local/texlive/2025/texmf-dist/tex/generic/pgf/basiclayer/pgfcorepathconst
ruct.code.tex)
(/usr/local/texlive/2025/texmf-dist/tex/generic/pgf/basiclayer/pgfcorepathusage
.code.tex)
(/usr/local/texlive/2025/texmf-dist/tex/generic/pgf/basiclayer/pgfcorescopes.co
de.tex)
(/usr/local/texlive/2025/texmf-dist/tex/generic/pgf/basiclayer/pgfcoregraphicst
ate.code.tex)
(/usr/local/texlive/2025/texmf-dist/tex/generic/pgf/basiclayer/pgfcoretransform
ations.code.tex)
(/usr/local/texlive/2025/texmf-dist/tex/generic/pgf/basiclayer/pgfcorequick.cod
e.tex)
(/usr/local/texlive/2025/texmf-dist/tex/generic/pgf/basiclayer/pgfcoreobjects.c
ode.tex)
(/usr/local/texlive/2025/texmf-dist/tex/generic/pgf/basiclayer/pgfcorepathproce
ssing.code.tex)
(/usr/local/texlive/2025/texmf-dist/tex/generic/pgf/basiclayer/pgfcorearrows.co
de.tex)
(/usr/local/texlive/2025/texmf-dist/tex/generic/pgf/basiclayer/pgfcoreshade.cod
e.tex)
(/usr/local/texlive/2025/texmf-dist/tex/generic/pgf/basiclayer/pgfcoreimage.cod
e.tex)
(/usr/local/texlive/2025/texmf-dist/tex/generic/pgf/basiclayer/pgfcoreexternal.
code.tex)
(/usr/local/texlive/2025/texmf-dist/tex/generic/pgf/basiclayer/pgfcorelayers.co
de.tex)
(/usr/local/texlive/2025/texmf-dist/tex/generic/pgf/basiclayer/pgfcoretranspare
ncy.code.tex)
(/usr/local/texlive/2025/texmf-dist/tex/generic/pgf/basiclayer/pgfcorepatterns.
code.tex)
(/usr/local/texlive/2025/texmf-dist/tex/generic/pgf/basiclayer/pgfcorerdf.code.
tex)))
(/usr/local/texlive/2025/texmf-dist/tex/generic/pgf/modules/pgfmoduleshapes.cod
e.tex)
(/usr/local/texlive/2025/texmf-dist/tex/generic/pgf/modules/pgfmoduleplot.code.
tex)
(/usr/local/texlive/2025/texmf-dist/tex/latex/pgf/compatibility/pgfcomp-version
-0-65.sty)
(/usr/local/texlive/2025/texmf-dist/tex/latex/pgf/compatibility/pgfcomp-version
-1-18.sty))
(/usr/local/texlive/2025/texmf-dist/tex/latex/pgf/utilities/pgffor.sty
(/usr/local/texlive/2025/texmf-dist/tex/latex/pgf/utilities/pgfkeys.sty
(/usr/local/texlive/2025/texmf-dist/tex/generic/pgf/utilities/pgfkeys.code.tex)
) (/usr/local/texlive/2025/texmf-dist/tex/latex/pgf/math/pgfmath.sty
(/usr/local/texlive/2025/texmf-dist/tex/generic/pgf/math/pgfmath.code.tex))
(/usr/local/texlive/2025/texmf-dist/tex/generic/pgf/utilities/pgffor.code.tex))

(/usr/local/texlive/2025/texmf-dist/tex/generic/pgf/frontendlayer/tikz/tikz.cod
e.tex
(/usr/local/texlive/2025/texmf-dist/tex/generic/pgf/libraries/pgflibraryplothan
dlers.code.tex)
(/usr/local/texlive/2025/texmf-dist/tex/generic/pgf/modules/pgfmodulematrix.cod
e.tex)
(/usr/local/texlive/2025/texmf-dist/tex/generic/pgf/frontendlayer/tikz/librarie
s/tikzlibrarytopaths.code.tex)))
(/usr/local/texlive/2025/texmf-dist/tex/generic/pgf/libraries/pgflibraryarrows.
meta.code.tex)
(/usr/local/texlive/2025/texmf-dist/tex/generic/pgf/frontendlayer/tikz/librarie
s/tikzlibrarypositioning.code.tex)
(/usr/local/texlive/2025/texmf-dist/tex/generic/pgf/frontendlayer/tikz/librarie
s/tikzlibrarycalc.code.tex)
(/usr/local/texlive/2025/texmf-dist/tex/generic/pgf/frontendlayer/tikz/librarie
s/tikzlibraryfit.code.tex)
(/usr/local/texlive/2025/texmf-dist/tex/generic/pgf/frontendlayer/tikz/librarie
s/tikzlibrarybackgrounds.code.tex)
(/usr/local/texlive/2025/texmf-dist/tex/generic/pgf/frontendlayer/tikz/librarie
s/tikzlibraryshapes.code.tex
(/usr/local/texlive/2025/texmf-dist/tex/generic/pgf/frontendlayer/tikz/librarie
s/tikzlibraryshapes.geometric.code.tex
(/usr/local/texlive/2025/texmf-dist/tex/generic/pgf/libraries/shapes/pgflibrary
shapes.geometric.code.tex))
(/usr/local/texlive/2025/texmf-dist/tex/generic/pgf/frontendlayer/tikz/librarie
s/tikzlibraryshapes.misc.code.tex
(/usr/local/texlive/2025/texmf-dist/tex/generic/pgf/libraries/shapes/pgflibrary
shapes.misc.code.tex))
(/usr/local/texlive/2025/texmf-dist/tex/generic/pgf/frontendlayer/tikz/librarie
s/tikzlibraryshapes.symbols.code.tex
(/usr/local/texlive/2025/texmf-dist/tex/generic/pgf/libraries/shapes/pgflibrary
shapes.symbols.code.tex))
(/usr/local/texlive/2025/texmf-dist/tex/generic/pgf/frontendlayer/tikz/librarie
s/tikzlibraryshapes.arrows.code.tex
(/usr/local/texlive/2025/texmf-dist/tex/generic/pgf/libraries/shapes/pgflibrary
shapes.arrows.code.tex))
(/usr/local/texlive/2025/texmf-dist/tex/generic/pgf/frontendlayer/tikz/librarie
s/tikzlibraryshapes.callouts.code.tex
(/usr/local/texlive/2025/texmf-dist/tex/generic/pgf/libraries/shapes/pgflibrary
shapes.callouts.code.tex))
(/usr/local/texlive/2025/texmf-dist/tex/generic/pgf/frontendlayer/tikz/librarie
s/tikzlibraryshapes.multipart.code.tex
(/usr/local/texlive/2025/texmf-dist/tex/generic/pgf/libraries/shapes/pgflibrary
shapes.multipart.code.tex)))
(/usr/local/texlive/2025/texmf-dist/tex/generic/pgf/frontendlayer/tikz/librarie
s/tikzlibrarydecorations.pathreplacing.code.tex
(/usr/local/texlive/2025/texmf-dist/tex/generic/pgf/frontendlayer/tikz/librarie
s/tikzlibrarydecorations.code.tex
(/usr/local/texlive/2025/texmf-dist/tex/generic/pgf/modules/pgfmoduledecoration
s.code.tex))
(/usr/local/texlive/2025/texmf-dist/tex/generic/pgf/libraries/decorations/pgfli
brarydecorations.pathreplacing.code.tex))
(/usr/local/texlive/2025/texmf-dist/tex/generic/pgf/frontendlayer/tikz/librarie
s/tikzlibrarydecorations.pathmorphing.code.tex
(/usr/local/texlive/2025/texmf-dist/tex/generic/pgf/libraries/decorations/pgfli
brarydecorations.pathmorphing.code.tex))
(/usr/local/texlive/2025/texmf-dist/tex/generic/pgf/frontendlayer/tikz/librarie
s/tikzlibrarydecorations.text.code.tex
(/usr/local/texlive/2025/texmf-dist/tex/generic/pgf/libraries/decorations/pgfli
brarydecorations.text.code.tex))
(/usr/local/texlive/2025/texmf-dist/tex/generic/pgf/frontendlayer/tikz/librarie
s/tikzlibrarypatterns.code.tex
(/usr/local/texlive/2025/texmf-dist/tex/generic/pgf/libraries/pgflibrarypattern
s.code.tex))
(/usr/local/texlive/2025/texmf-dist/tex/generic/pgf/frontendlayer/tikz/librarie
s/tikzlibraryshadows.code.tex
(/usr/local/texlive/2025/texmf-dist/tex/generic/pgf/frontendlayer/tikz/librarie
s/tikzlibraryfadings.code.tex
(/usr/local/texlive/2025/texmf-dist/tex/generic/pgf/libraries/pgflibraryfadings
.code.tex)))
(/usr/local/texlive/2025/texmf-dist/tex/latex/pgf-blur/tikzlibraryshadows.blur.
code.tex  v1.02, 2012/12/09)
(/usr/local/texlive/2025/texmf-dist/tex/generic/pgf/frontendlayer/tikz/librarie
s/tikzlibrarymatrix.code.tex)
(/usr/local/texlive/2025/texmf-dist/tex/generic/pgf/frontendlayer/tikz/librarie
s/tikzlibrarychains.code.tex)
(/usr/local/texlive/2025/texmf-dist/tex/generic/pgf/frontendlayer/tikz/librarie
s/tikzlibraryintersections.code.tex
(/usr/local/texlive/2025/texmf-dist/tex/generic/pgf/libraries/pgflibraryinterse
ctions.code.tex
(/usr/local/texlive/2025/texmf-dist/tex/generic/pgf/libraries/pgflibraryfpu.cod
e.tex)))
(/usr/local/texlive/2025/texmf-dist/tex/generic/pgf/frontendlayer/tikz/librarie
s/tikzlibrarytrees.code.tex)
(/usr/local/texlive/2025/texmf-dist/tex/generic/pgf/frontendlayer/tikz/librarie
s/graphs/tikzlibrarygraphs.code.tex)
(/usr/local/texlive/2025/texmf-dist/tex/generic/pgf/frontendlayer/tikz/librarie
s/tikzlibraryquotes.code.tex)
(/usr/local/texlive/2025/texmf-dist/tex/generic/pgf/frontendlayer/tikz/librarie
s/tikzlibraryspy.code.tex)
(/usr/local/texlive/2025/texmf-dist/tex/generic/pgf/frontendlayer/tikz/librarie
s/tikzlibrarybending.code.tex
(/usr/local/texlive/2025/texmf-dist/tex/generic/pgf/modules/pgfmodulebending.co
de.tex
(/usr/local/texlive/2025/texmf-dist/tex/generic/pgf/modules/pgfmodulenonlineart
ransformations.code.tex)
(/usr/local/texlive/2025/texmf-dist/tex/generic/pgf/libraries/pgflibrarycurvili
near.code.tex)))
(/usr/local/texlive/2025/texmf-dist/tex/generic/pgf/frontendlayer/tikz/librarie
s/tikzlibrarymath.code.tex
(/usr/local/texlive/2025/texmf-dist/tex/generic/pgf/frontendlayer/tikz/librarie
s/tikzlibraryfpu.code.tex))
(/usr/local/texlive/2025/texmf-dist/tex/latex/pgfplots/pgfplots.sty
(/usr/local/texlive/2025/texmf-dist/tex/generic/pgfplots/pgfplots.revision.tex)
(/usr/local/texlive/2025/texmf-dist/tex/generic/pgfplots/pgfplots.code.tex
(/usr/local/texlive/2025/texmf-dist/tex/generic/pgfplots/pgfplotscore.code.tex
(/usr/local/texlive/2025/texmf-dist/tex/generic/pgfplots/sys/pgfplotssysgeneric
.code.tex))
(/usr/local/texlive/2025/texmf-dist/tex/generic/pgfplots/libs/pgfplotslibrary.c
ode.tex)
(/usr/local/texlive/2025/texmf-dist/tex/generic/pgfplots/oldpgfcompatib/pgfplot
soldpgfsupp_loader.code.tex
Package pgfplots: loading complementary utilities for your pgf version...

(/usr/local/texlive/2025/texmf-dist/tex/generic/pgfplots/oldpgfcompatib/pgfplot
soldpgfsupp_pgfutil-common-lists.tex)
(/usr/local/texlive/2025/texmf-dist/tex/generic/pgf/libraries/luamath/pgflibrar
yluamath.code.tex))
(/usr/local/texlive/2025/texmf-dist/tex/generic/pgfplots/util/pgfplotsutil.code
.tex
(/usr/local/texlive/2025/texmf-dist/tex/generic/pgfplots/liststructure/pgfplots
liststructure.code.tex)
(/usr/local/texlive/2025/texmf-dist/tex/generic/pgfplots/liststructure/pgfplots
liststructureext.code.tex)
(/usr/local/texlive/2025/texmf-dist/tex/generic/pgfplots/liststructure/pgfplots
array.code.tex)
(/usr/local/texlive/2025/texmf-dist/tex/generic/pgfplots/liststructure/pgfplots
matrix.code.tex)
(/usr/local/texlive/2025/texmf-dist/tex/generic/pgfplots/numtable/pgfplotstable
shared.code.tex)
(/usr/local/texlive/2025/texmf-dist/tex/generic/pgfplots/liststructure/pgfplots
deque.code.tex)
(/usr/local/texlive/2025/texmf-dist/tex/generic/pgfplots/util/pgfplotsbinary.co
de.tex
(/usr/local/texlive/2025/texmf-dist/tex/generic/pgfplots/util/pgfplotsbinary.da
ta.code.tex))
(/usr/local/texlive/2025/texmf-dist/tex/generic/pgfplots/util/pgfplotsutil.verb
.code.tex)
(/usr/local/texlive/2025/texmf-dist/tex/generic/pgfplots/libs/pgflibrarypgfplot
s.surfshading.code.tex
(/usr/local/texlive/2025/texmf-dist/tex/generic/pgfplots/sys/pgflibrarypgfplots
.surfshading.pgfsys-luatex.def)))
(/usr/local/texlive/2025/texmf-dist/tex/generic/pgfplots/util/pgfplotscolormap.
code.tex
(/usr/local/texlive/2025/texmf-dist/tex/generic/pgfplots/util/pgfplotscolor.cod
e.tex))
(/usr/local/texlive/2025/texmf-dist/tex/generic/pgfplots/pgfplotsstackedplots.c
ode.tex)
(/usr/local/texlive/2025/texmf-dist/tex/generic/pgfplots/pgfplotsplothandlers.c
ode.tex
(/usr/local/texlive/2025/texmf-dist/tex/generic/pgfplots/pgfplotsmeshplothandle
r.code.tex
(/usr/local/texlive/2025/texmf-dist/tex/generic/pgfplots/pgfplotsmeshplotimage.
code.tex)))
(/usr/local/texlive/2025/texmf-dist/tex/generic/pgfplots/pgfplots.scaling.code.
tex)
(/usr/local/texlive/2025/texmf-dist/tex/generic/pgfplots/pgfplotscoordprocessin
g.code.tex)
(/usr/local/texlive/2025/texmf-dist/tex/generic/pgfplots/pgfplots.errorbars.cod
e.tex)
(/usr/local/texlive/2025/texmf-dist/tex/generic/pgfplots/pgfplots.markers.code.
tex)
(/usr/local/texlive/2025/texmf-dist/tex/generic/pgfplots/pgfplotsticks.code.tex
)
(/usr/local/texlive/2025/texmf-dist/tex/generic/pgfplots/pgfplots.paths.code.te
x)
(/usr/local/texlive/2025/texmf-dist/tex/generic/pgfplots/libs/tikzlibrarypgfplo
ts.contourlua.code.tex))
(/usr/local/texlive/2025/texmf-dist/tex/generic/pgf/frontendlayer/tikz/librarie
s/tikzlibraryplotmarks.code.tex
(/usr/local/texlive/2025/texmf-dist/tex/generic/pgf/libraries/pgflibraryplotmar
ks.code.tex)))
(/usr/local/texlive/2025/texmf-dist/tex/generic/pgfplots/libs/tikzlibrarypgfplo
ts.fillbetween.code.tex
(/usr/local/texlive/2025/texmf-dist/tex/generic/pgfplots/pgfcontrib/tikzlibrary
fillbetween.code.tex
(/usr/local/texlive/2025/texmf-dist/tex/generic/pgfplots/pgfcontrib/tikzlibrary
decorations.softclip.code.tex
(/usr/local/texlive/2025/texmf-dist/tex/generic/pgfplots/pgfcontrib/pgflibraryf
illbetween.code.tex)))
(/usr/local/texlive/2025/texmf-dist/tex/generic/pgfplots/libs/tikzlibrarypgfplo
ts.decorations.softclip.code.tex))
(/usr/local/texlive/2025/texmf-dist/tex/generic/pgfplots/libs/tikzlibrarypgfplo
ts.groupplots.code.tex)
(/usr/local/texlive/2025/texmf-dist/tex/generic/pgfplots/libs/tikzlibrarypgfplo
ts.colormaps.code.tex)
(/usr/local/texlive/2025/texmf-dist/tex/generic/pgfplots/libs/tikzlibrarypgfplo
ts.statistics.code.tex)
(/usr/local/texlive/2025/texmf-dist/tex/latex/booktabs/booktabs.sty)
(/usr/local/texlive/2025/texmf-dist/tex/latex/tools/tabularx.sty)
(/usr/local/texlive/2025/texmf-dist/tex/latex/multirow/multirow.sty)
(/usr/local/texlive/2025/texmf-dist/tex/latex/tools/longtable.sty)
(/usr/local/texlive/2025/texmf-dist/tex/latex/enumitem/enumitem.sty)
(/usr/local/texlive/2025/texmf-dist/tex/latex/caption/caption.sty
(/usr/local/texlive/2025/texmf-dist/tex/latex/caption/caption3.sty)
(/usr/local/texlive/2025/texmf-dist/tex/latex/caption/ltcaption.sty))
(/usr/local/texlive/2025/texmf-dist/tex/latex/caption/subcaption.sty)
(/usr/local/texlive/2025/texmf-dist/tex/latex/siunitx/siunitx.sty
(/usr/local/texlive/2025/texmf-dist/tex/latex/translations/translations.sty
(/usr/local/texlive/2025/texmf-dist/tex/generic/pdftexcmds/pdftexcmds.sty
(/usr/local/texlive/2025/texmf-dist/tex/generic/infwarerr/infwarerr.sty)
(/usr/local/texlive/2025/texmf-dist/tex/generic/ltxcmds/ltxcmds.sty))))
(/usr/local/texlive/2025/texmf-dist/tex/latex/float/float.sty)
(/usr/local/texlive/2025/texmf-dist/tex/latex/wrapfig/wrapfig.sty)
(/usr/local/texlive/2025/texmf-dist/tex/latex/marginnote/marginnote.sty)
(/usr/local/texlive/2025/texmf-dist/tex/latex/pdfpages/pdfpages.sty
(/usr/local/texlive/2025/texmf-dist/tex/latex/base/ifthen.sty)
(/usr/local/texlive/2025/texmf-dist/tex/latex/eso-pic/eso-pic.sty)
(/usr/local/texlive/2025/texmf-dist/tex/latex/pdfpages/ppluatex.def))
(/usr/local/texlive/2025/texmf-dist/tex/latex/tools/multicol.sty)
(/usr/local/texlive/2025/texmf-dist/tex/latex/tools/afterpage.sty)
(/usr/local/texlive/2025/texmf-dist/tex/latex/lipsum/lipsum.sty
(/usr/local/texlive/2025/texmf-dist/tex/latex/lipsum/lipsum.ltd.tex))
(/usr/local/texlive/2025/texmf-dist/tex/latex/emptypage/emptypage.sty)
(/usr/local/texlive/2025/texmf-dist/tex/latex/tcolorbox/tcolorbox.sty
(/usr/local/texlive/2025/texmf-dist/tex/latex/tools/verbatim.sty)
(/usr/local/texlive/2025/texmf-dist/tex/latex/environ/environ.sty
(/usr/local/texlive/2025/texmf-dist/tex/latex/trimspaces/trimspaces.sty))
(/usr/local/texlive/2025/texmf-dist/tex/latex/tcolorbox/tcbraster.code.tex
Library (tcolorbox): 'tcbraster.code.tex' version '6.4.1'
) (/usr/local/texlive/2025/texmf-dist/tex/latex/tcolorbox/tcbskins.code.tex
Library (tcolorbox): 'tcbskins.code.tex' version '6.4.1'
(/usr/local/texlive/2025/texmf-dist/tex/latex/tikzfill/tikzfill.image.sty
(/usr/local/texlive/2025/texmf-dist/tex/latex/tikzfill/tikzfill-common.sty)
(/usr/local/texlive/2025/texmf-dist/tex/latex/tikzfill/tikzlibraryfill.image.co
de.tex))
(/usr/local/texlive/2025/texmf-dist/tex/latex/tcolorbox/tcbskinsjigsaw.code.tex
Library (tcolorbox): 'tcbskinsjigsaw.code.tex' version '6.4.1'
))
(/usr/local/texlive/2025/texmf-dist/tex/latex/tcolorbox/tcbbreakable.code.tex
Library (tcolorbox): 'tcbbreakable.code.tex' version '6.4.1'
(/usr/local/texlive/2025/texmf-dist/tex/latex/pdfcol/pdfcol.sty)
(/usr/local/texlive/2025/texmf-dist/tex/generic/iftex/ifluatex.sty))
(/usr/local/texlive/2025/texmf-dist/tex/latex/tcolorbox/tcbhooks.code.tex
Library (tcolorbox): 'tcbhooks.code.tex' version '6.4.1'
) (/usr/local/texlive/2025/texmf-dist/tex/latex/tcolorbox/tcbtheorems.code.tex
Library (tcolorbox): 'tcbtheorems.code.tex' version '6.4.1'
) (/usr/local/texlive/2025/texmf-dist/tex/latex/tcolorbox/tcbfitting.code.tex
Library (tcolorbox): 'tcbfitting.code.tex' version '6.4.1'
)
(/usr/local/texlive/2025/texmf-dist/tex/latex/tcolorbox/tcblistingsutf8.code.te
x
Library (tcolorbox): 'tcblistingsutf8.code.tex' version '6.4.1'
(/usr/local/texlive/2025/texmf-dist/tex/latex/tcolorbox/tcblistings.code.tex
Library (tcolorbox): 'tcblistings.code.tex' version '6.4.1'
(/usr/local/texlive/2025/texmf-dist/tex/latex/listings/listings.sty
(/usr/local/texlive/2025/texmf-dist/tex/latex/listings/lstpatch.sty)
(/usr/local/texlive/2025/texmf-dist/tex/latex/listings/lstmisc.sty)
(/usr/local/texlive/2025/texmf-dist/tex/latex/listings/listings.cfg))
(/usr/local/texlive/2025/texmf-dist/tex/latex/tcolorbox/tcblistingscore.code.te
x
Library (tcolorbox): 'tcblistingscore.code.tex' version '6.4.1'
(/usr/local/texlive/2025/texmf-dist/tex/latex/tcolorbox/tcbprocessing.code.tex
Library (tcolorbox): 'tcbprocessing.code.tex' version '6.4.1'
))))
(/usr/local/texlive/2025/texmf-dist/tex/latex/tcolorbox/tcbexternal.code.tex
Library (tcolorbox): 'tcbexternal.code.tex' version '6.4.1'
) (/usr/local/texlive/2025/texmf-dist/tex/latex/tcolorbox/tcbmagazine.code.tex
Library (tcolorbox): 'tcbmagazine.code.tex' version '6.4.1'
) (/usr/local/texlive/2025/texmf-dist/tex/latex/tcolorbox/tcbvignette.code.tex
Library (tcolorbox): 'tcbvignette.code.tex' version '6.4.1'
) (/usr/local/texlive/2025/texmf-dist/tex/latex/tcolorbox/tcbposter.code.tex
Library (tcolorbox): 'tcbposter.code.tex' version '6.4.1'
) (/usr/local/texlive/2025/texmf-dist/tex/latex/tcolorbox/tcbminted.code.tex
Library (tcolorbox): 'tcbminted.code.tex' version '6.4.1'
(/usr/local/texlive/2025/texmf-dist/tex/latex/minted/minted.sty
(/usr/local/texlive/2025/texmf-dist/tex/generic/catchfile/catchfile.sty
(/usr/local/texlive/2025/texmf-dist/tex/generic/etexcmds/etexcmds.sty))
(/usr/local/texlive/2025/texmf-dist/tex/latex/fvextra/fvextra.sty
(/usr/local/texlive/2025/texmf-dist/tex/latex/fancyvrb/fancyvrb.sty)
(/usr/local/texlive/2025/texmf-dist/tex/latex/upquote/upquote.sty
(/usr/local/texlive/2025/texmf-dist/tex/latex/base/textcomp.sty))
(/usr/local/texlive/2025/texmf-dist/tex/latex/lineno/lineno.sty
(/usr/local/texlive/2025/texmf-dist/tex/latex/kvoptions/kvoptions.sty
(/usr/local/texlive/2025/texmf-dist/tex/latex/kvsetkeys/kvsetkeys.sty))

LaTeX Warning: Command \@parboxrestore  has changed.
               Check if current package is valid.

)

Package fvextra Warning: csquotes should be loaded after fvextra, to avoid a wa
rning from the lineno package on input line 37.

) (/usr/local/texlive/2025/texmf-dist/tex/latex/latex2pydata/latex2pydata.sty)
(/usr/local/texlive/2025/texmf-dist/tex/latex/pgfopts/pgfopts.sty)
(/usr/local/texlive/2025/texmf-dist/tex/latex/tools/shellesc.sty))))
(/usr/local/texlive/2025/texmf-dist/tex/latex/fontawesome5/fontawesome5.sty
(/usr/local/texlive/2025/texmf-dist/tex/latex/fontawesome5/fontawesome5-utex-he
lper.sty
(/usr/local/texlive/2025/texmf-dist/tex/luatex/luatexbase/luatexbase.sty
(/usr/local/texlive/2025/texmf-dist/tex/luatex/ctablestack/ctablestack.sty))
(/usr/local/texlive/2025/texmf-dist/tex/latex/fontawesome5/tufontawesomefree.fd
)
(/usr/local/texlive/2025/texmf-dist/tex/latex/fontawesome5/tufontawesomebrands.
fd))) (/usr/local/texlive/2025/texmf-dist/tex/latex/titlesec/titlesec.sty)
(/usr/local/texlive/2025/texmf-dist/tex/latex/fancyhdr/fancyhdr.sty)
(/usr/local/texlive/2025/texmf-dist/tex/latex/titlesec/titletoc.sty)
(/usr/local/texlive/2025/texmf-dist/tex/latex/biblatex/biblatex.sty
(/usr/local/texlive/2025/texmf-dist/tex/latex/logreq/logreq.sty
(/usr/local/texlive/2025/texmf-dist/tex/latex/logreq/logreq.def))
(/usr/local/texlive/2025/texmf-dist/tex/latex/url/url.sty)
(/usr/local/texlive/2025/texmf-dist/tex/latex/biblatex/blx-dm.def)
(/usr/local/texlive/2025/texmf-dist/tex/latex/biblatex-apa/apa.dbx)
(/usr/local/texlive/2025/texmf-dist/tex/latex/biblatex/blx-unicode.def)
(/usr/local/texlive/2025/texmf-dist/tex/latex/biblatex/blx-compat.def)
(/usr/local/texlive/2025/texmf-dist/tex/latex/biblatex/biblatex.def)
(/usr/local/texlive/2025/texmf-dist/tex/latex/biblatex-apa/apa.bbx
(/usr/local/texlive/2025/texmf-dist/tex/latex/biblatex/bbx/standard.bbx))
(/usr/local/texlive/2025/texmf-dist/tex/latex/biblatex-apa/apa.cbx)
(/usr/local/texlive/2025/texmf-dist/tex/latex/biblatex/biblatex.cfg)
(/usr/local/texlive/2025/texmf-dist/tex/latex/biblatex/blx-case-expl3.sty))
(/usr/local/texlive/2025/texmf-dist/tex/latex/hyperref/hyperref.sty
(/usr/local/texlive/2025/texmf-dist/tex/generic/kvdefinekeys/kvdefinekeys.sty)
(/usr/local/texlive/2025/texmf-dist/tex/generic/pdfescape/pdfescape.sty)
(/usr/local/texlive/2025/texmf-dist/tex/latex/hycolor/hycolor.sty)
(/usr/local/texlive/2025/texmf-dist/tex/latex/hyperref/nameref.sty
(/usr/local/texlive/2025/texmf-dist/tex/latex/refcount/refcount.sty)
(/usr/local/texlive/2025/texmf-dist/tex/generic/gettitlestring/gettitlestring.s
ty)) (/usr/local/texlive/2025/texmf-dist/tex/generic/stringenc/stringenc.sty)
(/usr/local/texlive/2025/texmf-dist/tex/latex/hyperref/pd1enc.def)
(/usr/local/texlive/2025/texmf-dist/tex/generic/intcalc/intcalc.sty)
(/usr/local/texlive/2025/texmf-dist/tex/latex/hyperref/puenc.def)
(/usr/local/texlive/2025/texmf-dist/tex/generic/bitset/bitset.sty
(/usr/local/texlive/2025/texmf-dist/tex/generic/bigintcalc/bigintcalc.sty))
(/usr/local/texlive/2025/texmf-dist/tex/latex/base/atbegshi-ltx.sty))
(/usr/local/texlive/2025/texmf-dist/tex/latex/hyperref/hluatex.def
(/usr/local/texlive/2025/texmf-dist/tex/latex/base/atveryend-ltx.sty)
(/usr/local/texlive/2025/texmf-dist/tex/latex/rerunfilecheck/rerunfilecheck.sty

(/usr/local/texlive/2025/texmf-dist/tex/generic/uniquecounter/uniquecounter.sty
))) (/usr/local/texlive/2025/texmf-dist/tex/latex/bookmark/bookmark.sty
(/usr/local/texlive/2025/texmf-dist/tex/latex/bookmark/bkm-pdftex.def))
(/usr/local/texlive/2025/texmf-dist/tex/latex/cleveref/cleveref.sty))
(./estilo/libro.sty

LaTeX Warning: You have requested package `estilo/libro',
               but the package provides `libro'.

) (./build/libro/main.aux (./build/libro/capitulos/cap00.aux)
(./build/libro/capitulos/cap01.aux) (./build/libro/capitulos/cap02.aux)
(./build/libro/capitulos/cap03.aux) (./build/libro/capitulos/cap04.aux)
(./build/libro/capitulos/cap05.aux) (./build/libro/capitulos/cap06.aux)
(./build/libro/capitulos/cap07.aux) (./build/libro/capitulos/cap08.aux)
(./build/libro/capitulos/cap09.aux) (./build/libro/capitulos/cap10.aux)
(./build/libro/capitulos/cap11.aux) (./build/libro/capitulos/cap12.aux)
(./build/libro/capitulos/cap13.aux) (./build/libro/capitulos/cap14.aux)
(./build/libro/capitulos/cap15.aux) (./build/libro/capitulos/cap16.aux)
(./build/libro/capitulos/cap17.aux) (./build/libro/capitulos/cap18.aux))
*geometry* driver: auto-detecting
*geometry* detected driver: luatex

Package unicode-math Warning: Using \overbracket and \underbracket from
(unicode-math)                `mathtools' package.
(unicode-math)                 
(unicode-math)                 Use \Uoverbracket and \Uunderbracket for
(unicode-math)                original `unicode-math' definition.


Package unicode-math Warning: I'm going to overwrite the following commands
(unicode-math)                from the `mathtools' package: 
(unicode-math)                 
(unicode-math)                     \dblcolon, \coloneqq, \Coloneqq, \eqqcolon.
(unicode-math)                
(unicode-math)                 
(unicode-math)                 Note that since I won't overwrite the other
(unicode-math)                colon-like commands, using them will lead to
(unicode-math)                inconsistencies.

(/usr/local/texlive/2025/texmf-dist/tex/context/base/mkii/supp-pdf.mkii
[Loading MPS to PDF converter (version 2006.09.02).]
) (/usr/local/texlive/2025/texmf-dist/tex/latex/epstopdf-pkg/epstopdf-base.sty
(/usr/local/texlive/2025/texmf-dist/tex/latex/latexconfig/epstopdf-sys.cfg))
Package pgfplots notification 'compat/show suggested version=true': document ha
s been generated with the most recent feature set (\pgfplotsset{compat=1.18}).


(/usr/local/texlive/2025/texmf-dist/tex/latex/translations/translations-basic-d
ictionary-spanish.trsl)
(/usr/local/texlive/2025/texmf-dist/tex/latex/pdflscape/pdflscape.sty
(/usr/local/texlive/2025/texmf-dist/tex/latex/pdflscape/pdflscape-nometadata.st
y (/usr/local/texlive/2025/texmf-dist/tex/latex/graphics/lscape.sty)))
(/usr/local/texlive/2025/texmf-dist/tex/latex/biblatex-apa/spanish-apa.lbx
(/usr/local/texlive/2025/texmf-dist/tex/latex/biblatex/lbx/spanish.lbx)
(/usr/local/texlive/2025/texmf-dist/tex/latex/biblatex/lbx/spanish.lbx))
(./build/libro/main.bbl) (./preliminares/portada.tex
[1{/usr/local/texlive/2025/texmf-var/fonts/map/pdftex/updmap/pdftex.map}])
(./preliminares/creditos.tex
Overfull \hbox (84.31575pt too wide) in paragraph at lines 14--16
[]\TU/SourceSansPro(0)/b/n/10 La-bo-ra-to-rios: \TU/SourceSansPro(0)/m/n/10 ca-
da ca-pí-tu-lo tie-ne no-te-books de Goo-gle Co-lab en []\TU/FiraMono(0)/m/n/1
0 github.com/juvenalyosa/bioinformatica-
(/usr/local/texlive/2025/texmf-dist/tex/latex/microtype/mt-msa.cfg)
(/usr/local/texlive/2025/texmf-dist/tex/latex/microtype/mt-msb.cfg)
[2]) (./preliminares/prologo.tex
[3]) (./preliminares/como_leer.tex
[4]
[5] (./build/libro/_FAD58DE7366495DB4650CFEFAC2FCD61.config.minted)
(./build/libro/_minted/friendly.style.minted)
(./build/libro/_minted/BEF3B8B8BDD33968A14FA808785354C3.highlight.minted)
(/usr/local/texlive/2025/texmf-dist/tex/latex/microtype/mt-TU-empty.cfg)
[6])
[7]
[8] (./build/libro/main.toc
[9]
[10]
[11])
[12]
[1]
[2] (./capitulos/cap00.tex
Capítulo 0.
(./build/libro/_minted/8C9B3A63627C37731E1FD336D48FC127.highlight.minted)
(./build/libro/_minted/6304C5C79A1960F1E72F263B2D98C0D7.highlight.minted)
[3]
[4]
[5] (./build/libro/_minted/4D9B7703616AC10A2A9F1ACAC9B1755A.highlight.minted)
(./build/libro/_minted/61619DD35E105CD72FA32982E97C6BD4.highlight.minted)
(./build/libro/_minted/61619DD35E105CD72FA32982E97C6BD4.highlight.minted)
(./build/libro/_minted/61619DD35E105CD72FA32982E97C6BD4.highlight.minted)
(./build/libro/_minted/61619DD35E105CD72FA32982E97C6BD4.highlight.minted)
[6] (./build/libro/_minted/E925918E7AD88B5A1F3AE42487A1A8A1.highlight.minted)
(./build/libro/_minted/AA4E751D09DAC32103E81EE94191D8F0.highlight.minted)
(./build/libro/_minted/7DF3DDFB669410F023887A25458D72AA.highlight.minted)
[7] (./build/libro/_minted/92F42BFDC74D5B248A7A5456939894B5.highlight.minted)
(./build/libro/_minted/F484301B04A6D1565E0FDA3BDFC2E338.highlight.minted)
(./build/libro/_minted/4E4CDBD57EE0F0329ABE05E24C0D9B52.highlight.minted)
(./build/libro/_minted/56615FF015D7DE9C6B97366D356E6B7B.highlight.minted)
(./build/libro/_minted/FE858F386894F5DC07FFC35D2E85F1EB.highlight.minted)
[8] (./build/libro/_minted/9A7250C12500553C722080DF51605D5F.highlight.minted)
(./build/libro/_minted/11A76C5EDE624DC86C91CD8B5370CF03.highlight.minted)
(./build/libro/_minted/E92218370DE2FEF1F9FDF3A94CB202EF.highlight.minted)
(./build/libro/_minted/3E5771F3A09B7B267E450FE152FFC2F1.highlight.minted)
[9] (./build/libro/_minted/AA4E751D09DAC32103E81EE94191D8F0.highlight.minted)
(./build/libro/_minted/753032298446E7E5F80FABCA075C1A0C.highlight.minted)
(./build/libro/_minted/7DF3DDFB669410F023887A25458D72AA.highlight.minted)
[10] (./build/libro/_minted/D72314C65155B17F7E2F3BF06746917A.highlight.minted)
(./build/libro/_minted/BEE34B025ED1B00A13A323BBDA73D8A2.highlight.minted)
(./build/libro/_minted/2112F0D8237D358414184C18E63F5F23.highlight.minted)
(./build/libro/_minted/80B86A85DB4323E100A4B295347E4471.highlight.minted)
(./build/libro/_minted/7DF3DDFB669410F023887A25458D72AA.highlight.minted)
[11] (./build/libro/_minted/A344ED8C892DE6AE69372287B5CD17AB.highlight.minted)
(./build/libro/_minted/39E91D9AC22E3D42D814AD9FB742DC66.highlight.minted)
(./build/libro/_minted/FDADEA7E05AB24F912875C26D5B46AED.highlight.minted)
(./build/libro/_minted/F8F6ECF7B3F46CC87C7D91A1F53CA804.highlight.minted)
(./build/libro/_minted/D8B743DC19C49DFA8ACF9E203F223323.highlight.minted)
[12]
[13] (./build/libro/_minted/D10B7A133AF27BF645C78FFCC50A11B3.highlight.minted)
[14] (./build/libro/_minted/278D6BD2BFDC5333D3CAB5991396EBFF.highlight.minted)
(./build/libro/_minted/DCF5DFB680058E1B4246393063036E42.highlight.minted)
(./build/libro/_minted/456C7983D77F8C77119270E39ACEFB97.highlight.minted)
[15]
[16] (./figuras/cap00/franjas.tex)
[17] (./build/libro/_minted/D58997CE7C4DEF2FD5314955EFB6089A.highlight.minted)
[18]
Underfull \hbox (badness 10000) in paragraph at lines 434--434
[]|\TU/LibertinusSerif(0)/m/n/10 Ta-bla de tra-duc-ción; Biopython la guar-da 
en
(./figuras/cap00/codigo_genetico.tex)
Underfull \hbox (badness 3088) in paragraph at lines 441--441
[][][]|\TU/SourceSansPro(0)/m/n/10 El có-di-go ge-né-ti-co es-tán-dar (ta-bl
a 1 del NC-BI), ge-ne-ra-do a par-tir de

[19]
[20] (./figuras/cap00/orfs.tex)
(./build/libro/_minted/CA19CC7347EA6C92423B4E69E47D8B3E.highlight.minted)
(./build/libro/_minted/BAA87F95A3003DC43A557F64B16DA2C3.highlight.minted)
(./build/libro/_minted/C79CB5FCC7B51A4743C6AE49C2982132.highlight.minted)
(./build/libro/_minted/88E5580B7E014BBE7ECF9AEDFD694AEF.highlight.minted)
(./build/libro/_minted/029B4F91E43C479B96736EDB4FE929CF.highlight.minted)
(./build/libro/_minted/FD75BA80FBB834A80872F18D924E46E0.highlight.minted)
(./build/libro/_minted/747D581460F79BE5DF2AA0805D40E14D.highlight.minted)
(./build/libro/_minted/BAA87F95A3003DC43A557F64B16DA2C3.highlight.minted)
(./build/libro/_minted/67D66BEC1E70118E702EFB38C6F01240.highlight.minted)
(./build/libro/_minted/59A1AD82386FEED4F8BB9058E05F82A9.highlight.minted)
[21] (./build/libro/_minted/6A0091BBFF509ED8AA6CD4A02EFB2D43.highlight.minted)
(./build/libro/_minted/B9B1C7D72C832761C587830F81C4C9F0.highlight.minted)
(./build/libro/_minted/D5D66AB00538F39BF8E603B09CCADB5D.highlight.minted)
(./build/libro/_minted/5D0CE8B6D289D28BE2BDF6063D515941.highlight.minted)
(./build/libro/_minted/05F14A2860EE2D40A1C62F40509A0D5B.highlight.minted)
[22] (./build/libro/_minted/586B0F00A98A42449F262CE5E5BCF75E.highlight.minted)
(./build/libro/_minted/5A99930410A9D4586D122F762AFAF445.highlight.minted)
(./build/libro/_minted/803102BB80364C93EB7AA241FBC34FD9.highlight.minted)
[23] (./build/libro/_minted/59A1AD82386FEED4F8BB9058E05F82A9.highlight.minted)
[24] (./build/libro/_minted/F843A2CFBC6FB9259631F475B6CA1BB6.highlight.minted)
(./build/libro/_minted/7F7CF8FF83D7F8CDF08AD607594247AB.highlight.minted)
(./build/libro/_minted/6304C5C79A1960F1E72F263B2D98C0D7.highlight.minted)
Overfull \hbox (1.79884pt too wide) in paragraph at lines 556--557
[]\TU/LibertinusSerif(0)/m/n/10.95 En Co-lab, BLAST+ se ins-ta-la des-de los re
-po-si-to-rios del sis-te-ma (\TU/FiraMono(0)/m/n/10.95 apt-get install
(./build/libro/_minted/A01B4D9E576FE70A98A276196AF57D32.highlight.minted)
[25]
[26]
[27]
[28]
[29] (./build/libro/_minted/8634C69E33AC06CA9F41796D1DD56001.highlight.minted)
[30] (./build/libro/_minted/3E2BA9CCE91393727EBB621EAB2FC0D9.highlight.minted)
(./build/libro/_minted/68BB524BB857F1397ECB481F04B3EDFE.highlight.minted)
[31]
[32]
[33]
[34] (./build/libro/_minted/monokai.style.minted)
(./build/libro/_minted/2F3CEE2046B93926A8D9E4FEFB398E94.highlight.minted)
Overfull \hbox (7.61224pt too wide) in paragraph at lines 815--816
[]\TU/FiraMono(0)/m/n/10.95 analisis_final.py[]\TU/LibertinusSerif(0)/m/n/10.95
 , []\TU/FiraMono(0)/m/n/10.95 analisis_final_v2.py[] \TU/LibertinusSerif(0)/m/
n/10.95 y []\TU/FiraMono(0)/m/n/10.95 analisis_final_DEFINITIVO.py[]

[35]
[36] (./build/libro/_minted/6E49A5F1202C4934D48624439FF7E3E6.highlight.minted)
[37] (./build/libro/_minted/D58997CE7C4DEF2FD5314955EFB6089A.highlight.minted)
(./build/libro/_minted/CA19CC7347EA6C92423B4E69E47D8B3E.highlight.minted)
(./build/libro/_minted/BAA87F95A3003DC43A557F64B16DA2C3.highlight.minted)
(./build/libro/_minted/C533377C8094FE3F390F065726C4FE95.highlight.minted)
(./build/libro/_minted/F843A2CFBC6FB9259631F475B6CA1BB6.highlight.minted)
Overfull \hbox (5.91696pt too wide) in paragraph at lines 909--910
[]\TU/LibertinusSerif(0)/m/n/10 Biopython re-pre-sen-ta se-cuen-cias (\TU/FiraM
ono(0)/m/n/10 Seq\TU/LibertinusSerif(0)/m/n/10 ), re-gis-tros (\TU/FiraMono(0)/
m/n/10 SeqRecord\TU/LibertinusSerif(0)/m/n/10 ) y ar-chi-vos (\TU/FiraMono(0)/m
/n/10 SeqIO\TU/LibertinusSerif(0)/m/n/10 );

[38] (./build/libro/_minted/3A2D166075E0B64350DE5BAE5E0247EF.highlight.minted)
(./build/libro/_minted/CF13CEBDE5C53D2BF5CCC748E8A321C0.highlight.minted)
(./build/libro/_minted/D8B743DC19C49DFA8ACF9E203F223323.highlight.minted)
(./build/libro/_minted/83CA7018258974E916B8C9B78E03C316.highlight.minted)
(./build/libro/_minted/A206EEBC744BB76850BA38E9BEE2B10C.highlight.minted)
[39]
[40]
[41])
[42] (./capitulos/cap01.tex
Capítulo 1.

[43]
[44]
[45]
[46]
[47] (./figuras/cap01/spike_flujo.tex)
Overfull \hbox (8.5459pt too wide) in paragraph at lines 207--112
 [][] 
(./build/libro/_minted/D04E910473B33E7B3578A21EB2A992BC.highlight.minted)
[48] (./build/libro/_minted/9C60B04E89D237F7369DCFDE48D51AA6.highlight.minted)
[49]
[50]
[51]
[52]
[53] (./figuras/cap01/rueda_codigo.tex)
(./build/libro/_minted/D75C340F8FC9E6F85486EDFF20E4B2EE.highlight.minted)
[54]
[55]
[56]
[57]
[58]
[59]
[60] (./figuras/cap01/seis_marcos.tex)
Overfull \hbox (3.73195pt too wide) in paragraph at lines 146--477
 [][] 

[61] (./build/libro/_minted/4F8171D5BAB412D603C4797D53E0A105.highlight.minted)
(./build/libro/_minted/67EDD061455DEF83904F684D978134B9.highlight.minted)
[62]
[63]
[64]
Overfull \hbox (14.43657pt too wide) in paragraph at lines 578--579
[]\TU/LibertinusSerif(0)/m/n/10.95 El de-ta-lle tie-ne con-se-cuen-cias dra-m
á-ti-cas. Si tra-du-ci-mos las 󰂧󰀙󰂦 CDS de \TU/LibertinusSerif(0)/m/it
/10.95 M.genitalium

[65]
Underfull \hbox (badness 1783) in paragraph at lines 615--615
[][][]|\TU/SourceSansPro(0)/m/n/10 Lon-gi-tud de los tra-mos sin co-do-nes de p
a-ra-da en los seis mar-cos de

[66]
[67]
[68]
[69]
[70]
[71]
[72]
[73] (./build/libro/_minted/4FB2D7913F0CA2C30012D0E43AE4586A.highlight.minted)
Overfull \hbox (9.11414pt too wide) in paragraph at lines 836--837
[]\TU/LibertinusSerif(0)/m/n/10.95 Apli-que-mos el mé-to-do al ge-no-ma de re-
fe-ren-cia de \TU/LibertinusSerif(0)/m/it/10.95 E.coli \TU/LibertinusSerif(0)/m
/n/10.95 K-󰀚󰀫 MG󰀚󰂨󰂧󰂧 (NC_󰀙󰀙󰀙󰂫󰀚󰀬.󰀬,

Overfull \hbox (7.47232pt too wide) in paragraph at lines 836--837
\TU/LibertinusMath-Regular.otf(1)/m/n/10.95 4 641 652$ \TU/LibertinusSerif(0)/m
/n/10.95 pb). Se-gún su pro-pia ano-ta-ción, el ori-gen de re-pli-ca-ción (\
TU/LibertinusSerif(0)/m/it/10.95 fea-tu-re \TU/FiraMono(0)/m/n/10.95 rep_origin
\TU/LibertinusSerif(0)/m/n/10.95 )

Overfull \hbox (11.83607pt too wide) in paragraph at lines 861--862
 [][] 

[74]
[75] (./figuras/cap01/mapa_circular.tex)
[76]
[77]
[78] (./build/libro/_minted/69E1193D2A9FCC1BDA67163CC0EAED6E.highlight.minted)
[79] (./build/libro/_minted/C5012911B58674ACCFB6CF4C08C58B33.highlight.minted)
[80]
[81])
[82] (./capitulos/cap02.tex
Capítulo 2.

[83]
[84]
[85] (./build/libro/_minted/0F763B8CEC732EB7298584E7BE4A57EB.highlight.minted)
[86] (./figuras/cap02/fastq_registro.tex)
Overfull \hbox (4.94872pt too wide) in paragraph at lines 144--94
 [][] 

[87]
[88] (./figuras/cap02/ascii_phred.tex)
[89]
[90]
[91] (./build/libro/_minted/609F80DDAFA0AE392854A1964B3720C6.highlight.minted)
[92] (./build/libro/_minted/93BA1F69E00F52C8D0CC98F4560D752C.highlight.minted)
[93] (./build/libro/_minted/14EF055F6C80904E1631D81D947EE5DC.highlight.minted)
[94]
[95] (./build/libro/_minted/EC7928F777544D92FCB4E548B3B01662.highlight.minted)
(./build/libro/_minted/446E4998B158A7FA2C46D37DBE6E0B1D.highlight.minted)
[96] (./build/libro/_minted/7BB9C40989B0635740758893F58C33D0.highlight.minted)
[97]
[98]
[99] (./figuras/cap02/cigar.tex)
[100] (./build/libro/_minted/A4DD59ACBAAF971D9032DEDD9FAC5733.highlight.minted)
 (./figuras/cap02/flag.tex)
[101]
[102]
[103]
Overfull \hbox (9.48317pt too wide) in paragraph at lines 548--549
 [][] 

[104] (./build/libro/_minted/62DCFB5551EAC373DE9436AABF8F8256.highlight.minted)

[105]
Overfull \hbox (1.20883pt too wide) detected at line 583
[][][][]\TU/LibertinusMath-Regular.otf(1)/m/n/10.95 ℙ(𝐷 ∣ 𝐺) = [] [] 
,  [][] = −10 [][] [],

[106]
[107]
[108]
[109]
[110]
[111] (./build/libro/_minted/EF4031F881D8CD2F67EAA1F110D6D1E1.highlight.minted)
 (./build/libro/_minted/9DD8D0934836A1ABD51B4164F0C24446.highlight.minted)
[112] (./build/libro/_minted/8C9D78F6C9AD9387ADF7F99DF4CC44A3.highlight.minted)

[113] (./figuras/cap02/tp53_gen.tex)
[114]
[115]

Package siunitx Warning: Unit macro \angstrom has been deprecated in this
(siunitx)                release.
(siunitx)                
(siunitx)                The BIPM have removed this unit from the SI Brochure.
(siunitx)                You should define it yourself using \DeclareSIUnit in
(siunitx)                your source. The current definition is
(siunitx)                
(siunitx)                \DeclareSIUnit\angstrom{Å}


[116]
Overfull \hbox (1.60913pt too wide) in paragraph at lines 928--929
 [][] 

[117]
Overfull \hbox (1.52997pt too wide) in paragraph at lines 952--953
\TU/LibertinusMath-Regular.otf(1)/m/n/10 −10 [][] 𝑝$\TU/LibertinusSerif(0)
/m/n/10 , co-di-fi-ca-da co-mo \TU/FiraMono(0)/m/n/10 chr(Q+33)\TU/LibertinusSe
rif(0)/m/n/10 . Los erro-res es-pe-ra-dos, $[] \TU/LibertinusMath-Regular.otf(1
)/m/n/10 = [] 10[]$\TU/LibertinusSerif(0)/m/n/10 ,

[118] (./build/libro/_minted/89BE2DDDF6AEA86FB5219367BFD9A183.highlight.minted)

[119] (./build/libro/_minted/C3971AF81946531F8C54F16DB8100075.highlight.minted)

[120]
[121])
[122]
[123]
[124] (./capitulos/cap03.tex
Capítulo 3.

[125]
[126]
[127] (./figuras/cap03/dotplot.tex)
(./build/libro/_minted/BD23C9D0AD8811889A7EAD792A54B0D5.highlight.minted)
[128]
[129]
[130] (./figuras/cap03/nw_matriz.tex)
[131] (./build/libro/_minted/590A4CC0C31739B20696E4597DE3F49F.highlight.minted)

[132]
[133]
[134]
[135]
[136] (./figuras/cap03/blosum62.tex)
[137]
[138]
Overfull \hbox (13.97198pt too wide) in paragraph at lines 353--354
 [][] 

[139]
[140]
Underfull \hbox (badness 1688) in paragraph at lines 412--412
[][][]|\TU/SourceSansPro(0)/m/n/10 El va-lor $\TU/LibertinusMath-Regular.otf(1)
/m/n/10 𝐸$ \TU/SourceSansPro(0)/m/n/10 de-cre-ce ex-po-nen-cial-men-te con l
a pun-tua-ción en bits ([]ecua-

[141] (./build/libro/_minted/32DB74441C5BFD38B4588D54487A24B1.highlight.minted)

[142]
[143] (./build/libro/_minted/FCD0E571D71E11828D61237DB0F44534.highlight.minted)
 (./build/libro/_minted/5AA0E90BF64EBE40CCE53D50F7A9114C.highlight.minted)
[144]
[145])
[146] (./capitulos/cap04.tex
Capítulo 4.

[147]
[148]
[149]
[150]

LaTeX Font Warning: Font shape `TU/LibertinusMath-Regular.otf(1)/b/n' undefined

(Font)              using `TU/LibertinusMath-Regular.otf(1)/m/n' instead on inp
ut line 103.


LaTeX Font Warning: Font shape `TU/LibertinusMath-Regular.otf(2)/b/n' undefined

(Font)              using `TU/LibertinusMath-Regular.otf(2)/m/n' instead on inp
ut line 103.


LaTeX Font Warning: Font shape `TU/LibertinusMath-Regular.otf(3)/b/n' undefined

(Font)              using `TU/LibertinusMath-Regular.otf(3)/m/n' instead on inp
ut line 103.


[151]
Overfull \hbox (3.70615pt too wide) in paragraph at lines 157--158
 [][] 

[152]
[153] (./figuras/cap04/arbol_guia.tex)
[154]
[155] (./figuras/cap04/msa_globinas.tex)
[156]
[157]
[158] (./build/libro/_minted/AC6EC0B4BF178663EF4869B9F2FCA17E.highlight.minted)
 (./build/libro/_minted/CD62D53DB2ACAC00B5378F9B45DBC5CB.highlight.minted)
(./build/libro/_minted/AF140FCF94248933795D9A96186C51A2.highlight.minted)
[159]
[160]
[161] (./figuras/cap04/pwm_tbp.tex)
[162]
[163] (./figuras/cap04/logo_tbp.tex)
Overfull \hbox (4.77663pt too wide) in paragraph at lines 431--432
[]\TU/LibertinusSerif(0)/m/n/10.95 La de-mos-tra-ción es una lí-nea: por li-n
ea-li-dad de la es-pe-ran-za, $\TU/LibertinusMath-Regular.otf(1)/b/n/10.95 
𝔼[][𝑆] = [][] [][] 𝑓[]𝑊[]$\TU/LibertinusSerif(0)/m/n/10.95 ,

[164]
Overfull \hbox (1.76033pt too wide) in paragraph at lines 485--486
 [][] 
(./build/libro/_minted/386B3044A87B70A383EC19106DE39272.highlight.minted)
[165] (./build/libro/_minted/617CBF731368D69B6EDE135C27C679BF.highlight.minted)
 (./build/libro/_minted/16D8BD2C11870FDD994417684C6D33A7.highlight.minted)
(./build/libro/_minted/BFF8363DA7015889F05AC01B3D6C614E.highlight.minted)
[166]
[167]
[168]
[169]
[170]
[171] (./build/libro/_minted/1A7BA2716EB3DF177951C52DD5840755.highlight.minted)

[172] (./figuras/cap04/trellis.tex)
(./build/libro/_minted/9D205B13BB53B0E7880694E1445B4C96.highlight.minted)
[173]
[174]
[175] (./figuras/cap04/baumwelch_ref.tex)
[176]
[177]
[178]
[179]
[180] (./build/libro/_minted/5DABC7EC8ED743F2B1BF4DB93B473B37.highlight.minted)

[181] (./build/libro/_minted/C9DB8DF64282B3DF655DC5D0DF5E7B1C.highlight.minted)

[182] (./build/libro/_minted/280AA58DA99462EF03815BD079E0485B.highlight.minted)

[183]
[184]
[185])
[186] (./capitulos/cap05.tex
Capítulo 5.

[187]
[188]
[189]
[190] (./figuras/cap05/topologias.tex)
[191]
[192]
[193]
[194]
[195]
[196]
[197]
[198]
[199]
[200] (./build/libro/_minted/27341BF1086B7EF5B40F905B383DC828.highlight.minted)

[201]
[202]
[203]
[204]
[205]
[206]
[207] (./figuras/cap05/nj_D.tex) (./figuras/cap05/nj_Q.tex)

Package caption Warning: The option `hypcap=true' will be ignored for this
(caption)                particular \caption on input line 658.
See the caption package documentation for explanation.


[208] (./build/libro/_minted/3EF0D0A81E34E1FD73A12FBC14D355F4.highlight.minted)
 (./build/libro/_minted/D7157A9139B9B80829DA8FF3EA59FB9A.highlight.minted)
[209]
[210]
[211]
[212]
[213]
[214] (./build/libro/_minted/5A04D2E04861FB5F48250921BBDA4972.highlight.minted)

[215]
[216]
[217] (./figuras/cap05/modelos.tex)
[218]
Overfull \hbox (4.09785pt too wide) in paragraph at lines 1042--1043
 [][] 

[219]
[220] (./figuras/cap05/bootstrap_esquema.tex)
(./figuras/cap05/arbol_bootstrap.tex)
[221] (./build/libro/_minted/8932DDEE01B92B0BE291BE1DEC3E2B8A.highlight.minted)

[222]
[223] (./build/libro/_minted/1D43B41F55D16C2619979B9347BDF195.highlight.minted)
 (./build/libro/_minted/C200912C34A3608533C1C66C95B00BA7.highlight.minted)
[224]
[225]
Overfull \hbox (1.22649pt too wide) in paragraph at lines 1144--1144
\TU/LibertinusSerif(0)/m/n/10 lar-ge phy-lo-ge-nies. \TU/LibertinusSerif(0)/m/i
t/10 Bio-in-for-ma-tics\TU/LibertinusSerif(0)/m/n/10 , \TU/LibertinusSerif(0)/m
/it/10 󰀘󰀖\TU/LibertinusSerif(0)/m/n/10 (󰂫), 󰀚󰀬󰀚󰀫[]󰀚
󰀬󰀚󰀬. []$https : / / doi . org / 10 . 1093 / bioinformatics /
)
[226]
[227]
[228] (./capitulos/cap06.tex
Capítulo 6.

[229]
[230]
[231]
[232]
[233]
[234]
[235]
[236]
[237]
Underfull \hbox (badness 10000) in paragraph at lines 266--266
[]|\TU/LibertinusSerif(0)/m/n/10 sus-ti-tu-cio-nes; peor

[238]
[239]
[240]
[241] (./figuras/cap06/fastq_anatomia.tex)
Overfull \hbox (11.89316pt too wide) in paragraph at lines 135--387
 [][] 

[242]
[243]
Overfull \hbox (8.68974pt too wide) in paragraph at lines 450--451
 [][] 

[244]
[245] (./figuras/cap06/fastqc_ticks.tex) (./figuras/cap06/fastqc_cajas.tex)
[246]
[247]
[248]
[249] (./figuras/cap06/ventana_corte.tex)
[250] (./build/libro/_minted/3FA3425132AC7A4530BB11F26E5276B2.highlight.minted)
 (./build/libro/_minted/821C113D8B9E44D2831516C5666DF5C4.highlight.minted)
[251]
[252] (./figuras/cap06/lecturas.tex)
Overfull \hbox (10.1817pt too wide) in paragraph at lines 42--696
 [][] 

[253]
[254]
[255]
[256]
Overfull \hbox (11.96657pt too wide) in paragraph at lines 798--799
 [][] 

[257]
[258]
Overfull \hbox (11.35353pt too wide) in paragraph at lines 858--859
[]\TU/LibertinusSerif(0)/m/it/10.95 Si, en ca-da po-si-ción, $\TU/LibertinusMa
th-Regular.otf(1)/b/n/10.95 𝐷 ∣ 𝜆 ∼ [](𝜆)$ \TU/LibertinusSerif(0)/
m/it/10.95 y la ta-sa lo-cal si-gue $\TU/LibertinusMath-Regular.otf(1)/b/n/10.9
5 𝜆 ∼ [](𝑟,  𝑐/𝑟)$

[259]
[260]
[261] (./build/libro/_minted/56E7BA3F540CF7F50338EEE064776178.highlight.minted)

[262]
[263]
[264]
[265]
[266])
[267] (./capitulos/cap07.tex
[268]
Capítulo 7.

[269]
[270]
[271]
Overfull \hbox (5.92076pt too wide) in paragraph at lines 98--99
 [][] 

[272]
[273] (./figuras/cap07/rotaciones.tex)
[274]
[275] (./figuras/cap07/lfmap.tex)
[276]
[277]
[278] (./figuras/cap07/backward.tex)
(./build/libro/_minted/8B589466AEDD7A05E25CC6097D616010.highlight.minted)
[279]
[280]
[281]
Overfull \hbox (2.75526pt too wide) in paragraph at lines 340--341
 [][] 

[282]
[283]
[284]
[285]
[286] (./figuras/cap07/minimizadores.tex)
(./build/libro/_minted/7D40A47682C31F3E14B2C97B4ED5BC56.highlight.minted)
[287]
Overfull \hbox (9.95631pt too wide) in paragraph at lines 486--487
 [][] 
(./build/libro/_minted/199A842150809658CF8EF8FF4299834E.highlight.minted)
[288]
[289]
[290]
[291]
[292]
Overfull \hbox (7.7671pt too wide) in paragraph at lines 585--586
 [][] 

[293]
Overfull \hbox (12.46483pt too wide) in paragraph at lines 625--637
 [][] 

[294] (./build/libro/_minted/D13F6230A54A575EDCD41A3BB8E14C8B.highlight.minted)

[295]
[296]
[297] (./figuras/cap07/pileup.tex)
[298]
[299] (./figuras/cap07/mosdepth.tex)
(./build/libro/_minted/012FDA6C2646FB58DFC96B439E0C92C0.highlight.minted)
[300] (./build/libro/_minted/07EE5B55847BE2DF5B2F86C34A3DC208.highlight.minted)

[301]
[302]
[303]
Overfull \hbox (3.80809pt too wide) in paragraph at lines 887--888
 [][] 

[304] (./build/libro/_minted/ADACC188EFB25A2069D3C5E631230CCF.highlight.minted)

[305]
[306]
Overfull \hbox (0.95782pt too wide) in paragraph at lines 928--928
\TU/LibertinusSerif(0)/m/it/10 tatio-nal Bio-logy\TU/LibertinusSerif(0)/m/n/10 
. Cam-brid-ge Uni-ver-sity Press. []$https : / / doi . org / 10 . 1017 / CBO978
0511574931$[] 

[307]
[308])
[309] (./capitulos/cap08.tex
[310]
Capítulo 8.

[311]
[312]
[313]
[314]
[315]
[316]
[317]
[318]