This is LuaHBTeX, Version 1.21.0 (TeX Live 2025)  (format=lualatex 2025.6.27)  30 SEP 2026 00:28
 system commands enabled.
**\includeonly{capitulos/cap00,capitulos/cap01,capitulos/cap02,capitulos/cap03,
capitulos/cap04,capitulos/cap05,capitulos/cap06,capitulos/cap07}\input{main.tex
}
Lua module: luaotfload 2024-12-03 v3.29 Lua based OpenType font support
Lua module: lualibs 2023-07-13 v2.76 ConTeXt Lua standard libraries.
Lua module: lualibs-extended 2023-07-13 v2.76 ConTeXt Lua libraries -- extended collection.
luaotfload | conf : Root cache directory is "/Users/juvenalyosa/Library/texlive/2025/texmf-var/luatex-cache/generic/names".
luaotfload | init : Loading fontloader "fontloader-2023-12-28.lua" from kpse-resolved path "/usr/local/texlive/2025/texmf-dist/tex/luatex/luaotfload/fontloader-2023-12-28.lua".
Lua-only attribute luaotfload@noligature = 1
luaotfload | init : Context OpenType loader version 3.134
Inserting `luaotfload.node_processor' in `pre_linebreak_filter'.
Inserting `luaotfload.node_processor' in `hpack_filter'.
Inserting `luaotfload.glyph_stream' in `glyph_stream_provider'.
Inserting `luaotfload.define_font' in `define_font'.
Lua-only attribute luaotfload_color_attribute = 2
luaotfload | conf : Root cache directory is "/Users/juvenalyosa/Library/texlive/2025/texmf-var/luatex-cache/generic/names".
Inserting `luaotfload.harf.strip_prefix' in `find_opentype_file'.
Inserting `luaotfload.harf.strip_prefix' in `find_truetype_file'.
Removing  `luaotfload.glyph_stream' from `glyph_stream_provider'.
Inserting `luaotfload.harf.glyphstream' in `glyph_stream_provider'.
Inserting `luaotfload.harf.finalize_vlist' in `post_linebreak_filter'.
Inserting `luaotfload.harf.finalize_hlist' in `hpack_filter'.
Inserting `luaotfload.cleanup_files' in `wrapup_run'.
Inserting `luaotfload.harf.finalize_unicode' in `finish_pdffile'.
Inserting `luaotfload.glyphinfo' in `glyph_info'.
Lua-only attribute luaotfload.letterspace_done = 3
Inserting `luaotfload.aux.set_sscale_dimens' in `luaotfload.patch_font'.
Inserting `luaotfload.aux.set_font_index' in `luaotfload.patch_font'.
Inserting `luaotfload.aux.patch_cambria_domh' in `luaotfload.patch_font'.
Inserting `luaotfload.aux.fixup_fontdata' in `luaotfload.patch_font_unsafe'.
Inserting `luaotfload.aux.set_capheight' in `luaotfload.patch_font'.
Inserting `luaotfload.aux.set_xheight' in `luaotfload.patch_font'.
Inserting `luaotfload.rewrite_fontname' in `luaotfload.patch_font'.
Inserting `tracingstacklevels' in `input_level_string'.
(./main.tex (/usr/local/texlive/2025/texmf-dist/tex/latex/base/book.cls
Document Class: book 2024/06/29 v1.4n Standard LaTeX document class
(/usr/local/texlive/2025/texmf-dist/tex/latex/base/bk11.clo
File: bk11.clo 2024/06/29 v1.4n Standard LaTeX file (size option)
luaotfload | db : Font names database loaded from /Users/juvenalyosa/Library/tex
live/2025/texmf-var/luatex-cache/generic/names/luaotfload-names.luc.gz)
\c@part=\count194
\c@chapter=\count195
\c@section=\count196
\c@subsection=\count197
\c@subsubsection=\count198
\c@paragraph=\count199
\c@subparagraph=\count266
\c@figure=\count267
\c@table=\count268
\abovecaptionskip=\skip49
\belowcaptionskip=\skip50
\bibindent=\dimen140
)
(./estilo/bioinfo.sty

LaTeX Warning: You have requested package `estilo/bioinfo',
               but the package provides `bioinfo'.

Package: bioinfo 2026/09/29 Estilo Bioinformatica Practica
(/usr/local/texlive/2025/texmf-dist/tex/latex/geometry/geometry.sty
Package: geometry 2020/01/02 v5.9 Page Geometry

(/usr/local/texlive/2025/texmf-dist/tex/latex/graphics/keyval.sty
Package: keyval 2022/05/29 v1.15 key=value parser (DPC)
\KV@toks@=\toks17
)
(/usr/local/texlive/2025/texmf-dist/tex/generic/iftex/ifvtex.sty
Package: ifvtex 2019/10/25 v1.7 ifvtex legacy package. Use iftex instead.

(/usr/local/texlive/2025/texmf-dist/tex/generic/iftex/iftex.sty
Package: iftex 2024/12/12 v1.0g TeX engine tests
))
\Gm@cnth=\count269
\Gm@cntv=\count270
\c@Gm@tempcnt=\count271
\Gm@bindingoffset=\dimen141
\Gm@wd@mp=\dimen142
\Gm@odd@mp=\dimen143
\Gm@even@mp=\dimen144
\Gm@layoutwidth=\dimen145
\Gm@layoutheight=\dimen146
\Gm@layouthoffset=\dimen147
\Gm@layoutvoffset=\dimen148
\Gm@dimlist=\toks18
)
(/usr/local/texlive/2025/texmf-dist/tex/generic/babel/babel.sty
Package: babel 2025/02/14 v25.4 The multilingual framework for pdfLaTeX, LuaLaT
eX and XeLaTeX

(/usr/local/texlive/2025/texmf-dist/tex/generic/babel/luababel.def
\bbl@readstream=\read2
\l@dumylang=\language2
Package babel Info: Non-standard hyphenation setup on input line 118.
\l@nohyphenation=\language3
\l@german-x-2024-02-28=\language4
\l@ngerman-x-2024-02-28=\language5
\l@afrikaans=\language6
\l@albanian=\language7
\l@ancientgreek=\language8
\l@ibycus=\language9
\l@arabic=\language10
\l@armenian=\language11
\l@basque=\language12
\l@belarusian=\language13
\l@bulgarian=\language14
\l@catalan=\language15
\l@pinyin=\language16
\l@churchslavonic=\language17
\l@coptic=\language18
\l@croatian=\language19
\l@czech=\language20
\l@danish=\language21
\l@dutch=\language22
\l@ukenglish=\language23
\l@usenglishmax=\language24
\l@esperanto=\language25
\l@estonian=\language26
\l@ethiopic=\language27
\l@farsi=\language28
\l@finnish=\language29
\l@schoolfinnish=\language30
\l@french=\language31
\l@friulan=\language32
\l@galician=\language33
\l@georgian=\language34
\l@german=\language35
\l@ngerman=\language36
\l@swissgerman=\language37
\l@greek=\language38
\l@monogreek=\language39
\l@hebrew=\language40
\l@hungarian=\language41
\l@icelandic=\language42
\l@assamese=\language43
\l@bengali=\language44
\l@gujarati=\language45
\l@hindi=\language46
\l@kannada=\language47
\l@malayalam=\language48
\l@marathi=\language49
\l@oriya=\language50
\l@pali=\language51
\l@panjabi=\language52
\l@tamil=\language53
\l@telugu=\language54
\l@indonesian=\language55
\l@interlingua=\language56
\l@irish=\language57
\l@italian=\language58
\l@kurmanji=\language59
\l@classiclatin=\language60
\l@latin=\language61
\l@liturgicallatin=\language62
\l@latvian=\language63
\l@lithuanian=\language64
\l@macedonian=\language65
\l@mongolian=\language66
\l@mongolianlmc=\language67
\l@bokmal=\language68
\l@nynorsk=\language69
\l@occitan=\language70
\l@piedmontese=\language71
\l@polish=\language72
\l@portuguese=\language73
\l@romanian=\language74
\l@romansh=\language75
\l@russian=\language76
\l@sanskrit=\language77
\l@serbian=\language78
\l@serbianc=\language79
\l@slovak=\language80
\l@slovenian=\language81
\l@spanish=\language82
\l@swedish=\language83
\l@thai=\language84
\l@turkish=\language85
\l@turkmen=\language86
\l@ukrainian=\language87
\l@uppersorbian=\language88
\l@vietnamese=\language89
\l@welsh=\language90
\babelcatcodetablenum=\catcodetable14
\bbl@pattcodes=\catcodetable15
)
\babel@savecnt=\count272
\U@D=\dimen149
\l@unhyphenated=\language91

(/usr/local/texlive/2025/texmf-dist/tex/generic/babel/luababel.def
\bbl@attr@locale=\attribute4
)
(/usr/local/texlive/2025/texmf-dist/tex/generic/babel-spanish/spanish.ldf
Language: spanish.ldf 2021/05/27 v5.0q Spanish support from the babel system
\es@quottoks=\toks19
\es@quotdepth=\count273

(/usr/local/texlive/2025/texmf-dist/tex/generic/hyph-utf8/loadhyph/loadhyph-es.
tex UTF-8 Spanish hyphenation patterns
(/usr/local/texlive/2025/texmf-dist/tex/generic/hyph-utf8/patterns/tex/hyph-es.
tex))))
(/usr/local/texlive/2025/texmf-dist/tex/generic/babel/locale/es/babel-spanish.t
ex
Package babel Info: Importing font and identification data for spanish
(babel)             from babel-es.ini. Reported on input line 11.
) (/usr/local/texlive/2025/texmf-dist/tex/latex/amsmath/amsmath.sty
Package: amsmath 2024/11/05 v2.17t AMS math features
\@mathmargin=\skip51

For additional information on amsmath, use the `?' option.
(/usr/local/texlive/2025/texmf-dist/tex/latex/amsmath/amstext.sty
Package: amstext 2021/08/26 v2.01 AMS text

(/usr/local/texlive/2025/texmf-dist/tex/latex/amsmath/amsgen.sty
File: amsgen.sty 1999/11/30 v2.0 generic functions
\@emptytoks=\toks20
\ex@=\dimen150
))
(/usr/local/texlive/2025/texmf-dist/tex/latex/amsmath/amsbsy.sty
Package: amsbsy 1999/11/29 v1.2d Bold Symbols
\pmbraise@=\dimen151
)
(/usr/local/texlive/2025/texmf-dist/tex/latex/amsmath/amsopn.sty
Package: amsopn 2022/04/08 v2.04 operator names
)
\inf@bad=\count274
LaTeX Info: Redefining \frac on input line 235.
\uproot@=\count275
\leftroot@=\count276
LaTeX Info: Redefining \overline on input line 398.
LaTeX Info: Redefining \colon on input line 409.
\classnum@=\count277
\DOTSCASE@=\count278
LaTeX Info: Redefining \ldots on input line 495.
LaTeX Info: Redefining \dots on input line 498.
LaTeX Info: Redefining \cdots on input line 619.
\Mathstrutbox@=\box52
\strutbox@=\box53
LaTeX Info: Redefining \big on input line 721.
LaTeX Info: Redefining \Big on input line 722.
LaTeX Info: Redefining \bigg on input line 723.
LaTeX Info: Redefining \Bigg on input line 724.
\big@size=\dimen152
LaTeX Font Info:    Redeclaring font encoding OML on input line 742.
LaTeX Font Info:    Redeclaring font encoding OMS on input line 743.
\macc@depth=\count279
LaTeX Info: Redefining \bmod on input line 904.
LaTeX Info: Redefining \pmod on input line 909.
LaTeX Info: Redefining \smash on input line 939.
LaTeX Info: Redefining \relbar on input line 969.
LaTeX Info: Redefining \Relbar on input line 970.
\c@MaxMatrixCols=\count280
\dotsspace@=\muskip17
\c@parentequation=\count281
\dspbrk@lvl=\count282
\tag@help=\toks21
\row@=\count283
\column@=\count284
\maxfields@=\count285
\andhelp@=\toks22
\eqnshift@=\dimen153
\alignsep@=\dimen154
\tagshift@=\dimen155
\tagwidth@=\dimen156
\totwidth@=\dimen157
\lineht@=\dimen158
\@envbody=\toks23
\multlinegap=\skip52
\multlinetaggap=\skip53
\mathdisplay@stack=\toks24
LaTeX Info: Redefining \[ on input line 2953.
LaTeX Info: Redefining \] on input line 2954.
)
(/usr/local/texlive/2025/texmf-dist/tex/latex/amsfonts/amssymb.sty
Package: amssymb 2013/01/14 v3.01 AMS font symbols

(/usr/local/texlive/2025/texmf-dist/tex/latex/amsfonts/amsfonts.sty
Package: amsfonts 2013/01/14 v3.01 Basic AMSFonts support
\symAMSa=\mathgroup4
\symAMSb=\mathgroup5
LaTeX Font Info:    Redeclaring math symbol \hbar on input line 98.
LaTeX Font Info:    Overwriting math alphabet `\mathfrak' in version `bold'
(Font)                  U/euf/m/n --> U/euf/b/n on input line 106.
))
(/usr/local/texlive/2025/texmf-dist/tex/latex/mathtools/mathtools.sty
Package: mathtools 2024/10/04 v1.31 mathematical typesetting tools

(/usr/local/texlive/2025/texmf-dist/tex/latex/tools/calc.sty
Package: calc 2023/07/08 v4.3 Infix arithmetic (KKT,FJ)
\calc@Acount=\count286
\calc@Bcount=\count287
\calc@Adimen=\dimen159
\calc@Bdimen=\dimen160
\calc@Askip=\skip54
\calc@Bskip=\skip55
LaTeX Info: Redefining \setlength on input line 80.
LaTeX Info: Redefining \addtolength on input line 81.
\calc@Ccount=\count288
\calc@Cskip=\skip56
)
(/usr/local/texlive/2025/texmf-dist/tex/latex/mathtools/mhsetup.sty
Package: mhsetup 2021/03/18 v1.4 programming setup (MH)
)
\g_MT_multlinerow_int=\count289
\l_MT_multwidth_dim=\dimen161
\origjot=\skip57
\l_MT_shortvdotswithinadjustabove_dim=\dimen162
\l_MT_shortvdotswithinadjustbelow_dim=\dimen163
\l_MT_above_intertext_sep=\dimen164
\l_MT_below_intertext_sep=\dimen165
\l_MT_above_shortintertext_sep=\dimen166
\l_MT_below_shortintertext_sep=\dimen167
\xmathstrut@box=\box54
\xmathstrut@dim=\dimen168
)
(/usr/local/texlive/2025/texmf-dist/tex/latex/fontspec/fontspec.sty
(/usr/local/texlive/2025/texmf-dist/tex/latex/l3packages/xparse/xparse.sty
(/usr/local/texlive/2025/texmf-dist/tex/latex/l3kernel/expl3.sty
Package: expl3 2025-01-18 L3 programming layer (loader) 

(/usr/local/texlive/2025/texmf-dist/tex/latex/l3backend/l3backend-luatex.def
File: l3backend-luatex.def 2024-05-08 L3 backend support: PDF output (LuaTeX)
\l__color_backend_stack_int=\count290
Inserting `l3color' in `luaotfload.parse_color'.
\l__pdf_internal_box=\box55
))
Package: xparse 2024-08-16 L3 Experimental document command parser
)
Package: fontspec 2024/05/11 v2.9e Font selection for XeLaTeX and LuaLaTeX
Lua module: fontspec 2024/05/11 v2.9e Font selection for XeLaTeX and LuaLaTeX (/usr/local/texlive/2025/texmf-dist/tex/latex/fontspec/fontspec-luatex.sty
Package: fontspec-luatex 2024/05/11 v2.9e Font selection for XeLaTeX and LuaLaT
eX
\l__fontspec_script_int=\count291
\l__fontspec_language_int=\count292
\l__fontspec_strnum_int=\count293
\l__fontspec_tmp_int=\count294
\l__fontspec_tmpa_int=\count295
\l__fontspec_tmpb_int=\count296
\l__fontspec_tmpc_int=\count297
\l__fontspec_em_int=\count298
\l__fontspec_emdef_int=\count299
\l__fontspec_strong_int=\count300
\l__fontspec_strongdef_int=\count301
\l__fontspec_tmpa_dim=\dimen169
\l__fontspec_tmpb_dim=\dimen170
\l__fontspec_tmpc_dim=\dimen171

(/usr/local/texlive/2025/texmf-dist/tex/latex/base/fontenc.sty
Package: fontenc 2021/04/29 v2.0v Standard LaTeX package
)
(/usr/local/texlive/2025/texmf-dist/tex/latex/fontspec/fontspec.cfg)))
(/usr/local/texlive/2025/texmf-dist/tex/latex/unicode-math/unicode-math.sty
Package: unicode-math 2023/08/13 v0.8r Unicode maths in XeLaTeX and LuaLaTeX

(/usr/local/texlive/2025/texmf-dist/tex/latex/unicode-math/unicode-math-luatex.
sty
Package: unicode-math-luatex 2023/08/13 v0.8r Unicode maths in XeLaTeX and LuaL
aTeX

(/usr/local/texlive/2025/texmf-dist/tex/latex/l3packages/l3keys2e/l3keys2e.sty
Package: l3keys2e 2024-08-16 LaTeX2e option processing using LaTeX3 keys
) (/usr/local/texlive/2025/texmf-dist/tex/latex/base/fix-cm.sty
Package: fix-cm 2020/11/24 v1.1t fixes to LaTeX

(/usr/local/texlive/2025/texmf-dist/tex/latex/base/ts1enc.def
File: ts1enc.def 2001/06/05 v3.0e (jk/car/fm) Standard LaTeX file
LaTeX Font Info:    Redeclaring font encoding TS1 on input line 47.
))
(/usr/local/texlive/2025/texmf-dist/tex/lualatex/lualatex-math/lualatex-math.st
y
Package: lualatex-math 2022/01/01 v1.12 Patches for mathematics typesetting wit
h LuaLaTeX
 (/usr/local/texlive/2025/texmf-dist/tex/latex/etoolbox/etoolbox.sty
Package: etoolbox 2025/02/11 v2.5l e-TeX tools for LaTeX (JAW)
\etb@tempcnta=\count302
)
Lua module: lualatex-math 2013/08/03 v1.3 Patches for mathematics typesetting wi
th LuaLaTeX)
\g__um_fam_int=\count303
\g__um_fonts_used_int=\count304
\l__um_primecount_int=\count305
\g__um_primekern_muskip=\muskip18

(/usr/local/texlive/2025/texmf-dist/tex/latex/unicode-math/unicode-math-table.t
ex)))

Package fontspec Info: 
(fontspec)             Font family 'LibertinusSerif(0)' created for font
(fontspec)             'LibertinusSerif' with options
(fontspec)             [Ligatures=TeX,Extension=.otf,UprightFont=*-Regular,Ital
icFont=*-Italic,BoldFont=*-Semibold,BoldItalicFont=*-SemiboldItalic,Numbers={Ol
dStyle,Proportional}].
(fontspec)              
(fontspec)              This font family consists of the following NFSS
(fontspec)             series/shapes:
(fontspec)              
(fontspec)             - 'normal' (m/n) with NFSS spec.:
(fontspec)             <->"[LibertinusSerif-Regular.otf]:mode=node;script=latn;
language=dflt;+tlig;+onum;+pnum;"
(fontspec)             - 'small caps'  (m/sc) with NFSS spec.:
(fontspec)             <->"[LibertinusSerif-Regular.otf]:mode=node;script=latn;
language=dflt;+tlig;+onum;+pnum;+smcp;"
(fontspec)             - 'bold' (b/n) with NFSS spec.:
(fontspec)             <->"[LibertinusSerif-Semibold.otf]:mode=node;script=latn
;language=dflt;+tlig;+onum;+pnum;"
(fontspec)             - 'bold small caps'  (b/sc) with NFSS spec.:
(fontspec)             <->"[LibertinusSerif-Semibold.otf]:mode=node;script=latn
;language=dflt;+tlig;+onum;+pnum;+smcp;"
(fontspec)             - 'italic' (m/it) with NFSS spec.:
(fontspec)             <->"[LibertinusSerif-Italic.otf]:mode=node;script=latn;l
anguage=dflt;+tlig;+onum;+pnum;"
(fontspec)             - 'italic small caps'  (m/scit) with NFSS spec.:
(fontspec)             <->"[LibertinusSerif-Italic.otf]:mode=node;script=latn;l
anguage=dflt;+tlig;+onum;+pnum;+smcp;"
(fontspec)             - 'bold italic' (b/it) with NFSS spec.:
(fontspec)             <->"[LibertinusSerif-SemiboldItalic.otf]:mode=node;scrip
t=latn;language=dflt;+tlig;+onum;+pnum;"
(fontspec)             - 'bold italic small caps'  (b/scit) with NFSS spec.:
(fontspec)             <->"[LibertinusSerif-SemiboldItalic.otf]:mode=node;scrip
t=latn;language=dflt;+tlig;+onum;+pnum;+smcp;"


Package fontspec Info: 
(fontspec)             Font family 'LibertinusSerif(1)' created for font
(fontspec)             'LibertinusSerif' with options
(fontspec)             [Renderer=Basic,Extension=.otf,UprightFont=*-Regular,Ita
licFont=*-Italic,BoldFont=*-Semibold,BoldItalicFont=*-SemiboldItalic,Numbers={O
ldStyle,Proportional}].
(fontspec)              
(fontspec)              This font family consists of the following NFSS
(fontspec)             series/shapes:
(fontspec)              
(fontspec)             - 'normal' (m/n) with NFSS spec.:
(fontspec)             <->"[LibertinusSerif-Regular.otf]:mode=base;script=latn;
language=dflt;+onum;+pnum;"
(fontspec)             - 'small caps'  (m/sc) with NFSS spec.:
(fontspec)             <->"[LibertinusSerif-Regular.otf]:mode=base;script=latn;
language=dflt;+onum;+pnum;+smcp;"
(fontspec)             - 'bold' (b/n) with NFSS spec.:
(fontspec)             <->"[LibertinusSerif-Semibold.otf]:mode=base;script=latn
;language=dflt;+onum;+pnum;"
(fontspec)             - 'bold small caps'  (b/sc) with NFSS spec.:
(fontspec)             <->"[LibertinusSerif-Semibold.otf]:mode=base;script=latn
;language=dflt;+onum;+pnum;+smcp;"
(fontspec)             - 'italic' (m/it) with NFSS spec.:
(fontspec)             <->"[LibertinusSerif-Italic.otf]:mode=base;script=latn;l
anguage=dflt;+onum;+pnum;"
(fontspec)             - 'italic small caps'  (m/scit) with NFSS spec.:
(fontspec)             <->"[LibertinusSerif-Italic.otf]:mode=base;script=latn;l
anguage=dflt;+onum;+pnum;+smcp;"
(fontspec)             - 'bold italic' (b/it) with NFSS spec.:
(fontspec)             <->"[LibertinusSerif-SemiboldItalic.otf]:mode=base;scrip
t=latn;language=dflt;+onum;+pnum;"
(fontspec)             - 'bold italic small caps'  (b/scit) with NFSS spec.:
(fontspec)             <->"[LibertinusSerif-SemiboldItalic.otf]:mode=base;scrip
t=latn;language=dflt;+onum;+pnum;+smcp;"

LaTeX Font Info:    Overwriting math alphabet `\mathrm' in version `normal'
(Font)                  OT1/cmr/m/n --> TU/LibertinusSerif(1)/m/n on input line
 29.
LaTeX Font Info:    Overwriting math alphabet `\mathit' in version `normal'
(Font)                  OT1/cmr/m/it --> TU/LibertinusSerif(1)/m/it on input li
ne 29.
LaTeX Font Info:    Overwriting math alphabet `\mathbf' in version `normal'
(Font)                  OT1/cmr/bx/n --> TU/LibertinusSerif(1)/b/n on input lin
e 29.

Package fontspec Info: 
(fontspec)             Font family 'SourceSansPro(0)' created for font
(fontspec)             'SourceSansPro' with options
(fontspec)             [Ligatures=TeX,Extension=.otf,UprightFont=*-Regular,Ital
icFont=*-RegularIt,BoldFont=*-Semibold,BoldItalicFont=*-SemiboldIt].
(fontspec)              
(fontspec)              This font family consists of the following NFSS
(fontspec)             series/shapes:
(fontspec)              
(fontspec)             - 'normal' (m/n) with NFSS spec.:
(fontspec)             <->"[SourceSansPro-Regular.otf]:mode=node;script=latn;la
nguage=dflt;+tlig;"
(fontspec)             - 'small caps'  (m/sc) with NFSS spec.:
(fontspec)             <->"[SourceSansPro-Regular.otf]:mode=node;script=latn;la
nguage=dflt;+tlig;+smcp;"
(fontspec)             - 'bold' (b/n) with NFSS spec.:
(fontspec)             <->"[SourceSansPro-Semibold.otf]:mode=node;script=latn;l
anguage=dflt;+tlig;"
(fontspec)             - 'bold small caps'  (b/sc) with NFSS spec.:
(fontspec)             <->"[SourceSansPro-Semibold.otf]:mode=node;script=latn;l
anguage=dflt;+tlig;+smcp;"
(fontspec)             - 'italic' (m/it) with NFSS spec.:
(fontspec)             <->"[SourceSansPro-RegularIt.otf]:mode=node;script=latn;
language=dflt;+tlig;"
(fontspec)             - 'bold italic' (b/it) with NFSS spec.:
(fontspec)             <->"[SourceSansPro-SemiboldIt.otf]:mode=node;script=latn
;language=dflt;+tlig;"


Package fontspec Info: 
(fontspec)             Font family 'SourceSansPro(1)' created for font
(fontspec)             'SourceSansPro' with options
(fontspec)             [Renderer=Basic,Extension=.otf,UprightFont=*-Regular,Ita
licFont=*-RegularIt,BoldFont=*-Semibold,BoldItalicFont=*-SemiboldIt].
(fontspec)              
(fontspec)              This font family consists of the following NFSS
(fontspec)             series/shapes:
(fontspec)              
(fontspec)             - 'normal' (m/n) with NFSS spec.:
(fontspec)             <->"[SourceSansPro-Regular.otf]:mode=base;script=latn;la
nguage=dflt;"
(fontspec)             - 'small caps'  (m/sc) with NFSS spec.:
(fontspec)             <->"[SourceSansPro-Regular.otf]:mode=base;script=latn;la
nguage=dflt;+smcp;"
(fontspec)             - 'bold' (b/n) with NFSS spec.:
(fontspec)             <->"[SourceSansPro-Semibold.otf]:mode=base;script=latn;l
anguage=dflt;"
(fontspec)             - 'bold small caps'  (b/sc) with NFSS spec.:
(fontspec)             <->"[SourceSansPro-Semibold.otf]:mode=base;script=latn;l
anguage=dflt;+smcp;"
(fontspec)             - 'italic' (m/it) with NFSS spec.:
(fontspec)             <->"[SourceSansPro-RegularIt.otf]:mode=base;script=latn;
language=dflt;"
(fontspec)             - 'bold italic' (b/it) with NFSS spec.:
(fontspec)             <->"[SourceSansPro-SemiboldIt.otf]:mode=base;script=latn
;language=dflt;"

LaTeX Font Info:    Overwriting math alphabet `\mathsf' in version `normal'
(Font)                  OT1/cmss/m/n --> TU/SourceSansPro(1)/m/n on input line 
32.
LaTeX Font Info:    Overwriting math alphabet `\mathsf' in version `bold'
(Font)                  OT1/cmss/bx/n --> TU/SourceSansPro(1)/b/n on input line
 32.

Package fontspec Info: 
(fontspec)             FiraMono-Regular scale = 0.84.


Package fontspec Info: 
(fontspec)             FiraMono-Regular scale = 0.84.


Package fontspec Info: 
(fontspec)             FiraMono-Medium scale = 0.84.


Package fontspec Info: 
(fontspec)             FiraMono-Oblique scale = 0.84.


Package fontspec Info: 
(fontspec)             Font family 'FiraMono(0)' created for font 'FiraMono'
(fontspec)             with options
(fontspec)             [WordSpace={1,0,0},HyphenChar=None,PunctuationSpace=Word
Space,Extension=.otf,UprightFont=*-Regular,ItalicFont=*-Oblique,BoldFont=*-Medi
um,Scale=0.84].
(fontspec)              
(fontspec)              This font family consists of the following NFSS
(fontspec)             series/shapes:
(fontspec)              
(fontspec)             - 'normal' (m/n) with NFSS spec.:
(fontspec)             <->s*[0.84]"[FiraMono-Regular.otf]:mode=node;script=latn
;language=dflt;"
(fontspec)             - 'bold' (b/n) with NFSS spec.:
(fontspec)             <->s*[0.84]"[FiraMono-Medium.otf]:mode=node;script=latn;
language=dflt;"
(fontspec)             - 'italic' (m/it) with NFSS spec.:
(fontspec)             <->s*[0.84]"[FiraMono-Oblique.otf]:mode=node;script=latn
;language=dflt;"


Package fontspec Info: 
(fontspec)             FiraMono-Regular scale = 0.84.


Package fontspec Info: 
(fontspec)             FiraMono-Regular scale = 0.84.


Package fontspec Info: 
(fontspec)             FiraMono-Medium scale = 0.84.


Package fontspec Info: 
(fontspec)             FiraMono-Oblique scale = 0.84.


Package fontspec Info: 
(fontspec)             Font family 'FiraMono(1)' created for font 'FiraMono'
(fontspec)             with options
(fontspec)             [Renderer=Basic,Extension=.otf,UprightFont=*-Regular,Ita
licFont=*-Oblique,BoldFont=*-Medium,Scale=0.84].
(fontspec)              
(fontspec)              This font family consists of the following NFSS
(fontspec)             series/shapes:
(fontspec)              
(fontspec)             - 'normal' (m/n) with NFSS spec.:
(fontspec)             <->s*[0.84]"[FiraMono-Regular.otf]:mode=base;script=latn
;language=dflt;"
(fontspec)             - 'bold' (b/n) with NFSS spec.:
(fontspec)             <->s*[0.84]"[FiraMono-Medium.otf]:mode=base;script=latn;
language=dflt;"
(fontspec)             - 'italic' (m/it) with NFSS spec.:
(fontspec)             <->s*[0.84]"[FiraMono-Oblique.otf]:mode=base;script=latn
;language=dflt;"

LaTeX Font Info:    Overwriting math alphabet `\mathtt' in version `normal'
(Font)                  OT1/cmtt/m/n --> TU/FiraMono(1)/m/n on input line 34.
LaTeX Font Info:    Overwriting math alphabet `\mathtt' in version `bold'
(Font)                  OT1/cmtt/m/n --> TU/FiraMono(1)/b/n on input line 34.

Package fontspec Info: 
(fontspec)             Font family 'LibertinusMath-Regular.otf(0)' created for
(fontspec)             font 'LibertinusMath-Regular.otf' with options
(fontspec)             [Renderer=Basic,BoldItalicFont={},ItalicFont={},SmallCap
sFont={},Script=Math,RawFeature={mathfontdimen=xetex}].
(fontspec)              
(fontspec)              This font family consists of the following NFSS
(fontspec)             series/shapes:
(fontspec)              
(fontspec)             - 'normal' (m/n) with NFSS spec.:
(fontspec)             <->"[LibertinusMath-Regular.otf]:mode=base;script=math;l
anguage=dflt;mathfontdimen=xetex;"


Package fontspec Info: 
(fontspec)             Font family 'LibertinusMath-Regular.otf(1)' created for
(fontspec)             font 'LibertinusMath-Regular.otf' with options
(fontspec)             [Renderer=Basic,BoldItalicFont={},ItalicFont={},SmallCap
sFont={},Script=Math,SizeFeatures={{Size=9.855-},{Size=7.665-9.855,Font=Liberti
nusMath-Regular.otf,Style=MathScript},{Size=-7.665,Font=LibertinusMath-Regular.
otf,Style=MathScriptScript}},RawFeature={mathfontdimen=xetex}].
(fontspec)              
(fontspec)              This font family consists of the following NFSS
(fontspec)             series/shapes:
(fontspec)              
(fontspec)             - 'normal' (m/n) with NFSS spec.:
(fontspec)             <9.855->"[LibertinusMath-Regular.otf]:mode=base;script=m
ath;language=dflt;mathfontdimen=xetex;"<7.665-9.855>"[LibertinusMath-Regular.ot
f]:mode=base;script=math;language=dflt;mathfontdimen=xetex;+ssty=0;"<-7.665>"[L
ibertinusMath-Regular.otf]:mode=base;script=math;language=dflt;mathfontdimen=xe
tex;+ssty=1;"

LaTeX Font Info:    Encoding `OT1' has changed to `TU' for symbol font
(Font)              `operators' in the math version `normal' on input line 36.
LaTeX Font Info:    Overwriting symbol font `operators' in version `normal'
(Font)                  OT1/cmr/m/n --> TU/LibertinusMath-Regular.otf(1)/m/n on
 input line 36.
LaTeX Font Info:    Encoding `OT1' has changed to `TU' for symbol font
(Font)              `operators' in the math version `bold' on input line 36.
LaTeX Font Info:    Overwriting symbol font `operators' in version `bold'
(Font)                  OT1/cmr/bx/n --> TU/LibertinusMath-Regular.otf(1)/b/n o
n input line 36.

Package fontspec Info: 
(fontspec)             Font family 'LibertinusMath-Regular.otf(2)' created for
(fontspec)             font 'LibertinusMath-Regular.otf' with options
(fontspec)             [Renderer=Basic,BoldItalicFont={},ItalicFont={},SmallCap
sFont={},Script=Math,SizeFeatures={{Size=9.855-},{Size=7.665-9.855,Font=Liberti
nusMath-Regular.otf,Style=MathScript},{Size=-7.665,Font=LibertinusMath-Regular.
otf,Style=MathScriptScript}},RawFeature={mathfontdimen=xetex},RawFeature={mathf
ontdimen=tex2}].
(fontspec)              
(fontspec)              This font family consists of the following NFSS
(fontspec)             series/shapes:
(fontspec)              
(fontspec)             - 'normal' (m/n) with NFSS spec.:
(fontspec)             <9.855->"[LibertinusMath-Regular.otf]:mode=base;script=m
ath;language=dflt;mathfontdimen=xetex;mathfontdimen=tex2;"<7.665-9.855>"[Libert
inusMath-Regular.otf]:mode=base;script=math;language=dflt;mathfontdimen=xetex;m
athfontdimen=tex2;+ssty=0;"<-7.665>"[LibertinusMath-Regular.otf]:mode=base;scri
pt=math;language=dflt;mathfontdimen=xetex;mathfontdimen=tex2;+ssty=1;"

LaTeX Font Info:    Encoding `OMS' has changed to `TU' for symbol font
(Font)              `symbols' in the math version `normal' on input line 36.
LaTeX Font Info:    Overwriting symbol font `symbols' in version `normal'
(Font)                  OMS/cmsy/m/n --> TU/LibertinusMath-Regular.otf(2)/m/n o
n input line 36.
LaTeX Font Info:    Encoding `OMS' has changed to `TU' for symbol font
(Font)              `symbols' in the math version `bold' on input line 36.
LaTeX Font Info:    Overwriting symbol font `symbols' in version `bold'
(Font)                  OMS/cmsy/b/n --> TU/LibertinusMath-Regular.otf(2)/b/n o
n input line 36.

Package fontspec Info: 
(fontspec)             Font family 'LibertinusMath-Regular.otf(3)' created for
(fontspec)             font 'LibertinusMath-Regular.otf' with options
(fontspec)             [Renderer=Basic,BoldItalicFont={},ItalicFont={},SmallCap
sFont={},Script=Math,SizeFeatures={{Size=9.855-},{Size=7.665-9.855,Font=Liberti
nusMath-Regular.otf,Style=MathScript},{Size=-7.665,Font=LibertinusMath-Regular.
otf,Style=MathScriptScript}},RawFeature={mathfontdimen=xetex},RawFeature={mathf
ontdimen=tex3}].
(fontspec)              
(fontspec)              This font family consists of the following NFSS
(fontspec)             series/shapes:
(fontspec)              
(fontspec)             - 'normal' (m/n) with NFSS spec.:
(fontspec)             <9.855->"[LibertinusMath-Regular.otf]:mode=base;script=m
ath;language=dflt;mathfontdimen=xetex;mathfontdimen=tex3;"<7.665-9.855>"[Libert
inusMath-Regular.otf]:mode=base;script=math;language=dflt;mathfontdimen=xetex;m
athfontdimen=tex3;+ssty=0;"<-7.665>"[LibertinusMath-Regular.otf]:mode=base;scri
pt=math;language=dflt;mathfontdimen=xetex;mathfontdimen=tex3;+ssty=1;"

LaTeX Font Info:    Encoding `OMX' has changed to `TU' for symbol font
(Font)              `largesymbols' in the math version `normal' on input line 3
6.
LaTeX Font Info:    Overwriting symbol font `largesymbols' in version `normal'
(Font)                  OMX/cmex/m/n --> TU/LibertinusMath-Regular.otf(3)/m/n o
n input line 36.
LaTeX Font Info:    Encoding `OMX' has changed to `TU' for symbol font
(Font)              `largesymbols' in the math version `bold' on input line 36.

LaTeX Font Info:    Overwriting symbol font `largesymbols' in version `bold'
(Font)                  OMX/cmex/m/n --> TU/LibertinusMath-Regular.otf(3)/b/n o
n input line 36.
LaTeX Font Info:    Trying to load font information for U+msa on input line 36.

 (/usr/local/texlive/2025/texmf-dist/tex/latex/amsfonts/umsa.fd
File: umsa.fd 2013/01/14 v3.01 AMS symbols A
)
LaTeX Font Info:    Trying to load font information for U+msb on input line 36.


(/usr/local/texlive/2025/texmf-dist/tex/latex/amsfonts/umsb.fd
File: umsb.fd 2013/01/14 v3.01 AMS symbols B
)

Package fontspec Info: 
(fontspec)             Font family 'SourceSansPro(2)' created for font
(fontspec)             'SourceSansPro' with options
(fontspec)             [Extension=.otf,UprightFont=*-Light,BoldFont=*-Semibold,
ItalicFont=*-LightIt].
(fontspec)              
(fontspec)              This font family consists of the following NFSS
(fontspec)             series/shapes:
(fontspec)              
(fontspec)             - 'normal' (m/n) with NFSS spec.:
(fontspec)             <->"[SourceSansPro-Light.otf]:mode=node;script=latn;lang
uage=dflt;"
(fontspec)             - 'small caps'  (m/sc) with NFSS spec.:
(fontspec)             <->"[SourceSansPro-Light.otf]:mode=node;script=latn;lang
uage=dflt;+smcp;"
(fontspec)             - 'bold' (b/n) with NFSS spec.:
(fontspec)             <->"[SourceSansPro-Semibold.otf]:mode=node;script=latn;l
anguage=dflt;"
(fontspec)             - 'bold small caps'  (b/sc) with NFSS spec.:
(fontspec)             <->"[SourceSansPro-Semibold.otf]:mode=node;script=latn;l
anguage=dflt;+smcp;"
(fontspec)             - 'italic' (m/it) with NFSS spec.:
(fontspec)             <->"[SourceSansPro-LightIt.otf]:mode=node;script=latn;la
nguage=dflt;"


Package fontspec Info: 
(fontspec)             Font family 'SourceSansPro(3)' created for font
(fontspec)             'SourceSansPro' with options
(fontspec)             [Extension=.otf,UprightFont=*-Black,BoldFont=*-Black].
(fontspec)              
(fontspec)              This font family consists of the following NFSS
(fontspec)             series/shapes:
(fontspec)              
(fontspec)             - 'normal' (m/n) with NFSS spec.:
(fontspec)             <->"[SourceSansPro-Black.otf]:mode=node;script=latn;lang
uage=dflt;"
(fontspec)             - 'small caps'  (m/sc) with NFSS spec.:
(fontspec)             <->"[SourceSansPro-Black.otf]:mode=node;script=latn;lang
uage=dflt;+smcp;"
(fontspec)             - 'bold' (b/n) with NFSS spec.:
(fontspec)             <->"[SourceSansPro-Black.otf]:mode=node;script=latn;lang
uage=dflt;"
(fontspec)             - 'bold small caps'  (b/sc) with NFSS spec.:
(fontspec)             <->"[SourceSansPro-Black.otf]:mode=node;script=latn;lang
uage=dflt;+smcp;"


Package fontspec Info: 
(fontspec)             Font family 'SourceSansPro(4)' created for font
(fontspec)             'SourceSansPro' with options
(fontspec)             [Extension=.otf,UprightFont=*-ExtraLight,ItalicFont=*-Ex
traLightIt].
(fontspec)              
(fontspec)              This font family consists of the following NFSS
(fontspec)             series/shapes:
(fontspec)              
(fontspec)             - 'normal' (m/n) with NFSS spec.:
(fontspec)             <->"[SourceSansPro-ExtraLight.otf]:mode=node;script=latn
;language=dflt;"
(fontspec)             - 'small caps'  (m/sc) with NFSS spec.:
(fontspec)             <->"[SourceSansPro-ExtraLight.otf]:mode=node;script=latn
;language=dflt;+smcp;"
(fontspec)             - 'italic' (m/it) with NFSS spec.:
(fontspec)             <->"[SourceSansPro-ExtraLightIt.otf]:mode=node;script=la
tn;language=dflt;"


Package fontspec Info: 
(fontspec)             Font family 'LibertinusSerif(2)' created for font
(fontspec)             'LibertinusSerif' with options
(fontspec)             [Extension=.otf,UprightFont=*-Regular,ItalicFont=*-Itali
c,BoldFont=*-Semibold,Numbers=Lining].
(fontspec)              
(fontspec)              This font family consists of the following NFSS
(fontspec)             series/shapes:
(fontspec)              
(fontspec)             - 'normal' (m/n) with NFSS spec.:
(fontspec)             <->"[LibertinusSerif-Regular.otf]:mode=node;script=latn;
language=dflt;+lnum;"
(fontspec)             - 'small caps'  (m/sc) with NFSS spec.:
(fontspec)             <->"[LibertinusSerif-Regular.otf]:mode=node;script=latn;
language=dflt;+lnum;+smcp;"
(fontspec)             - 'bold' (b/n) with NFSS spec.:
(fontspec)             <->"[LibertinusSerif-Semibold.otf]:mode=node;script=latn
;language=dflt;+lnum;"
(fontspec)             - 'bold small caps'  (b/sc) with NFSS spec.:
(fontspec)             <->"[LibertinusSerif-Semibold.otf]:mode=node;script=latn
;language=dflt;+lnum;+smcp;"
(fontspec)             - 'italic' (m/it) with NFSS spec.:
(fontspec)             <->"[LibertinusSerif-Italic.otf]:mode=node;script=latn;l
anguage=dflt;+lnum;"
(fontspec)             - 'italic small caps'  (m/scit) with NFSS spec.:
(fontspec)             <->"[LibertinusSerif-Italic.otf]:mode=node;script=latn;l
anguage=dflt;+lnum;+smcp;"


(/usr/local/texlive/2025/texmf-dist/tex/latex/microtype/microtype.sty
Package: microtype 2025/02/11 v3.2a Micro-typographical refinements (RS)
\MT@toks=\toks25
\MT@tempbox=\box56
\MT@count=\count306
LaTeX Info: Redefining \noprotrusionifhmode on input line 1087.
LaTeX Info: Redefining \leftprotrusion on input line 1088.
\MT@prot@toks=\toks26
LaTeX Info: Redefining \rightprotrusion on input line 1107.
LaTeX Info: Redefining \textls on input line 1449.
\MT@outer@kern=\dimen172
LaTeX Info: Redefining \microtypecontext on input line 2053.
LaTeX Info: Redefining \textmicrotypecontext on input line 2070.
\MT@listname@count=\count307

(/usr/local/texlive/2025/texmf-dist/tex/latex/microtype/microtype-luatex.def
File: microtype-luatex.def 2025/02/11 v3.2a Definitions specific to luatex (RS)

Lua module: microtype 2025/02/11 v3.2a microtype module.
Module microtype Info: overwriting function `keepligature' on input line 63
LaTeX Info: Redefining \lsstyle on input line 779.
LaTeX Info: Redefining \lslig on input line 779.
\MT@outer@space=\skip58
)
Package microtype Info: Loading configuration file microtype.cfg.

(/usr/local/texlive/2025/texmf-dist/tex/latex/microtype/microtype.cfg
File: microtype.cfg 2025/02/11 v3.2a microtype main configuration file (RS)
)
LaTeX Info: Redefining \microtypesetup on input line 3065.
)
(/usr/local/texlive/2025/texmf-dist/tex/latex/csquotes/csquotes.sty
Package: csquotes 2024-04-04 v5.2o context-sensitive quotations (JAW)
\csq@reset=\count308
\csq@gtype=\count309
\csq@glevel=\count310
\csq@qlevel=\count311
\csq@maxlvl=\count312
\csq@tshold=\count313
\csq@ltx@everypar=\toks27

(/usr/local/texlive/2025/texmf-dist/tex/latex/csquotes/csquotes.def
File: csquotes.def 2024-04-04 v5.2o csquotes generic definitions (JAW)
)
Package csquotes Info: Trying to load configuration file 'csquotes.cfg'...
Package csquotes Info: ... configuration file loaded successfully.

(/usr/local/texlive/2025/texmf-dist/tex/latex/csquotes/csquotes.cfg
File: csquotes.cfg 
)
Package csquotes Info: Enabling multilingual quotes.
)
(/usr/local/texlive/2025/texmf-dist/tex/latex/xcolor/xcolor.sty
Package: xcolor 2024/09/29 v3.02 LaTeX color extensions (UK)

(/usr/local/texlive/2025/texmf-dist/tex/latex/graphics-cfg/color.cfg
File: color.cfg 2016/01/02 v1.6 sample color configuration
)
Package xcolor Info: Driver file: luatex.def on input line 274.

(/usr/local/texlive/2025/texmf-dist/tex/latex/graphics-def/luatex.def
File: luatex.def 2024/04/13 v1.2e Graphics/color driver for luatex
)
(/usr/local/texlive/2025/texmf-dist/tex/latex/graphics/mathcolor.ltx)
Package xcolor Info: Model `cmy' substituted by `cmy0' on input line 1349.
Package xcolor Info: Model `hsb' substituted by `rgb' on input line 1353.
Package xcolor Info: Model `RGB' extended on input line 1365.
Package xcolor Info: Model `HTML' substituted by `rgb' on input line 1367.
Package xcolor Info: Model `Hsb' substituted by `hsb' on input line 1368.
Package xcolor Info: Model `tHsb' substituted by `hsb' on input line 1369.
Package xcolor Info: Model `HSB' substituted by `hsb' on input line 1370.
Package xcolor Info: Model `Gray' substituted by `gray' on input line 1371.
Package xcolor Info: Model `wave' substituted by `hsb' on input line 1372.
)
(/usr/local/texlive/2025/texmf-dist/tex/latex/graphics/dvipsnam.def
File: dvipsnam.def 2016/06/17 v3.0m Driver-dependent file (DPC,SPQR)
)
(/usr/local/texlive/2025/texmf-dist/tex/latex/colortbl/colortbl.sty
Package: colortbl 2024/07/06 v1.0i Color table columns (DPC)

(/usr/local/texlive/2025/texmf-dist/tex/latex/tools/array.sty
Package: array 2024/10/17 v2.6g Tabular extension package (FMi)
\col@sep=\dimen173
\ar@mcellbox=\box57
\extrarowheight=\dimen174
\NC@list=\toks28
\extratabsurround=\skip59
\backup@length=\skip60
\ar@cellbox=\box58
)
\everycr=\toks29
\minrowclearance=\skip61
\rownum=\count314
)
(/usr/local/texlive/2025/texmf-dist/tex/latex/graphics/graphicx.sty
Package: graphicx 2021/09/16 v1.2d Enhanced LaTeX Graphics (DPC,SPQR)

(/usr/local/texlive/2025/texmf-dist/tex/latex/graphics/graphics.sty
Package: graphics 2024/08/06 v1.4g Standard LaTeX Graphics (DPC,SPQR)

(/usr/local/texlive/2025/texmf-dist/tex/latex/graphics/trig.sty
Package: trig 2023/12/02 v1.11 sin cos tan (DPC)
)
(/usr/local/texlive/2025/texmf-dist/tex/latex/graphics-cfg/graphics.cfg
File: graphics.cfg 2016/06/04 v1.11 sample graphics configuration
)
Package graphics Info: Driver file: luatex.def on input line 106.
)
\Gin@req@height=\dimen175
\Gin@req@width=\dimen176
)
(/usr/local/texlive/2025/texmf-dist/tex/latex/pgf/frontendlayer/tikz.sty
(/usr/local/texlive/2025/texmf-dist/tex/latex/pgf/basiclayer/pgf.sty
(/usr/local/texlive/2025/texmf-dist/tex/latex/pgf/utilities/pgfrcs.sty
(/usr/local/texlive/2025/texmf-dist/tex/generic/pgf/utilities/pgfutil-common.te
x
\pgfutil@everybye=\toks30
\pgfutil@tempdima=\dimen177
\pgfutil@tempdimb=\dimen178
)
(/usr/local/texlive/2025/texmf-dist/tex/generic/pgf/utilities/pgfutil-latex.def
\pgfutil@abb=\box59
) (/usr/local/texlive/2025/texmf-dist/tex/generic/pgf/utilities/pgfrcs.code.tex
(/usr/local/texlive/2025/texmf-dist/tex/generic/pgf/pgf.revision.tex)
Package: pgfrcs 2023-01-15 v3.1.10 (3.1.10)
))
Package: pgf 2023-01-15 v3.1.10 (3.1.10)

(/usr/local/texlive/2025/texmf-dist/tex/latex/pgf/basiclayer/pgfcore.sty
(/usr/local/texlive/2025/texmf-dist/tex/latex/pgf/systemlayer/pgfsys.sty
(/usr/local/texlive/2025/texmf-dist/tex/generic/pgf/systemlayer/pgfsys.code.tex
Package: pgfsys 2023-01-15 v3.1.10 (3.1.10)
(/usr/local/texlive/2025/texmf-dist/tex/generic/pgf/utilities/pgfkeys.code.tex
\pgfkeys@pathtoks=\toks31
\pgfkeys@temptoks=\toks32

(/usr/local/texlive/2025/texmf-dist/tex/generic/pgf/utilities/pgfkeyslibraryfil
tered.code.tex
\pgfkeys@tmptoks=\toks33
))
\pgf@x=\dimen179
\pgf@y=\dimen180
\pgf@xa=\dimen181
\pgf@ya=\dimen182
\pgf@xb=\dimen183
\pgf@yb=\dimen184
\pgf@xc=\dimen185
\pgf@yc=\dimen186
\pgf@xd=\dimen187
\pgf@yd=\dimen188
\w@pgf@writea=\write3
\r@pgf@reada=\read3
\c@pgf@counta=\count315
\c@pgf@countb=\count316
\c@pgf@countc=\count317
\c@pgf@countd=\count318
\t@pgf@toka=\toks34
\t@pgf@tokb=\toks35
\t@pgf@tokc=\toks36
\pgf@sys@id@count=\count319

(/usr/local/texlive/2025/texmf-dist/tex/generic/pgf/systemlayer/pgf.cfg
File: pgf.cfg 2023-01-15 v3.1.10 (3.1.10)
)
Driver file for pgf: pgfsys-luatex.def

(/usr/local/texlive/2025/texmf-dist/tex/generic/pgf/systemlayer/pgfsys-luatex.d
ef
File: pgfsys-luatex.def 2023-01-15 v3.1.10 (3.1.10)

(/usr/local/texlive/2025/texmf-dist/tex/generic/pgf/systemlayer/pgfsys-common-p
df.def
File: pgfsys-common-pdf.def 2023-01-15 v3.1.10 (3.1.10)
)))
(/usr/local/texlive/2025/texmf-dist/tex/generic/pgf/systemlayer/pgfsyssoftpath.
code.tex
File: pgfsyssoftpath.code.tex 2023-01-15 v3.1.10 (3.1.10)
\pgfsyssoftpath@smallbuffer@items=\count320
\pgfsyssoftpath@bigbuffer@items=\count321
)
(/usr/local/texlive/2025/texmf-dist/tex/generic/pgf/systemlayer/pgfsysprotocol.
code.tex
File: pgfsysprotocol.code.tex 2023-01-15 v3.1.10 (3.1.10)
))
(/usr/local/texlive/2025/texmf-dist/tex/generic/pgf/basiclayer/pgfcore.code.tex
Package: pgfcore 2023-01-15 v3.1.10 (3.1.10)
(/usr/local/texlive/2025/texmf-dist/tex/generic/pgf/math/pgfmath.code.tex
(/usr/local/texlive/2025/texmf-dist/tex/generic/pgf/math/pgfmathutil.code.tex)
(/usr/local/texlive/2025/texmf-dist/tex/generic/pgf/math/pgfmathparser.code.tex
\pgfmath@dimen=\dimen189
\pgfmath@count=\count322
\pgfmath@box=\box60
\pgfmath@toks=\toks37
\pgfmath@stack@operand=\toks38
\pgfmath@stack@operation=\toks39
)
(/usr/local/texlive/2025/texmf-dist/tex/generic/pgf/math/pgfmathfunctions.code.
tex)
(/usr/local/texlive/2025/texmf-dist/tex/generic/pgf/math/pgfmathfunctions.basic
.code.tex)
(/usr/local/texlive/2025/texmf-dist/tex/generic/pgf/math/pgfmathfunctions.trigo
nometric.code.tex)
(/usr/local/texlive/2025/texmf-dist/tex/generic/pgf/math/pgfmathfunctions.rando
m.code.tex)
(/usr/local/texlive/2025/texmf-dist/tex/generic/pgf/math/pgfmathfunctions.compa
rison.code.tex)
(/usr/local/texlive/2025/texmf-dist/tex/generic/pgf/math/pgfmathfunctions.base.
code.tex)
(/usr/local/texlive/2025/texmf-dist/tex/generic/pgf/math/pgfmathfunctions.round
.code.tex)
(/usr/local/texlive/2025/texmf-dist/tex/generic/pgf/math/pgfmathfunctions.misc.
code.tex)
(/usr/local/texlive/2025/texmf-dist/tex/generic/pgf/math/pgfmathfunctions.integ
erarithmetics.code.tex)
(/usr/local/texlive/2025/texmf-dist/tex/generic/pgf/math/pgfmathcalc.code.tex)
(/usr/local/texlive/2025/texmf-dist/tex/generic/pgf/math/pgfmathfloat.code.tex
\c@pgfmathroundto@lastzeros=\count323
)) (/usr/local/texlive/2025/texmf-dist/tex/generic/pgf/math/pgfint.code.tex)
(/usr/local/texlive/2025/texmf-dist/tex/generic/pgf/basiclayer/pgfcorepoints.co
de.tex
File: pgfcorepoints.code.tex 2023-01-15 v3.1.10 (3.1.10)
\pgf@picminx=\dimen190
\pgf@picmaxx=\dimen191
\pgf@picminy=\dimen192
\pgf@picmaxy=\dimen193
\pgf@pathminx=\dimen194
\pgf@pathmaxx=\dimen195
\pgf@pathminy=\dimen196
\pgf@pathmaxy=\dimen197
\pgf@xx=\dimen198
\pgf@xy=\dimen199
\pgf@yx=\dimen256
\pgf@yy=\dimen257
\pgf@zx=\dimen258
\pgf@zy=\dimen259
)
(/usr/local/texlive/2025/texmf-dist/tex/generic/pgf/basiclayer/pgfcorepathconst
ruct.code.tex
File: pgfcorepathconstruct.code.tex 2023-01-15 v3.1.10 (3.1.10)
\pgf@path@lastx=\dimen260
\pgf@path@lasty=\dimen261
)
(/usr/local/texlive/2025/texmf-dist/tex/generic/pgf/basiclayer/pgfcorepathusage
.code.tex
File: pgfcorepathusage.code.tex 2023-01-15 v3.1.10 (3.1.10)
\pgf@shorten@end@additional=\dimen262
\pgf@shorten@start@additional=\dimen263
)
(/usr/local/texlive/2025/texmf-dist/tex/generic/pgf/basiclayer/pgfcorescopes.co
de.tex
File: pgfcorescopes.code.tex 2023-01-15 v3.1.10 (3.1.10)
\pgfpic=\box61
\pgf@hbox=\box62
\pgf@layerbox@main=\box63
\pgf@picture@serial@count=\count324
)
(/usr/local/texlive/2025/texmf-dist/tex/generic/pgf/basiclayer/pgfcoregraphicst
ate.code.tex
File: pgfcoregraphicstate.code.tex 2023-01-15 v3.1.10 (3.1.10)
\pgflinewidth=\dimen264
)
(/usr/local/texlive/2025/texmf-dist/tex/generic/pgf/basiclayer/pgfcoretransform
ations.code.tex
File: pgfcoretransformations.code.tex 2023-01-15 v3.1.10 (3.1.10)
\pgf@pt@x=\dimen265
\pgf@pt@y=\dimen266
\pgf@pt@temp=\dimen267
)
(/usr/local/texlive/2025/texmf-dist/tex/generic/pgf/basiclayer/pgfcorequick.cod
e.tex
File: pgfcorequick.code.tex 2023-01-15 v3.1.10 (3.1.10)
)
(/usr/local/texlive/2025/texmf-dist/tex/generic/pgf/basiclayer/pgfcoreobjects.c
ode.tex
File: pgfcoreobjects.code.tex 2023-01-15 v3.1.10 (3.1.10)
)
(/usr/local/texlive/2025/texmf-dist/tex/generic/pgf/basiclayer/pgfcorepathproce
ssing.code.tex
File: pgfcorepathprocessing.code.tex 2023-01-15 v3.1.10 (3.1.10)
)
(/usr/local/texlive/2025/texmf-dist/tex/generic/pgf/basiclayer/pgfcorearrows.co
de.tex
File: pgfcorearrows.code.tex 2023-01-15 v3.1.10 (3.1.10)
\pgfarrowsep=\dimen268
)
(/usr/local/texlive/2025/texmf-dist/tex/generic/pgf/basiclayer/pgfcoreshade.cod
e.tex
File: pgfcoreshade.code.tex 2023-01-15 v3.1.10 (3.1.10)
\pgf@max=\dimen269
\pgf@sys@shading@range@num=\count325
\pgf@shadingcount=\count326
)
(/usr/local/texlive/2025/texmf-dist/tex/generic/pgf/basiclayer/pgfcoreimage.cod
e.tex
File: pgfcoreimage.code.tex 2023-01-15 v3.1.10 (3.1.10)
)
(/usr/local/texlive/2025/texmf-dist/tex/generic/pgf/basiclayer/pgfcoreexternal.
code.tex
File: pgfcoreexternal.code.tex 2023-01-15 v3.1.10 (3.1.10)
\pgfexternal@startupbox=\box64
)
(/usr/local/texlive/2025/texmf-dist/tex/generic/pgf/basiclayer/pgfcorelayers.co
de.tex
File: pgfcorelayers.code.tex 2023-01-15 v3.1.10 (3.1.10)
)
(/usr/local/texlive/2025/texmf-dist/tex/generic/pgf/basiclayer/pgfcoretranspare
ncy.code.tex
File: pgfcoretransparency.code.tex 2023-01-15 v3.1.10 (3.1.10)
)
(/usr/local/texlive/2025/texmf-dist/tex/generic/pgf/basiclayer/pgfcorepatterns.
code.tex
File: pgfcorepatterns.code.tex 2023-01-15 v3.1.10 (3.1.10)
)
(/usr/local/texlive/2025/texmf-dist/tex/generic/pgf/basiclayer/pgfcorerdf.code.
tex
File: pgfcorerdf.code.tex 2023-01-15 v3.1.10 (3.1.10)
)))
(/usr/local/texlive/2025/texmf-dist/tex/generic/pgf/modules/pgfmoduleshapes.cod
e.tex
File: pgfmoduleshapes.code.tex 2023-01-15 v3.1.10 (3.1.10)
\pgfnodeparttextbox=\box65
)
(/usr/local/texlive/2025/texmf-dist/tex/generic/pgf/modules/pgfmoduleplot.code.
tex
File: pgfmoduleplot.code.tex 2023-01-15 v3.1.10 (3.1.10)
)
(/usr/local/texlive/2025/texmf-dist/tex/latex/pgf/compatibility/pgfcomp-version
-0-65.sty
Package: pgfcomp-version-0-65 2023-01-15 v3.1.10 (3.1.10)
\pgf@nodesepstart=\dimen270
\pgf@nodesepend=\dimen271
)
(/usr/local/texlive/2025/texmf-dist/tex/latex/pgf/compatibility/pgfcomp-version
-1-18.sty
Package: pgfcomp-version-1-18 2023-01-15 v3.1.10 (3.1.10)
))
(/usr/local/texlive/2025/texmf-dist/tex/latex/pgf/utilities/pgffor.sty
(/usr/local/texlive/2025/texmf-dist/tex/latex/pgf/utilities/pgfkeys.sty
(/usr/local/texlive/2025/texmf-dist/tex/generic/pgf/utilities/pgfkeys.code.tex))
 (/usr/local/texlive/2025/texmf-dist/tex/latex/pgf/math/pgfmath.sty
(/usr/local/texlive/2025/texmf-dist/tex/generic/pgf/math/pgfmath.code.tex))
(/usr/local/texlive/2025/texmf-dist/tex/generic/pgf/utilities/pgffor.code.tex
Package: pgffor 2023-01-15 v3.1.10 (3.1.10)
\pgffor@iter=\dimen272
\pgffor@skip=\dimen273
\pgffor@stack=\toks40
\pgffor@toks=\toks41
))
(/usr/local/texlive/2025/texmf-dist/tex/generic/pgf/frontendlayer/tikz/tikz.cod
e.tex
Package: tikz 2023-01-15 v3.1.10 (3.1.10)

(/usr/local/texlive/2025/texmf-dist/tex/generic/pgf/libraries/pgflibraryplothan
dlers.code.tex
File: pgflibraryplothandlers.code.tex 2023-01-15 v3.1.10 (3.1.10)
\pgf@plot@mark@count=\count327
\pgfplotmarksize=\dimen274
)
\tikz@lastx=\dimen275
\tikz@lasty=\dimen276
\tikz@lastxsaved=\dimen277
\tikz@lastysaved=\dimen278
\tikz@lastmovetox=\dimen279
\tikz@lastmovetoy=\dimen280
\tikzleveldistance=\dimen281
\tikzsiblingdistance=\dimen282
\tikz@figbox=\box66
\tikz@figbox@bg=\box67
\tikz@tempbox=\box68
\tikz@tempbox@bg=\box69
\tikztreelevel=\count328
\tikznumberofchildren=\count329
\tikznumberofcurrentchild=\count330
\tikz@fig@count=\count331

(/usr/local/texlive/2025/texmf-dist/tex/generic/pgf/modules/pgfmodulematrix.cod
e.tex
File: pgfmodulematrix.code.tex 2023-01-15 v3.1.10 (3.1.10)
\pgfmatrixcurrentrow=\count332
\pgfmatrixcurrentcolumn=\count333
\pgf@matrix@numberofcolumns=\count334
)
\tikz@expandcount=\count335

(/usr/local/texlive/2025/texmf-dist/tex/generic/pgf/frontendlayer/tikz/librarie
s/tikzlibrarytopaths.code.tex
File: tikzlibrarytopaths.code.tex 2023-01-15 v3.1.10 (3.1.10)
)))
(/usr/local/texlive/2025/texmf-dist/tex/generic/pgf/libraries/pgflibraryarrows.
meta.code.tex
File: pgflibraryarrows.meta.code.tex 2023-01-15 v3.1.10 (3.1.10)
\pgfarrowinset=\dimen283
\pgfarrowlength=\dimen284
\pgfarrowwidth=\dimen285
\pgfarrowlinewidth=\dimen286
)
(/usr/local/texlive/2025/texmf-dist/tex/generic/pgf/frontendlayer/tikz/librarie
s/tikzlibrarypositioning.code.tex
File: tikzlibrarypositioning.code.tex 2023-01-15 v3.1.10 (3.1.10)
)
(/usr/local/texlive/2025/texmf-dist/tex/generic/pgf/frontendlayer/tikz/librarie
s/tikzlibrarycalc.code.tex
File: tikzlibrarycalc.code.tex 2023-01-15 v3.1.10 (3.1.10)
)
(/usr/local/texlive/2025/texmf-dist/tex/generic/pgf/frontendlayer/tikz/librarie
s/tikzlibraryfit.code.tex
File: tikzlibraryfit.code.tex 2023-01-15 v3.1.10 (3.1.10)
)
(/usr/local/texlive/2025/texmf-dist/tex/generic/pgf/frontendlayer/tikz/librarie
s/tikzlibrarybackgrounds.code.tex
File: tikzlibrarybackgrounds.code.tex 2023-01-15 v3.1.10 (3.1.10)
\pgf@layerbox@background=\box70
\pgf@layerboxsaved@background=\box71
)
(/usr/local/texlive/2025/texmf-dist/tex/generic/pgf/frontendlayer/tikz/librarie
s/tikzlibraryshapes.code.tex
File: tikzlibraryshapes.code.tex 2023-01-15 v3.1.10 (3.1.10)

(/usr/local/texlive/2025/texmf-dist/tex/generic/pgf/frontendlayer/tikz/librarie
s/tikzlibraryshapes.geometric.code.tex
File: tikzlibraryshapes.geometric.code.tex 2023-01-15 v3.1.10 (3.1.10)

(/usr/local/texlive/2025/texmf-dist/tex/generic/pgf/libraries/shapes/pgflibrary
shapes.geometric.code.tex
File: pgflibraryshapes.geometric.code.tex 2023-01-15 v3.1.10 (3.1.10)
))
(/usr/local/texlive/2025/texmf-dist/tex/generic/pgf/frontendlayer/tikz/librarie
s/tikzlibraryshapes.misc.code.tex
File: tikzlibraryshapes.misc.code.tex 2023-01-15 v3.1.10 (3.1.10)

(/usr/local/texlive/2025/texmf-dist/tex/generic/pgf/libraries/shapes/pgflibrary
shapes.misc.code.tex
File: pgflibraryshapes.misc.code.tex 2023-01-15 v3.1.10 (3.1.10)
))
(/usr/local/texlive/2025/texmf-dist/tex/generic/pgf/frontendlayer/tikz/librarie
s/tikzlibraryshapes.symbols.code.tex
File: tikzlibraryshapes.symbols.code.tex 2023-01-15 v3.1.10 (3.1.10)

(/usr/local/texlive/2025/texmf-dist/tex/generic/pgf/libraries/shapes/pgflibrary
shapes.symbols.code.tex
File: pgflibraryshapes.symbols.code.tex 2023-01-15 v3.1.10 (3.1.10)
))
(/usr/local/texlive/2025/texmf-dist/tex/generic/pgf/frontendlayer/tikz/librarie
s/tikzlibraryshapes.arrows.code.tex
File: tikzlibraryshapes.arrows.code.tex 2023-01-15 v3.1.10 (3.1.10)

(/usr/local/texlive/2025/texmf-dist/tex/generic/pgf/libraries/shapes/pgflibrary
shapes.arrows.code.tex
File: pgflibraryshapes.arrows.code.tex 2023-01-15 v3.1.10 (3.1.10)
))
(/usr/local/texlive/2025/texmf-dist/tex/generic/pgf/frontendlayer/tikz/librarie
s/tikzlibraryshapes.callouts.code.tex
(/usr/local/texlive/2025/texmf-dist/tex/generic/pgf/libraries/shapes/pgflibrary
shapes.callouts.code.tex))
(/usr/local/texlive/2025/texmf-dist/tex/generic/pgf/frontendlayer/tikz/librarie
s/tikzlibraryshapes.multipart.code.tex
File: tikzlibraryshapes.multipart.code.tex 2023-01-15 v3.1.10 (3.1.10)

(/usr/local/texlive/2025/texmf-dist/tex/generic/pgf/libraries/shapes/pgflibrary
shapes.multipart.code.tex
File: pgflibraryshapes.multipart.code.tex 2023-01-15 v3.1.10 (3.1.10)
\pgfnodepartlowerbox=\box72
\pgfnodeparttwobox=\box73
\pgfnodepartthreebox=\box74
\pgfnodepartfourbox=\box75
\pgfnodeparttwentybox=\box76
\pgfnodepartnineteenbox=\box77
\pgfnodeparteighteenbox=\box78
\pgfnodepartseventeenbox=\box79
\pgfnodepartsixteenbox=\box80
\pgfnodepartfifteenbox=\box81
\pgfnodepartfourteenbox=\box82
\pgfnodepartthirteenbox=\box83
\pgfnodeparttwelvebox=\box84
\pgfnodepartelevenbox=\box85
\pgfnodeparttenbox=\box86
\pgfnodepartninebox=\box87
\pgfnodeparteightbox=\box88
\pgfnodepartsevenbox=\box89
\pgfnodepartsixbox=\box90
\pgfnodepartfivebox=\box91
)))
(/usr/local/texlive/2025/texmf-dist/tex/generic/pgf/frontendlayer/tikz/librarie
s/tikzlibrarydecorations.pathreplacing.code.tex
(/usr/local/texlive/2025/texmf-dist/tex/generic/pgf/frontendlayer/tikz/librarie
s/tikzlibrarydecorations.code.tex
(/usr/local/texlive/2025/texmf-dist/tex/generic/pgf/modules/pgfmoduledecoration
s.code.tex
\pgfdecoratedcompleteddistance=\dimen287
\pgfdecoratedremainingdistance=\dimen288
\pgfdecoratedinputsegmentcompleteddistance=\dimen289
\pgfdecoratedinputsegmentremainingdistance=\dimen290
\pgf@decorate@distancetomove=\dimen291
\pgf@decorate@repeatstate=\count336
\pgfdecorationsegmentamplitude=\dimen292
\pgfdecorationsegmentlength=\dimen293
)
\tikz@lib@dec@box=\box92
)
(/usr/local/texlive/2025/texmf-dist/tex/generic/pgf/libraries/decorations/pgfli
brarydecorations.pathreplacing.code.tex))
(/usr/local/texlive/2025/texmf-dist/tex/generic/pgf/frontendlayer/tikz/librarie
s/tikzlibrarydecorations.pathmorphing.code.tex
(/usr/local/texlive/2025/texmf-dist/tex/generic/pgf/libraries/decorations/pgfli
brarydecorations.pathmorphing.code.tex))
(/usr/local/texlive/2025/texmf-dist/tex/generic/pgf/frontendlayer/tikz/librarie
s/tikzlibrarydecorations.text.code.tex
(/usr/local/texlive/2025/texmf-dist/tex/generic/pgf/libraries/decorations/pgfli
brarydecorations.text.code.tex
\pgf@lib@dec@text@box=\box93
)
\tikz@lib@dec@te@box=\box94
)
(/usr/local/texlive/2025/texmf-dist/tex/generic/pgf/frontendlayer/tikz/librarie
s/tikzlibrarypatterns.code.tex
File: tikzlibrarypatterns.code.tex 2023-01-15 v3.1.10 (3.1.10)

(/usr/local/texlive/2025/texmf-dist/tex/generic/pgf/libraries/pgflibrarypattern
s.code.tex
File: pgflibrarypatterns.code.tex 2023-01-15 v3.1.10 (3.1.10)
))
(/usr/local/texlive/2025/texmf-dist/tex/generic/pgf/frontendlayer/tikz/librarie
s/tikzlibraryshadows.code.tex
File: tikzlibraryshadows.code.tex 2023-01-15 v3.1.10 (3.1.10)

(/usr/local/texlive/2025/texmf-dist/tex/generic/pgf/frontendlayer/tikz/librarie
s/tikzlibraryfadings.code.tex
File: tikzlibraryfadings.code.tex 2023-01-15 v3.1.10 (3.1.10)

(/usr/local/texlive/2025/texmf-dist/tex/generic/pgf/libraries/pgflibraryfadings
.code.tex
File: pgflibraryfadings.code.tex 2023-01-15 v3.1.10 (3.1.10)
)))
(/usr/local/texlive/2025/texmf-dist/tex/latex/pgf-blur/tikzlibraryshadows.blur.
code.tex  v1.02, 2012/12/09
\pgfbs@fading@count=\count337
)
(/usr/local/texlive/2025/texmf-dist/tex/generic/pgf/frontendlayer/tikz/librarie
s/tikzlibrarymatrix.code.tex
File: tikzlibrarymatrix.code.tex 2023-01-15 v3.1.10 (3.1.10)
)
(/usr/local/texlive/2025/texmf-dist/tex/generic/pgf/frontendlayer/tikz/librarie
s/tikzlibrarychains.code.tex
File: tikzlibrarychains.code.tex 2023-01-15 v3.1.10 (3.1.10)
)
(/usr/local/texlive/2025/texmf-dist/tex/generic/pgf/frontendlayer/tikz/librarie
s/tikzlibraryintersections.code.tex
(/usr/local/texlive/2025/texmf-dist/tex/generic/pgf/libraries/pgflibraryinterse
ctions.code.tex
(/usr/local/texlive/2025/texmf-dist/tex/generic/pgf/libraries/pgflibraryfpu.cod
e.tex)
\pgf@intersect@solutions=\count338
))
(/usr/local/texlive/2025/texmf-dist/tex/generic/pgf/frontendlayer/tikz/librarie
s/tikzlibrarytrees.code.tex
File: tikzlibrarytrees.code.tex 2023-01-15 v3.1.10 (3.1.10)
)
(/usr/local/texlive/2025/texmf-dist/tex/generic/pgf/frontendlayer/tikz/librarie
s/graphs/tikzlibrarygraphs.code.tex
File: tikzlibrarygraphs.code.tex 2023-01-15 v3.1.10 (3.1.10)
\tikz@lib@auto@number=\count339
\tikz@qnode@count=\count340
)
(/usr/local/texlive/2025/texmf-dist/tex/generic/pgf/frontendlayer/tikz/librarie
s/tikzlibraryquotes.code.tex
File: tikzlibraryquotes.code.tex 2023-01-15 v3.1.10 (3.1.10)
)
(/usr/local/texlive/2025/texmf-dist/tex/generic/pgf/frontendlayer/tikz/librarie
s/tikzlibraryspy.code.tex
File: tikzlibraryspy.code.tex 2023-01-15 v3.1.10 (3.1.10)
\tikz@lib@spybox=\box95
)
(/usr/local/texlive/2025/texmf-dist/tex/generic/pgf/frontendlayer/tikz/librarie
s/tikzlibrarybending.code.tex
File: tikzlibrarybending.code.tex 2023-01-15 v3.1.10 (3.1.10)

(/usr/local/texlive/2025/texmf-dist/tex/generic/pgf/modules/pgfmodulebending.co
de.tex
File: pgfmodulebending.code.tex 2023-01-15 v3.1.10 (3.1.10)

(/usr/local/texlive/2025/texmf-dist/tex/generic/pgf/modules/pgfmodulenonlineart
ransformations.code.tex
File: pgfmodulenonlineartransformations.code.tex 2023-01-15 v3.1.10 (3.1.10)
\pgftransformnonlinearflatness=\dimen294
)
(/usr/local/texlive/2025/texmf-dist/tex/generic/pgf/libraries/pgflibrarycurvili
near.code.tex
File: pgflibrarycurvilinear.code.tex 2023-01-15 v3.1.10 (3.1.10)
\pgf@curvilinear@time@a=\dimen295
\pgf@curvilinear@length@a=\dimen296
\pgf@curvilinear@length@b=\dimen297
\pgf@curvilinear@length@c=\dimen298
\pgf@curvilinear@length@d=\dimen299
)
\pgf@arrows@the@rigidity=\dimen300
))
(/usr/local/texlive/2025/texmf-dist/tex/generic/pgf/frontendlayer/tikz/librarie
s/tikzlibrarymath.code.tex
(/usr/local/texlive/2025/texmf-dist/tex/generic/pgf/frontendlayer/tikz/librarie
s/tikzlibraryfpu.code.tex)
\tikz@math@for@depth=\count341
\tikz@math@dimen=\dimen301
\tikz@math@toks=\toks42
)
(/usr/local/texlive/2025/texmf-dist/tex/latex/pgfplots/pgfplots.sty
(/usr/local/texlive/2025/texmf-dist/tex/generic/pgfplots/pgfplots.revision.tex)
Package: pgfplots 2021/05/15 v1.18.1 Data Visualization (1.18.1)
(/usr/local/texlive/2025/texmf-dist/tex/generic/pgfplots/pgfplots.code.tex
(/usr/local/texlive/2025/texmf-dist/tex/generic/pgfplots/pgfplotscore.code.tex
Package pgfplots info on input line 124: Initializing with LUA version Lua 5.3
\pgfplots@luabackend@table=\catcodetable16
\t@pgfplots@toka=\toks43
\t@pgfplots@tokb=\toks44
\t@pgfplots@tokc=\toks45
\pgfplots@tmpa=\dimen302
\c@pgfplots@coordindex=\count342
\c@pgfplots@scanlineindex=\count343

(/usr/local/texlive/2025/texmf-dist/tex/generic/pgfplots/sys/pgfplotssysgeneric
.code.tex))
(/usr/local/texlive/2025/texmf-dist/tex/generic/pgfplots/libs/pgfplotslibrary.c
ode.tex)
(/usr/local/texlive/2025/texmf-dist/tex/generic/pgfplots/oldpgfcompatib/pgfplot
soldpgfsupp_loader.code.tex
Package pgfplots: loading complementary utilities for your pgf version...
\t@pgf@toka=\toks46
\t@pgf@tokb=\toks47
\t@pgf@tokc=\toks48

(/usr/local/texlive/2025/texmf-dist/tex/generic/pgfplots/oldpgfcompatib/pgfplot
soldpgfsupp_pgfutil-common-lists.tex)
(/usr/local/texlive/2025/texmf-dist/tex/generic/pgf/libraries/luamath/pgflibrar
yluamath.code.tex)
Package pgfplots info on input line 290: luamath library shipped with pgf 3.1.1
0 is up-to-date
)
(/usr/local/texlive/2025/texmf-dist/tex/generic/pgfplots/util/pgfplotsutil.code
.tex
Package pgfplots info on input line 82: Found new luatex: initializing lua comm
ands instead of write18 (shell-escape)

(/usr/local/texlive/2025/texmf-dist/tex/generic/pgfplots/liststructure/pgfplots
liststructure.code.tex)
(/usr/local/texlive/2025/texmf-dist/tex/generic/pgfplots/liststructure/pgfplots
liststructureext.code.tex)
(/usr/local/texlive/2025/texmf-dist/tex/generic/pgfplots/liststructure/pgfplots
array.code.tex
\c@pgfplotsarray@tmp=\count344
)
(/usr/local/texlive/2025/texmf-dist/tex/generic/pgfplots/liststructure/pgfplots
matrix.code.tex)
(/usr/local/texlive/2025/texmf-dist/tex/generic/pgfplots/numtable/pgfplotstable
shared.code.tex
\c@pgfplotstable@counta=\count345
\t@pgfplotstable@a=\toks49
)
(/usr/local/texlive/2025/texmf-dist/tex/generic/pgfplots/liststructure/pgfplots
deque.code.tex)
(/usr/local/texlive/2025/texmf-dist/tex/generic/pgfplots/util/pgfplotsbinary.co
de.tex
(/usr/local/texlive/2025/texmf-dist/tex/generic/pgfplots/util/pgfplotsbinary.da
ta.code.tex))
(/usr/local/texlive/2025/texmf-dist/tex/generic/pgfplots/util/pgfplotsutil.verb
.code.tex)
(/usr/local/texlive/2025/texmf-dist/tex/generic/pgfplots/libs/pgflibrarypgfplot
s.surfshading.code.tex
\c@pgfplotslibrarysurf@no=\count346

(/usr/local/texlive/2025/texmf-dist/tex/generic/pgfplots/sys/pgflibrarypgfplots
.surfshading.pgfsys-luatex.def)))
(/usr/local/texlive/2025/texmf-dist/tex/generic/pgfplots/util/pgfplotscolormap.
code.tex
(/usr/local/texlive/2025/texmf-dist/tex/generic/pgfplots/util/pgfplotscolor.cod
e.tex))
(/usr/local/texlive/2025/texmf-dist/tex/generic/pgfplots/pgfplotsstackedplots.c
ode.tex)
(/usr/local/texlive/2025/texmf-dist/tex/generic/pgfplots/pgfplotsplothandlers.c
ode.tex
(/usr/local/texlive/2025/texmf-dist/tex/generic/pgfplots/pgfplotsmeshplothandle
r.code.tex
(/usr/local/texlive/2025/texmf-dist/tex/generic/pgfplots/pgfplotsmeshplotimage.
code.tex)))
(/usr/local/texlive/2025/texmf-dist/tex/generic/pgfplots/pgfplots.scaling.code.
tex)
(/usr/local/texlive/2025/texmf-dist/tex/generic/pgfplots/pgfplotscoordprocessin
g.code.tex)
(/usr/local/texlive/2025/texmf-dist/tex/generic/pgfplots/pgfplots.errorbars.cod
e.tex)
(/usr/local/texlive/2025/texmf-dist/tex/generic/pgfplots/pgfplots.markers.code.
tex)
(/usr/local/texlive/2025/texmf-dist/tex/generic/pgfplots/pgfplotsticks.code.tex
)
(/usr/local/texlive/2025/texmf-dist/tex/generic/pgfplots/pgfplots.paths.code.te
x)
(/usr/local/texlive/2025/texmf-dist/tex/generic/pgfplots/libs/tikzlibrarypgfplo
ts.contourlua.code.tex)
\pgfplots@numplots=\count347
\pgfplots@xmin@reg=\dimen303
\pgfplots@xmax@reg=\dimen304
\pgfplots@ymin@reg=\dimen305
\pgfplots@ymax@reg=\dimen306
\pgfplots@zmin@reg=\dimen307
\pgfplots@zmax@reg=\dimen308
)
(/usr/local/texlive/2025/texmf-dist/tex/generic/pgf/frontendlayer/tikz/librarie
s/tikzlibraryplotmarks.code.tex
File: tikzlibraryplotmarks.code.tex 2023-01-15 v3.1.10 (3.1.10)

(/usr/local/texlive/2025/texmf-dist/tex/generic/pgf/libraries/pgflibraryplotmar
ks.code.tex
File: pgflibraryplotmarks.code.tex 2023-01-15 v3.1.10 (3.1.10)
)))
(/usr/local/texlive/2025/texmf-dist/tex/generic/pgfplots/libs/tikzlibrarypgfplo
ts.fillbetween.code.tex
(/usr/local/texlive/2025/texmf-dist/tex/generic/pgfplots/pgfcontrib/tikzlibrary
fillbetween.code.tex
(/usr/local/texlive/2025/texmf-dist/tex/generic/pgfplots/pgfcontrib/tikzlibrary
decorations.softclip.code.tex
(/usr/local/texlive/2025/texmf-dist/tex/generic/pgfplots/pgfcontrib/pgflibraryf
illbetween.code.tex)))
(/usr/local/texlive/2025/texmf-dist/tex/generic/pgfplots/libs/tikzlibrarypgfplo
ts.decorations.softclip.code.tex))
(/usr/local/texlive/2025/texmf-dist/tex/generic/pgfplots/libs/tikzlibrarypgfplo
ts.groupplots.code.tex
\pgfplots@group@current@plot=\count348
\pgfplots@group@current@row=\count349
\pgfplots@group@current@column=\count350
)
(/usr/local/texlive/2025/texmf-dist/tex/generic/pgfplots/libs/tikzlibrarypgfplo
ts.colormaps.code.tex)
(/usr/local/texlive/2025/texmf-dist/tex/generic/pgfplots/libs/tikzlibrarypgfplo
ts.statistics.code.tex)
(/usr/local/texlive/2025/texmf-dist/tex/latex/booktabs/booktabs.sty
Package: booktabs 2020/01/12 v1.61803398 Publication quality tables
\heavyrulewidth=\dimen309
\lightrulewidth=\dimen310
\cmidrulewidth=\dimen311
\belowrulesep=\dimen312
\belowbottomsep=\dimen313
\aboverulesep=\dimen314
\abovetopsep=\dimen315
\cmidrulesep=\dimen316
\cmidrulekern=\dimen317
\defaultaddspace=\dimen318
\@cmidla=\count351
\@cmidlb=\count352
\@aboverulesep=\dimen319
\@belowrulesep=\dimen320
\@thisruleclass=\count353
\@lastruleclass=\count354
\@thisrulewidth=\dimen321
)
(/usr/local/texlive/2025/texmf-dist/tex/latex/tools/tabularx.sty
Package: tabularx 2023/12/11 v2.12a `tabularx' package (DPC)
\TX@col@width=\dimen322
\TX@old@table=\dimen323
\TX@old@col=\dimen324
\TX@target=\dimen325
\TX@delta=\dimen326
\TX@cols=\count355
\TX@ftn=\toks50
)
(/usr/local/texlive/2025/texmf-dist/tex/latex/multirow/multirow.sty
Package: multirow 2024/11/12 v2.9 Span multiple rows of a table
\multirow@colwidth=\skip62
\multirow@cntb=\count356
\multirow@dima=\skip63
\bigstrutjot=\dimen327
)
(/usr/local/texlive/2025/texmf-dist/tex/latex/tools/longtable.sty
Package: longtable 2024-10-27 v4.22 Multi-page Table package (DPC)
\LTleft=\skip64
\LTright=\skip65
\LTpre=\skip66
\LTpost=\skip67
\LTchunksize=\count357
\LTcapwidth=\dimen328
\LT@head=\box96
\LT@firsthead=\box97
\LT@foot=\box98
\LT@lastfoot=\box99
\LT@gbox=\box100
\LT@cols=\count358
\LT@rows=\count359
\c@LT@tables=\count360
\c@LT@chunks=\count361
\LT@p@ftn=\toks51
)
(/usr/local/texlive/2025/texmf-dist/tex/latex/enumitem/enumitem.sty
Package: enumitem 2025/02/06 v3.11 Customized lists
\labelindent=\skip68
\enit@outerparindent=\dimen329
\enit@toks=\toks52
\enit@inbox=\box101
\enit@count@id=\count362
\enitdp@description=\count363
)
(/usr/local/texlive/2025/texmf-dist/tex/latex/caption/caption.sty
Package: caption 2023/08/05 v3.6o Customizing captions (AR)

(/usr/local/texlive/2025/texmf-dist/tex/latex/caption/caption3.sty
Package: caption3 2023/07/31 v2.4d caption3 kernel (AR)
\caption@tempdima=\dimen330
\captionmargin=\dimen331
\caption@leftmargin=\dimen332
\caption@rightmargin=\dimen333
\caption@width=\dimen334
\caption@indent=\dimen335
\caption@parindent=\dimen336
\caption@hangindent=\dimen337
Package caption Info: Standard document class detected.
)
\c@caption@flags=\count364
\c@continuedfloat=\count365
Package caption Info: longtable package is loaded.

(/usr/local/texlive/2025/texmf-dist/tex/latex/caption/ltcaption.sty
Package: ltcaption 2021/01/08 v1.4c longtable captions (AR)
))
(/usr/local/texlive/2025/texmf-dist/tex/latex/caption/subcaption.sty
Package: subcaption 2023/07/28 v1.6b Sub-captions (AR)
Package caption Info: New subtype `subfigure' on input line 238.
\c@subfigure=\count366
Package caption Info: New subtype `subtable' on input line 238.
\c@subtable=\count367
)
(/usr/local/texlive/2025/texmf-dist/tex/latex/siunitx/siunitx.sty
Package: siunitx 2025-02-27 v3.4.6 A comprehensive (SI) units package
\l__siunitx_number_uncert_offset_int=\count368
\l__siunitx_number_exponent_fixed_int=\count369
\l__siunitx_number_min_decimal_int=\count370
\l__siunitx_number_min_integer_int=\count371
\l__siunitx_number_round_precision_int=\count372
\l__siunitx_number_lower_threshold_int=\count373
\l__siunitx_number_upper_threshold_int=\count374
\l__siunitx_number_group_first_int=\count375
\l__siunitx_number_group_size_int=\count376
\l__siunitx_number_group_minimum_int=\count377
\l__siunitx_angle_tmp_dim=\dimen338
\l__siunitx_angle_marker_box=\box102
\l__siunitx_angle_unit_box=\box103
\l__siunitx_compound_count_int=\count378

(/usr/local/texlive/2025/texmf-dist/tex/latex/translations/translations.sty
Package: translations 2022/02/05 v1.12 internationalization of LaTeX2e packages
 (CN)

(/usr/local/texlive/2025/texmf-dist/tex/generic/pdftexcmds/pdftexcmds.sty
Package: pdftexcmds 2020-06-27 v0.33 Utility functions of pdfTeX for LuaTeX (HO
)

(/usr/local/texlive/2025/texmf-dist/tex/generic/infwarerr/infwarerr.sty
Package: infwarerr 2019/12/03 v1.5 Providing info/warning/error messages (HO)
)
(/usr/local/texlive/2025/texmf-dist/tex/generic/ltxcmds/ltxcmds.sty
Package: ltxcmds 2023-12-04 v1.26 LaTeX kernel commands for general use (HO)
)
Package pdftexcmds Info: \pdf@primitive is available.
Package pdftexcmds Info: \pdf@ifprimitive is available.
Package pdftexcmds Info: \pdfdraftmode found.
\pdftexcmds@toks=\toks53
))
\l__siunitx_table_tmp_box=\box104
\l__siunitx_table_tmp_dim=\dimen339
\l__siunitx_table_column_width_dim=\dimen340
\l__siunitx_table_integer_box=\box105
\l__siunitx_table_decimal_box=\box106
\l__siunitx_table_uncert_box=\box107
\l__siunitx_table_before_box=\box108
\l__siunitx_table_after_box=\box109
\l__siunitx_table_before_dim=\dimen341
\l__siunitx_table_carry_dim=\dimen342
\l__siunitx_unit_tmp_int=\count379
\l__siunitx_unit_position_int=\count380
\l__siunitx_unit_total_int=\count381
)
(/usr/local/texlive/2025/texmf-dist/tex/latex/float/float.sty
Package: float 2001/11/08 v1.3d Float enhancements (AL)
\c@float@type=\count382
\float@exts=\toks54
\float@box=\box110
\@float@everytoks=\toks55
\@floatcapt=\box111
)
(/usr/local/texlive/2025/texmf-dist/tex/latex/wrapfig/wrapfig.sty
\wrapoverhang=\dimen343
\WF@size=\dimen344
\c@WF@wrappedlines=\count383
\WF@box=\box112
\WF@everypar=\toks56
Package: wrapfig 2003/01/31  v 3.6
)
(/usr/local/texlive/2025/texmf-dist/tex/latex/marginnote/marginnote.sty
Package: marginnote 2018/08/09 1.4b non floating margin notes for LaTeX
\c@mn@abspage=\count384
)
(/usr/local/texlive/2025/texmf-dist/tex/latex/pdfpages/pdfpages.sty
Package: pdfpages 2025/01/30 v0.6e Insert pages of external PDF documents (AM)

(/usr/local/texlive/2025/texmf-dist/tex/latex/base/ifthen.sty
Package: ifthen 2024/03/16 v1.1e Standard LaTeX ifthen package (DPC)
)
(/usr/local/texlive/2025/texmf-dist/tex/latex/eso-pic/eso-pic.sty
Package: eso-pic 2023/05/03 v3.0c eso-pic (RN)
\ESO@tempdima=\dimen345
\ESO@tempdimb=\dimen346
)
\AM@pagewidth=\dimen347
\AM@pageheight=\dimen348
\AM@fboxrule=\dimen349

(/usr/local/texlive/2025/texmf-dist/tex/latex/pdfpages/ppluatex.def
File: ppluatex.def 2025/01/30 v0.6e Pdfpages driver for LuaTeX (AM)
)
\pdfpages@includegraphics@status=\count385
\AM@pagebox=\box113
\AM@global@opts=\toks57
\AM@pagecnt=\count386
\AM@toc@title=\toks58
\AM@lof@heading=\toks59
\c@AM@survey=\count387
\AM@templatesizebox=\box114
)
(/usr/local/texlive/2025/texmf-dist/tex/latex/tools/multicol.sty
Package: multicol 2024/09/14 v1.9i multicolumn formatting (FMi)
\c@tracingmulticols=\count388
\mult@box=\box115
\multicol@leftmargin=\dimen350
\c@unbalance=\count389
\c@collectmore=\count390
\doublecol@number=\count391
\multicoltolerance=\count392
\multicolpretolerance=\count393
\full@width=\dimen351
\page@free=\dimen352
\premulticols=\dimen353
\postmulticols=\dimen354
\multicolsep=\skip69
\multicolbaselineskip=\skip70
\partial@page=\box116
\last@line=\box117
\mc@boxedresult=\box118
\maxbalancingoverflow=\dimen355
\mult@rightbox=\box119
\mult@grightbox=\box120
\mult@firstbox=\box121
\mult@gfirstbox=\box122
\@tempa=\box123
\@tempa=\box124
\@tempa=\box125
\@tempa=\box126
\@tempa=\box127
\@tempa=\box128
\@tempa=\box129
\@tempa=\box130
\@tempa=\box131
\@tempa=\box132
\@tempa=\box133
\@tempa=\box134
\@tempa=\box135
\@tempa=\box136
\@tempa=\box137
\@tempa=\box138
\@tempa=\box139
\@tempa=\box140
\@tempa=\box141
\@tempa=\box142
\@tempa=\box143
\@tempa=\box144
\@tempa=\box145
\@tempa=\box146
\@tempa=\box147
\@tempa=\box148
\@tempa=\box149
\@tempa=\box150
\@tempa=\box151
\@tempa=\box152
\@tempa=\box153
\@tempa=\box154
\@tempa=\box155
\@tempa=\box156
\@tempa=\box157
\@tempa=\box158
\c@minrows=\count394
\c@columnbadness=\count395
\c@finalcolumnbadness=\count396
\last@try=\dimen356
\multicolovershoot=\dimen357
\multicolundershoot=\dimen358
\mult@nat@firstbox=\box159
\colbreak@box=\box160
\mc@col@check@num=\count397
)
(/usr/local/texlive/2025/texmf-dist/tex/latex/tools/afterpage.sty
Package: afterpage 2023/07/04 v1.08 After-Page Package (DPC)
\AP@output=\toks60
\AP@partial=\box161
\AP@footins=\box162
)
(/usr/local/texlive/2025/texmf-dist/tex/latex/lipsum/lipsum.sty
Package: lipsum 2021-09-20 v2.7 150 paragraphs of Lorem Ipsum dummy text
\g__lipsum_par_int=\count398
\l__lipsum_a_int=\count399
\l__lipsum_b_int=\count400

(/usr/local/texlive/2025/texmf-dist/tex/latex/lipsum/lipsum.ltd.tex))
(/usr/local/texlive/2025/texmf-dist/tex/latex/emptypage/emptypage.sty
Package: emptypage 2010/05/30 v1.2 Suppress page numbers and headings on empty 
pages
)
(/usr/local/texlive/2025/texmf-dist/tex/latex/tcolorbox/tcolorbox.sty
Package: tcolorbox 2024/10/22 version 6.4.1 text color boxes

(/usr/local/texlive/2025/texmf-dist/tex/latex/tools/verbatim.sty
Package: verbatim 2024-01-22 v1.5x LaTeX2e package for verbatim enhancements
\every@verbatim=\toks61
\verbatim@line=\toks62
\verbatim@in@stream=\read4
)
(/usr/local/texlive/2025/texmf-dist/tex/latex/environ/environ.sty
Package: environ 2014/05/04 v0.3 A new way to define environments

(/usr/local/texlive/2025/texmf-dist/tex/latex/trimspaces/trimspaces.sty
Package: trimspaces 2009/09/17 v1.1 Trim spaces around a token list
))
\tcb@titlebox=\box163
\tcb@upperbox=\box164
\tcb@lowerbox=\box165
\tcb@phantombox=\box166
\c@tcbbreakpart=\count401
\c@tcblayer=\count402
\c@tcolorbox@number=\count403
\l__tcobox_tmpa_box=\box167
\l__tcobox_tmpa_dim=\dimen359
\tcb@temp=\box168
\tcb@temp=\box169
\tcb@temp=\box170
\tcb@temp=\box171

(/usr/local/texlive/2025/texmf-dist/tex/latex/tcolorbox/tcbraster.code.tex
Library (tcolorbox): 'tcbraster.code.tex' version '6.4.1'
\c@tcbrastercolumn=\count404
\c@tcbrasterrow=\count405
\c@tcbrasternum=\count406
\c@tcbraster=\count407
) (/usr/local/texlive/2025/texmf-dist/tex/latex/tcolorbox/tcbskins.code.tex
Library (tcolorbox): 'tcbskins.code.tex' version '6.4.1'
(/usr/local/texlive/2025/texmf-dist/tex/latex/tikzfill/tikzfill.image.sty
Package: tikzfill.image 2023/08/08 v1.0.1 Image filling library for TikZ

(/usr/local/texlive/2025/texmf-dist/tex/latex/tikzfill/tikzfill-common.sty
Package: tikzfill-common 2023/08/08 v1.0.1 Auxiliary code for tikzfill
)
(/usr/local/texlive/2025/texmf-dist/tex/latex/tikzfill/tikzlibraryfill.image.co
de.tex
File: tikzlibraryfill.image.code.tex 2023/08/08 v1.0.1 Image filling library
\l__tikzfill_img_box=\box172
))
(/usr/local/texlive/2025/texmf-dist/tex/latex/tcolorbox/tcbskinsjigsaw.code.tex
Library (tcolorbox): 'tcbskinsjigsaw.code.tex' version '6.4.1'
))
(/usr/local/texlive/2025/texmf-dist/tex/latex/tcolorbox/tcbbreakable.code.tex
Library (tcolorbox): 'tcbbreakable.code.tex' version '6.4.1'
(/usr/local/texlive/2025/texmf-dist/tex/latex/pdfcol/pdfcol.sty
Package: pdfcol 2022-09-21 v1.7 Handle new color stacks for pdfTeX (HO)
)
Package pdfcol Info: New color stack `tcb@breakable' = 1 on input line 23.
\tcb@testbox=\box173
\tcb@totalupperbox=\box174
\tcb@totallowerbox=\box175

(/usr/local/texlive/2025/texmf-dist/tex/generic/iftex/ifluatex.sty
Package: ifluatex 2019/10/25 v1.5 ifluatex legacy package. Use iftex instead.
))
(/usr/local/texlive/2025/texmf-dist/tex/latex/tcolorbox/tcbhooks.code.tex
Library (tcolorbox): 'tcbhooks.code.tex' version '6.4.1'
) (/usr/local/texlive/2025/texmf-dist/tex/latex/tcolorbox/tcbtheorems.code.tex
Library (tcolorbox): 'tcbtheorems.code.tex' version '6.4.1'
) (/usr/local/texlive/2025/texmf-dist/tex/latex/tcolorbox/tcbfitting.code.tex
Library (tcolorbox): 'tcbfitting.code.tex' version '6.4.1'
\tcbfitdim=\dimen360
\tcb@lowerfitdim=\dimen361
\tcb@upperfitdim=\dimen362
\tcb@cur@hbadness=\count408
)
(/usr/local/texlive/2025/texmf-dist/tex/latex/tcolorbox/tcblistingsutf8.code.te
x
Library (tcolorbox): 'tcblistingsutf8.code.tex' version '6.4.1'
(/usr/local/texlive/2025/texmf-dist/tex/latex/tcolorbox/tcblistings.code.tex
Library (tcolorbox): 'tcblistings.code.tex' version '6.4.1'
(/usr/local/texlive/2025/texmf-dist/tex/latex/listings/listings.sty
\lst@mode=\count409
\lst@gtempboxa=\box176
\lst@token=\toks63
\lst@length=\count410
\lst@currlwidth=\dimen363
\lst@column=\count411
\lst@pos=\count412
\lst@lostspace=\dimen364
\lst@width=\dimen365
\lst@newlines=\count413
\lst@lineno=\count414
\lst@maxwidth=\dimen366

(/usr/local/texlive/2025/texmf-dist/tex/latex/listings/lstpatch.sty
File: lstpatch.sty 2024/09/23 1.10c (Carsten Heinz)
)
(/usr/local/texlive/2025/texmf-dist/tex/latex/listings/lstmisc.sty
File: lstmisc.sty 2024/09/23 1.10c (Carsten Heinz)
\c@lstnumber=\count415
\lst@skipnumbers=\count416
\lst@framebox=\box177
)
(/usr/local/texlive/2025/texmf-dist/tex/latex/listings/listings.cfg
File: listings.cfg 2024/09/23 1.10c listings configuration
))
Package: listings 2024/09/23 1.10c (Carsten Heinz)

(/usr/local/texlive/2025/texmf-dist/tex/latex/tcolorbox/tcblistingscore.code.te
x
Library (tcolorbox): 'tcblistingscore.code.tex' version '6.4.1'
(/usr/local/texlive/2025/texmf-dist/tex/latex/tcolorbox/tcbprocessing.code.tex
Library (tcolorbox): 'tcbprocessing.code.tex' version '6.4.1'
)
\c@tcblisting=\count417
))
Package tcolorbox Info: Library `listingsutf8' is compatible with pdftex only. 
Library `listings` is loaded instead. on input line 29.
)
(/usr/local/texlive/2025/texmf-dist/tex/latex/tcolorbox/tcbexternal.code.tex
Library (tcolorbox): 'tcbexternal.code.tex' version '6.4.1'
) (/usr/local/texlive/2025/texmf-dist/tex/latex/tcolorbox/tcbmagazine.code.tex
Library (tcolorbox): 'tcbmagazine.code.tex' version '6.4.1'
) (/usr/local/texlive/2025/texmf-dist/tex/latex/tcolorbox/tcbvignette.code.tex
Library (tcolorbox): 'tcbvignette.code.tex' version '6.4.1'
) (/usr/local/texlive/2025/texmf-dist/tex/latex/tcolorbox/tcbposter.code.tex
Library (tcolorbox): 'tcbposter.code.tex' version '6.4.1'
) (/usr/local/texlive/2025/texmf-dist/tex/latex/tcolorbox/tcbminted.code.tex
Library (tcolorbox): 'tcbminted.code.tex' version '6.4.1'
(/usr/local/texlive/2025/texmf-dist/tex/latex/minted/minted.sty
Package: minted 2025/03/06 v3.6.0 Yet another Pygments shim for LaTeX

(/usr/local/texlive/2025/texmf-dist/tex/generic/catchfile/catchfile.sty
Package: catchfile 2019/12/09 v1.8 Catch the contents of a file (HO)

(/usr/local/texlive/2025/texmf-dist/tex/generic/etexcmds/etexcmds.sty
Package: etexcmds 2019/12/15 v1.7 Avoid name clashes with e-TeX commands (HO)
))
(/usr/local/texlive/2025/texmf-dist/tex/latex/fvextra/fvextra.sty
Package: fvextra 2025/03/04 v1.12.0 fvextra - extensions and patches for fancyv
rb

(/usr/local/texlive/2025/texmf-dist/tex/latex/fancyvrb/fancyvrb.sty
Package: fancyvrb 2024/01/20 4.5c verbatim text (tvz,hv)
\FV@CodeLineNo=\count418
\FV@InFile=\read5
\FV@TabBox=\box178
\c@FancyVerbLine=\count419
\FV@StepNumber=\count420
\FV@OutFile=\write4
)
(/usr/local/texlive/2025/texmf-dist/tex/latex/upquote/upquote.sty
Package: upquote 2012/04/19 v1.3 upright-quote and grave-accent glyphs in verba
tim

(/usr/local/texlive/2025/texmf-dist/tex/latex/base/textcomp.sty
Package: textcomp 2024/04/24 v2.1b Standard LaTeX package
))
(/usr/local/texlive/2025/texmf-dist/tex/latex/lineno/lineno.sty
Package: lineno 2025/01/29 line numbers on paragraphs v5.4

(/usr/local/texlive/2025/texmf-dist/tex/latex/kvoptions/kvoptions.sty
Package: kvoptions 2022-06-15 v3.15 Key value format for package options (HO)

(/usr/local/texlive/2025/texmf-dist/tex/latex/kvsetkeys/kvsetkeys.sty
Package: kvsetkeys 2022-10-05 v1.19 Key value parser (HO)
))
\linenopenalty=\count421
\output=\toks64
\linenoprevgraf=\count422
\linenumbersep=\dimen367
\linenumberwidth=\dimen368
\c@linenumber=\count423
\c@pagewiselinenumber=\count424
\c@LN@truepage=\count425
\c@internallinenumber=\count426
\c@internallinenumbers=\count427
\quotelinenumbersep=\dimen369
\bframerule=\dimen370
\bframesep=\dimen371
\bframebox=\box179
\@LN@amsmath@ams@eqpen=\count428


LaTeX Warning: Command \@parboxrestore  has changed.
               Check if current package is valid.

LaTeX Info: Redefining \\ on input line 3187.
)

Package fvextra Warning: csquotes should be loaded after fvextra, to avoid a wa
rning from the lineno package on input line 37.

\c@FancyVerbWriteLine=\count429
\c@FancyVerbBufferLine=\count430
\c@FV@TrueTabGroupLevel=\count431
\c@FV@TrueTabCounter=\count432
\FV@TabBox@Group=\box180
\FV@bgcolorstructbox=\box181
\FV@TmpLength=\skip71
\c@FV@HighlightLinesStart=\count433
\c@FV@HighlightLinesStop=\count434
\FV@LoopCount=\count435
\FV@NCharsBox=\box182
\FV@BreakIndent=\dimen372
\FV@BreakIndentNChars=\count436
\FV@BreakSymbolSepLeft=\dimen373
\FV@BreakSymbolSepLeftNChars=\count437
\FV@BreakSymbolSepRight=\dimen374
\FV@BreakSymbolSepRightNChars=\count438
\FV@BreakSymbolIndentLeft=\dimen375
\FV@BreakSymbolIndentLeftNChars=\count439
\FV@BreakSymbolIndentRight=\dimen376
\FV@BreakSymbolIndentRightNChars=\count440
\c@FancyVerbLineBreakLast=\count441
\FV@LineBox=\box183
\FV@LineIndentBox=\box184
\c@FV@BreakBufferDepth=\count442
\FV@LineWidth=\dimen377
) (/usr/local/texlive/2025/texmf-dist/tex/latex/latex2pydata/latex2pydata.sty
Package: latex2pydata 2025/03/03 v0.5.0 latex2pydata - write data to file in Py
thon literal format
)
(/usr/local/texlive/2025/texmf-dist/tex/latex/pgfopts/pgfopts.sty
Package: pgfopts 2014/07/10 v2.1a LaTeX package options with pgfkeys
\pgfopts@list@add@a@toks=\toks65
\pgfopts@list@add@b@toks=\toks66
)
(/usr/local/texlive/2025/texmf-dist/tex/latex/tools/shellesc.sty
Package: shellesc 2023/07/08 v1.0d unified shell escape interface for LaTeX
Package shellesc Info: Unrestricted shell escape enabled on input line 75.
)
\c@minted@FancyVerbLineTemp=\count443
\@float@every@listing=\toks67
\c@listing=\count444
)))
\c@tcb@cnt@definicion=\count445
\c@tcb@cnt@teorema=\count446
\c@tcb@cnt@ejemplo=\count447
\c@ejerciciolisti=\count448
\enitdp@ejerciciolist=\count449

(/usr/local/texlive/2025/texmf-dist/tex/latex/fontawesome5/fontawesome5.sty
Package: fontawesome5 2022/05/02 v5.15.4 Font Awesome 5

(/usr/local/texlive/2025/texmf-dist/tex/latex/fontawesome5/fontawesome5-utex-he
lper.sty
Package: fontawesome5-utex-helper 2022/05/02 v5.15.4 uTeX helper for fontawesom
e5

(/usr/local/texlive/2025/texmf-dist/tex/luatex/luatexbase/luatexbase.sty
Package: luatexbase 2015/10/04 v1.3 luatexbase interface to LuaTeX 

(/usr/local/texlive/2025/texmf-dist/tex/luatex/ctablestack/ctablestack.sty
Package: ctablestack 2015/10/01 v1.0 Catcode table stable support
\@catcodetablestackcnt=\count450
)
\CatcodeTableOther=\catcodetable17
\CatcodeTableExpl=\catcodetable18
)
LaTeX Font Info:    Trying to load font information for TU+fontawesomefree on i
nput line 69.

(/usr/local/texlive/2025/texmf-dist/tex/latex/fontawesome5/tufontawesomefree.fd
)
LaTeX Font Info:    Trying to load font information for TU+fontawesomebrands on
 input line 70.

(/usr/local/texlive/2025/texmf-dist/tex/latex/fontawesome5/tufontawesomebrands.
fd))) (/usr/local/texlive/2025/texmf-dist/tex/latex/titlesec/titlesec.sty
Package: titlesec 2025/01/04 v2.17 Sectioning titles
\ttl@box=\box185
\beforetitleunit=\skip72
\aftertitleunit=\skip73
\ttl@plus=\dimen378
\ttl@minus=\dimen379
\ttl@toksa=\toks68
\titlewidth=\dimen380
\titlewidthlast=\dimen381
\titlewidthfirst=\dimen382
)
\c@ttlp@side=\count451
\ttlp@side=\count452

(/usr/local/texlive/2025/texmf-dist/tex/latex/fancyhdr/fancyhdr.sty
Package: fancyhdr 2025/02/07 v5.2 Extensive control of page headers and footers

\f@nch@headwidth=\skip74
\f@nch@offset@elh=\skip75
\f@nch@offset@erh=\skip76
\f@nch@offset@olh=\skip77
\f@nch@offset@orh=\skip78
\f@nch@offset@elf=\skip79
\f@nch@offset@erf=\skip80
\f@nch@offset@olf=\skip81
\f@nch@offset@orf=\skip82
\f@nch@height=\skip83
\f@nch@footalignment=\skip84
\f@nch@widthL=\skip85
\f@nch@widthC=\skip86
\f@nch@widthR=\skip87
\@temptokenb=\toks69
)
(/usr/local/texlive/2025/texmf-dist/tex/latex/titlesec/titletoc.sty
Package: titletoc 2025/01/04 v2.17 TOC entries
\ttl@leftsep=\dimen383
)
(/usr/local/texlive/2025/texmf-dist/tex/latex/biblatex/biblatex.sty
Package: biblatex 2024/03/21 v3.20 programmable bibliographies (PK/MW)

(/usr/local/texlive/2025/texmf-dist/tex/latex/logreq/logreq.sty
Package: logreq 2010/08/04 v1.0 xml request logger
\lrq@indent=\count453

(/usr/local/texlive/2025/texmf-dist/tex/latex/logreq/logreq.def
File: logreq.def 2010/08/04 v1.0 logreq spec v1.0
))
(/usr/local/texlive/2025/texmf-dist/tex/latex/url/url.sty
\Urlmuskip=\muskip19
Package: url 2013/09/16  ver 3.4  Verb mode for urls, etc.
)
\c@tabx@nest=\count454
\c@listtotal=\count455
\c@listcount=\count456
\c@liststart=\count457
\c@liststop=\count458
\c@citecount=\count459
\c@citetotal=\count460
\c@multicitecount=\count461
\c@multicitetotal=\count462
\c@instcount=\count463
\c@maxnames=\count464
\c@minnames=\count465
\c@maxitems=\count466
\c@minitems=\count467
\c@citecounter=\count468
\c@maxcitecounter=\count469
\c@savedcitecounter=\count470
\c@uniquelist=\count471
\c@uniquename=\count472
\c@refsection=\count473
\c@refsegment=\count474
\c@maxextratitle=\count475
\c@maxextratitleyear=\count476
\c@maxextraname=\count477
\c@maxextradate=\count478
\c@maxextraalpha=\count479
\c@abbrvpenalty=\count480
\c@highnamepenalty=\count481
\c@lownamepenalty=\count482
\c@maxparens=\count483
\c@parenlevel=\count484
\blx@tempcnta=\count485
\blx@tempcntb=\count486
\blx@tempcntc=\count487
\c@blx@maxsection=\count488
\blx@maxsegment@0=\count489
\blx@notetype=\count490
\blx@parenlevel@text=\count491
\blx@parenlevel@foot=\count492
\blx@sectionciteorder@0=\count493
\blx@sectionciteorderinternal@0=\count494
\blx@entrysetcounter=\count495
\blx@biblioinstance=\count496
\labelnumberwidth=\skip88
\labelalphawidth=\skip89
\biblabelsep=\skip90
\bibitemsep=\skip91
\bibnamesep=\skip92
\bibinitsep=\skip93
\bibparsep=\skip94
\bibhang=\skip95
\blx@bcfin=\read6
\blx@bcfout=\write5
\blx@langwohyphens=\language92
\c@mincomprange=\count497
\c@maxcomprange=\count498
\c@mincompwidth=\count499
Package biblatex Info: Trying to load biblatex default data model...
Package biblatex Info: ... file 'blx-dm.def' found.

(/usr/local/texlive/2025/texmf-dist/tex/latex/biblatex/blx-dm.def
File: blx-dm.def 2024/03/21 v3.20 biblatex datamodel (PK/MW)
)
Package biblatex Info: Trying to load biblatex style data model...
Package biblatex Info: ... file 'apa.dbx' found.

(/usr/local/texlive/2025/texmf-dist/tex/latex/biblatex-apa/apa.dbx
File: apa.dbx 2023/03/20 v9.17 APA biblatex style data model
)
Package biblatex Info: Trying to load biblatex custom data model...
Package biblatex Info: ... file 'biblatex-dm.cfg' not found.
\c@afterword=\count500
\c@savedafterword=\count501
\c@annotator=\count502
\c@savedannotator=\count503
\c@author=\count504
\c@savedauthor=\count505
\c@bookauthor=\count506
\c@savedbookauthor=\count507
\c@commentator=\count508
\c@savedcommentator=\count509
\c@editor=\count510
\c@savededitor=\count511
\c@editora=\count512
\c@savededitora=\count513
\c@editorb=\count514
\c@savededitorb=\count515
\c@editorc=\count516
\c@savededitorc=\count517
\c@foreword=\count518
\c@savedforeword=\count519
\c@holder=\count520
\c@savedholder=\count521
\c@introduction=\count522
\c@savedintroduction=\count523
\c@namea=\count524
\c@savednamea=\count525
\c@nameb=\count526
\c@savednameb=\count527
\c@namec=\count528
\c@savednamec=\count529
\c@translator=\count530
\c@savedtranslator=\count531
\c@shortauthor=\count532
\c@savedshortauthor=\count533
\c@shorteditor=\count534
\c@savedshorteditor=\count535
\c@narrator=\count536
\c@savednarrator=\count537
\c@execproducer=\count538
\c@savedexecproducer=\count539
\c@execdirector=\count540
\c@savedexecdirector=\count541
\c@with=\count542
\c@savedwith=\count543
\c@labelname=\count544
\c@savedlabelname=\count545
\c@institution=\count546
\c@savedinstitution=\count547
\c@lista=\count548
\c@savedlista=\count549
\c@listb=\count550
\c@savedlistb=\count551
\c@listc=\count552
\c@savedlistc=\count553
\c@listd=\count554
\c@savedlistd=\count555
\c@liste=\count556
\c@savedliste=\count557
\c@listf=\count558
\c@savedlistf=\count559
\c@location=\count560
\c@savedlocation=\count561
\c@organization=\count562
\c@savedorganization=\count563
\c@origlocation=\count564
\c@savedoriglocation=\count565
\c@origpublisher=\count566
\c@savedorigpublisher=\count567
\c@publisher=\count568
\c@savedpublisher=\count569
\c@language=\count570
\c@savedlanguage=\count571
\c@origlanguage=\count572
\c@savedoriglanguage=\count573
\c@citation=\count574
\c@savedcitation=\count575
\c@pageref=\count576
\c@savedpageref=\count577
\shorthandwidth=\skip96
\shortjournalwidth=\skip97
\shortserieswidth=\skip98
\shorttitlewidth=\skip99
\shortauthorwidth=\skip100
\shorteditorwidth=\skip101
\locallabelnumberwidth=\skip102
\locallabelalphawidth=\skip103
\localshorthandwidth=\skip104
\localshortjournalwidth=\skip105
\localshortserieswidth=\skip106
\localshorttitlewidth=\skip107
\localshortauthorwidth=\skip108
\localshorteditorwidth=\skip109
Package biblatex Info: Trying to load enhanced support for Unicode engines...
Package biblatex Info: ... file 'blx-unicode.def' found.

(/usr/local/texlive/2025/texmf-dist/tex/latex/biblatex/blx-unicode.def)
Package biblatex Info: Trying to load compatibility code...
Package biblatex Info: ... file 'blx-compat.def' found.

(/usr/local/texlive/2025/texmf-dist/tex/latex/biblatex/blx-compat.def
File: blx-compat.def 2024/03/21 v3.20 biblatex compatibility (PK/MW)
)
Package biblatex Info: Trying to load generic definitions...
Package biblatex Info: ... file 'biblatex.def' found.

(/usr/local/texlive/2025/texmf-dist/tex/latex/biblatex/biblatex.def
File: biblatex.def 2024/03/21 v3.20 biblatex compatibility (PK/MW)
\c@textcitecount=\count578
\c@textcitetotal=\count579
\c@textcitemaxnames=\count580
\c@biburlbigbreakpenalty=\count581
\c@biburlbreakpenalty=\count582
\c@biburlnumpenalty=\count583
\c@biburlucpenalty=\count584
\c@biburllcpenalty=\count585
\biburlbigskip=\muskip20
\biburlnumskip=\muskip21
\biburlucskip=\muskip22
\biburllcskip=\muskip23
\c@smartand=\count586
)
Package biblatex Info: Trying to load bibliography style 'apa'...
Package biblatex Info: ... file 'apa.bbx' found.

(/usr/local/texlive/2025/texmf-dist/tex/latex/biblatex-apa/apa.bbx
File: apa.bbx 2023/03/20 v9.17 APA biblatex references style
Package biblatex Info: Trying to load bibliography style 'standard'...
Package biblatex Info: ... file 'standard.bbx' found.

(/usr/local/texlive/2025/texmf-dist/tex/latex/biblatex/bbx/standard.bbx
File: standard.bbx 2024/03/21 v3.20 biblatex bibliography style (PK/MW)
\c@bbx:relatedcount=\count587
\c@bbx:relatedtotal=\count588
)
Package biblatex Info: Delimiter 'nameyeardelim' in context 'bib' already defin
ed, overwriting.
Package biblatex Info: Delimiter 'nameyeardelim' in context 'biblist' already d
efined, overwriting.
Package biblatex Info: Delimiter 'nonameyeardelim' in context 'bib' already def
ined, overwriting.
Package biblatex Info: Delimiter 'nonameyeardelim' in context 'biblist' already
 defined, overwriting.
)
Package biblatex Info: Trying to load citation style 'apa'...
Package biblatex Info: ... file 'apa.cbx' found.

(/usr/local/texlive/2025/texmf-dist/tex/latex/biblatex-apa/apa.cbx
File: apa.cbx 2023/03/20 v9.17 APA biblatex citation style
Package biblatex Info: Delimiter 'nameyeardelim' in context '' already defined,
 overwriting.
Package biblatex Info: Delimiter 'andothersdelim' in context '' already defined
, overwriting.
Package biblatex Info: Redefining '\fullcite'.
Package biblatex Info: Redefining '\citeauthor'.
Package biblatex Info: Redefining '\citeyear'.
Package biblatex Info: Redefining '\cite'.
Package biblatex Info: Redefining '\cites'.
Package biblatex Info: Redefining '\parencite'.
Package biblatex Info: Redefining '\parencites'.
Package biblatex Info: Redefining '\footcite'.
Package biblatex Info: Redefining '\footcites'.
Package biblatex Info: Redefining '\footcitetext'.
Package biblatex Info: Redefining '\footcitetexts'.
Package biblatex Info: Redefining '\smartcite'.
Package biblatex Info: Redefining '\smartcites'.
Package biblatex Info: Redefining '\textcite'.
Package biblatex Info: Redefining '\textcites'.
Lua function BLTXAPAifInParensTF = 30)
Package biblatex Info: Trying to load configuration file...
Package biblatex Info: ... file 'biblatex.cfg' found.

(/usr/local/texlive/2025/texmf-dist/tex/latex/biblatex/biblatex.cfg
File: biblatex.cfg 
)
Package biblatex Info: LuaTeX detected.
(biblatex)             Assuming input encoding 'utf8'.
Package biblatex Info: Document encoding is UTF8 ....
Package biblatex Info: ... and expl3
(biblatex)             2025-01-18 L3 programming layer (loader) 
(biblatex)             is new enough (at least 2020/04/06),
(biblatex)             setting 'casechanger=expl3'.

(/usr/local/texlive/2025/texmf-dist/tex/latex/biblatex/blx-case-expl3.sty
Package: blx-case-expl3 2024/03/21 v3.20 expl3 case changing code for biblatex
))
(/usr/local/texlive/2025/texmf-dist/tex/latex/hyperref/hyperref.sty
Package: hyperref 2024-11-05 v7.01l Hypertext links for LaTeX

(/usr/local/texlive/2025/texmf-dist/tex/generic/kvdefinekeys/kvdefinekeys.sty
Package: kvdefinekeys 2019-12-19 v1.6 Define keys (HO)
)
(/usr/local/texlive/2025/texmf-dist/tex/generic/pdfescape/pdfescape.sty
Package: pdfescape 2019/12/09 v1.15 Implements pdfTeX's escape features (HO)
)
(/usr/local/texlive/2025/texmf-dist/tex/latex/hycolor/hycolor.sty
Package: hycolor 2020-01-27 v1.10 Color options for hyperref/bookmark (HO)
)
(/usr/local/texlive/2025/texmf-dist/tex/latex/hyperref/nameref.sty
Package: nameref 2023-11-26 v2.56 Cross-referencing by name of section

(/usr/local/texlive/2025/texmf-dist/tex/latex/refcount/refcount.sty
Package: refcount 2019/12/15 v3.6 Data extraction from label references (HO)
)
(/usr/local/texlive/2025/texmf-dist/tex/generic/gettitlestring/gettitlestring.s
ty
Package: gettitlestring 2019/12/15 v1.6 Cleanup title references (HO)
)
\c@section@level=\count589
) (/usr/local/texlive/2025/texmf-dist/tex/generic/stringenc/stringenc.sty
Package: stringenc 2019/11/29 v1.12 Convert strings between diff. encodings (HO
)
)
\@linkdim=\dimen384
\Hy@linkcounter=\count590
\Hy@pagecounter=\count591

(/usr/local/texlive/2025/texmf-dist/tex/latex/hyperref/pd1enc.def
File: pd1enc.def 2024-11-05 v7.01l Hyperref: PDFDocEncoding definition (HO)
)
(/usr/local/texlive/2025/texmf-dist/tex/generic/intcalc/intcalc.sty
Package: intcalc 2019/12/15 v1.3 Expandable calculations with integers (HO)
)
\Hy@SavedSpaceFactor=\count592

(/usr/local/texlive/2025/texmf-dist/tex/latex/hyperref/puenc.def
File: puenc.def 2024-11-05 v7.01l Hyperref: PDF Unicode definition (HO)
)
Package hyperref Info: Option `bookmarksnumbered' set `true' on input line 4040
.
Package hyperref Info: Option `unicode' set `true' on input line 4040.
Package hyperref Info: Hyper figures OFF on input line 4157.
Package hyperref Info: Link nesting OFF on input line 4162.
Package hyperref Info: Hyper index ON on input line 4165.
Package hyperref Info: Plain pages OFF on input line 4172.
Package hyperref Info: Backreferencing OFF on input line 4177.
Package hyperref Info: Implicit mode ON; LaTeX internals redefined.
Package hyperref Info: Bookmarks ON on input line 4424.
\c@Hy@tempcnt=\count593
LaTeX Info: Redefining \url on input line 4763.
\XeTeXLinkMargin=\dimen385

(/usr/local/texlive/2025/texmf-dist/tex/generic/bitset/bitset.sty
Package: bitset 2019/12/09 v1.3 Handle bit-vector datatype (HO)

(/usr/local/texlive/2025/texmf-dist/tex/generic/bigintcalc/bigintcalc.sty
Package: bigintcalc 2019/12/15 v1.5 Expandable calculations on big integers (HO
)
))
\Fld@menulength=\count594
\Field@Width=\dimen386
\Fld@charsize=\dimen387
Package hyperref Info: Hyper figures OFF on input line 6042.
Package hyperref Info: Link nesting OFF on input line 6047.
Package hyperref Info: Hyper index ON on input line 6050.
Package hyperref Info: backreferencing OFF on input line 6057.
Package hyperref Info: Link coloring OFF on input line 6062.
Package hyperref Info: Link coloring with OCG OFF on input line 6067.
Package hyperref Info: PDF/A mode OFF on input line 6072.

(/usr/local/texlive/2025/texmf-dist/tex/latex/base/atbegshi-ltx.sty
Package: atbegshi-ltx 2021/01/10 v1.0c Emulation of the original atbegshi
package with kernel methods
)
\Hy@abspage=\count595
\c@Item=\count596
\c@Hfootnote=\count597
)
Package hyperref Info: Driver (autodetected): hluatex.

(/usr/local/texlive/2025/texmf-dist/tex/latex/hyperref/hluatex.def
File: hluatex.def 2024-11-05 v7.01l Hyperref driver for luaTeX

(/usr/local/texlive/2025/texmf-dist/tex/latex/base/atveryend-ltx.sty
Package: atveryend-ltx 2020/08/19 v1.0a Emulation of the original atveryend pac
kage
with kernel methods
)
\Fld@listcount=\count598
\c@bookmark@seq@number=\count599

(/usr/local/texlive/2025/texmf-dist/tex/latex/rerunfilecheck/rerunfilecheck.sty
Package: rerunfilecheck 2022-07-10 v1.10 Rerun checks for auxiliary files (HO)

(/usr/local/texlive/2025/texmf-dist/tex/generic/uniquecounter/uniquecounter.sty
Package: uniquecounter 2019/12/15 v1.4 Provide unlimited unique counter (HO)
)
Package uniquecounter Info: New unique counter `rerunfilecheck' on input line 2
85.
)
\Hy@SectionHShift=\skip110
) (/usr/local/texlive/2025/texmf-dist/tex/latex/bookmark/bookmark.sty
Package: bookmark 2023-12-10 v1.31 PDF bookmarks (HO)

(/usr/local/texlive/2025/texmf-dist/tex/latex/bookmark/bkm-pdftex.def
File: bkm-pdftex.def 2023-12-10 v1.31 bookmark driver for pdfTeX and luaTeX (HO
)
\BKM@id=\count600
))
(/usr/local/texlive/2025/texmf-dist/tex/latex/cleveref/cleveref.sty
Package: cleveref 2018/03/27 v0.21.4 Intelligent cross-referencing
Package cleveref Info: `hyperref' support loaded on input line 2370.
LaTeX Info: Redefining \cref on input line 2370.
LaTeX Info: Redefining \Cref on input line 2370.
LaTeX Info: Redefining \crefrange on input line 2370.
LaTeX Info: Redefining \Crefrange on input line 2370.
LaTeX Info: Redefining \cpageref on input line 2370.
LaTeX Info: Redefining \Cpageref on input line 2370.
LaTeX Info: Redefining \cpagerefrange on input line 2370.
LaTeX Info: Redefining \Cpagerefrange on input line 2370.
LaTeX Info: Redefining \labelcref on input line 2370.
LaTeX Info: Redefining \labelcpageref on input line 2370.
Package cleveref Info: `listings' support loaded on input line 3131.
Package cleveref Info: include cross-reference names in hyperlinks on input lin
e 7836.
Package cleveref Info: include cross-reference names in hyperlinks on input lin
e 7852.
))
(./estilo/libro.sty

LaTeX Warning: You have requested package `estilo/libro',
               but the package provides `libro'.

Package: libro 2026/09/29
)
Package csquotes Info: Checking for multilingual support...
Package csquotes Info: ... found 'babel' package.
 (./build/libro/main.aux
LaTeX Info: Redefining \. on input line 9.
LaTeX Info: Redefining \% on input line 9.
 (./build/libro/capitulos/cap00.aux)
(./build/libro/capitulos/cap01.aux) (./build/libro/capitulos/cap02.aux)
(./build/libro/capitulos/cap03.aux) (./build/libro/capitulos/cap04.aux)
(./build/libro/capitulos/cap05.aux) (./build/libro/capitulos/cap06.aux

LaTeX Warning: Label `def:phred' multiply defined.


LaTeX Warning: Label `def:phred@cref' multiply defined.

) (./build/libro/capitulos/cap07.aux)
No file capitulos/cap08.aux.
No file capitulos/cap09.aux.
No file capitulos/cap10.aux.
No file capitulos/cap11.aux.
No file capitulos/cap13.aux.
No file capitulos/cap14.aux.
No file capitulos/cap15.aux.
No file capitulos/cap16.aux.
)
\openout1 = main.aux

LaTeX Font Info:    Checking defaults for OML/cmm/m/it on input line 25.
LaTeX Font Info:    ... okay on input line 25.
LaTeX Font Info:    Checking defaults for OMS/cmsy/m/n on input line 25.
LaTeX Font Info:    ... okay on input line 25.
LaTeX Font Info:    Checking defaults for OT1/cmr/m/n on input line 25.
LaTeX Font Info:    ... okay on input line 25.
LaTeX Font Info:    Checking defaults for T1/cmr/m/n on input line 25.
LaTeX Font Info:    ... okay on input line 25.
LaTeX Font Info:    Checking defaults for TS1/cmr/m/n on input line 25.
LaTeX Font Info:    ... okay on input line 25.
LaTeX Font Info:    Checking defaults for TU/lmr/m/n on input line 25.
LaTeX Font Info:    ... okay on input line 25.
LaTeX Font Info:    Checking defaults for OMX/cmex/m/n on input line 25.
LaTeX Font Info:    ... okay on input line 25.
LaTeX Font Info:    Checking defaults for U/cmr/m/n on input line 25.
LaTeX Font Info:    ... okay on input line 25.
LaTeX Font Info:    Checking defaults for PD1/pdf/m/n on input line 25.
LaTeX Font Info:    ... okay on input line 25.
LaTeX Font Info:    Checking defaults for PU/pdf/m/n on input line 25.
LaTeX Font Info:    ... okay on input line 25.

*geometry* driver: auto-detecting
*geometry* detected driver: luatex
*geometry* verbose mode - [ preamble ] result:
* driver: luatex
* paper: custom
* layout: <same size as paper>
* layoutoffset:(h,v)=(0.0pt,0.0pt)
* modes: twoside 
* h-part:(L,W,R)=(59.75095pt, 364.19495pt, 59.75095pt)
* v-part:(T,H,B)=(68.28644pt, 543.44781pt, 71.13188pt)
* \paperwidth=483.69684pt
* \paperheight=682.86613pt
* \textwidth=364.19495pt
* \textheight=543.44781pt
* \oddsidemargin=-12.51904pt
* \evensidemargin=-12.51904pt
* \topmargin=-38.74583pt
* \headheight=12.0pt
* \headsep=22.76228pt
* \topskip=11.0pt
* \footskip=31.2982pt
* \marginparwidth=45.52458pt
* \marginparsep=8.5359pt
* \columnsep=10.0pt
* \skip\footins=10.0pt plus 4.0pt minus 2.0pt
* \hoffset=0.0pt
* \voffset=0.0pt
* \mag=1000
* \@twocolumnfalse
* \@twosidetrue
* \@mparswitchtrue
* \@reversemarginfalse
* (1in=72.27pt=25.4mm, 1cm=28.453pt)

LaTeX Info: Redefining \. on input line 25.
LaTeX Info: Redefining \% on input line 25.

Package unicode-math Warning: Using \overbracket and \underbracket from
(unicode-math)                `mathtools' package.
(unicode-math)                 
(unicode-math)                 Use \Uoverbracket and \Uunderbracket for
(unicode-math)                original `unicode-math' definition.


Package unicode-math Warning: I'm going to overwrite the following commands
(unicode-math)                from the `mathtools' package: 
(unicode-math)                 
(unicode-math)                     \dblcolon, \coloneqq, \Coloneqq, \eqqcolon.
(unicode-math)                
(unicode-math)                 
(unicode-math)                 Note that since I won't overwrite the other
(unicode-math)                colon-like commands, using them will lead to
(unicode-math)                inconsistencies.

LaTeX Info: Redefining \microtypecontext on input line 25.
Package microtype Info: Applying patch `item' on input line 25.
Package microtype Info: Applying patch `toc' on input line 25.
Package microtype Info: Applying patch `eqnum' on input line 25.
Package microtype Info: Applying patch `footnote' on input line 25.
Package microtype Info: Applying patch `verbatim' on input line 25.
LaTeX Info: Redefining \microtypesetup on input line 25.
Package microtype Info: Generating PDF output.
Package microtype Info: Character protrusion enabled (level 2).
Package microtype Info: Using default protrusion set `alltext'.
Package microtype Info: Automatic font expansion enabled (level 2),
(microtype)             stretch: 20, shrink: 20, step: 1, non-selected.
Package microtype Info: Using default expansion set `alltext-nott'.
LaTeX Info: Redefining \showhyphens on input line 25.
Package microtype Info: No adjustment of tracking.
Package microtype Info: No adjustment of spacing.
Package microtype Info: No adjustment of kerning.
Package microtype Info: Loading generic protrusion settings for font family
(microtype)             `LibertinusSerif' (encoding: TU).
(microtype)             For optimal results, create family-specific settings.
(microtype)             See the microtype manual for details.
(/usr/local/texlive/2025/texmf-dist/tex/context/base/mkii/supp-pdf.mkii
[Loading MPS to PDF converter (version 2006.09.02).]
\scratchcounter=\count601
\scratchdimen=\dimen388
\scratchbox=\box186
\nofMPsegments=\count602
\nofMParguments=\count603
\everyMPshowfont=\toks70
\MPscratchCnt=\count604
\MPscratchDim=\dimen389
\MPnumerator=\count605
\makeMPintoPDFobject=\count606
\everyMPtoPDFconversion=\toks71
) (/usr/local/texlive/2025/texmf-dist/tex/latex/epstopdf-pkg/epstopdf-base.sty
Package: epstopdf-base 2020-01-24 v2.11 Base part for package epstopdf
Package epstopdf-base Info: Redefining graphics rule for `.eps' on input line 4
85.

(/usr/local/texlive/2025/texmf-dist/tex/latex/latexconfig/epstopdf-sys.cfg
File: epstopdf-sys.cfg 2010/07/13 v1.3 Configuration of (r)epstopdf for TeX Liv
e
))
Package pgfplots notification 'compat/show suggested version=true': document ha
s been generated with the most recent feature set (\pgfplotsset{compat=1.18}).

Package caption Info: Begin \AtBeginDocument code.
Package caption Info: float package is loaded.
Package caption Info: hyperref package is loaded.
Package caption Info: listings package is loaded.
Package caption Info: wrapfig package is loaded.
Package caption Info: End \AtBeginDocument code.

(/usr/local/texlive/2025/texmf-dist/tex/latex/translations/translations-basic-d
ictionary-spanish.trsl
File: translations-basic-dictionary-spanish.trsl (spanish translation file `tra
nslations-basic-dictionary')
)
Package translations Info: loading dictionary `translations-basic-dictionary' f
or `spanish'. on input line 25.

(/usr/local/texlive/2025/texmf-dist/tex/latex/pdflscape/pdflscape.sty
Package: pdflscape 2022-10-27 v0.13 Display of landscape pages in PDF

(/usr/local/texlive/2025/texmf-dist/tex/latex/pdflscape/pdflscape-nometadata.st
y
Package: pdflscape-nometadata 2022-10-28 v0.13 Display of landscape pages in PD
F (HO)
 (/usr/local/texlive/2025/texmf-dist/tex/latex/graphics/lscape.sty
Package: lscape 2020/05/28 v3.02 Landscape Pages (DPC)
)
Package pdflscape Info: Auto-detected driver: pdftex on input line 81.
))
\c@lstlisting=\count607
Package biblatex Info: Trying to load language 'spanish' -> 'spanish-apa'...
Package biblatex Info: ... file 'spanish-apa.lbx' found.

(/usr/local/texlive/2025/texmf-dist/tex/latex/biblatex-apa/spanish-apa.lbx
File: spanish-apa.lbx 2023/03/20 v9.17 APA biblatex localisation
Package biblatex Info: Trying to load language 'spanish'...
Package biblatex Info: ... file 'spanish.lbx' found.

(/usr/local/texlive/2025/texmf-dist/tex/latex/biblatex/lbx/spanish.lbx
File: spanish.lbx 2024/03/21 v3.20 biblatex localization (PK/MW)
)
Package biblatex Info: Trying to load language 'spanish'...
Package biblatex Info: ... file 'spanish.lbx' found.

(/usr/local/texlive/2025/texmf-dist/tex/latex/biblatex/lbx/spanish.lbx
File: spanish.lbx 2024/03/21 v3.20 biblatex localization (PK/MW)
))
Package biblatex Info: LuaTeX detected.
(biblatex)             Assuming input encoding 'utf8'.
Package biblatex Info: Automatic encoding selection.
(biblatex)             Assuming data encoding 'utf8'.

\openout5 = main.bcf
Package biblatex Info: Trying to load bibliographic data...
Package biblatex Info: ... file 'main.bbl' found.

(./build/libro/main.bbl)
Package biblatex Info: Reference section=0 on input line 25.
Package biblatex Info: Reference segment=0 on input line 25.
Package hyperref Info: Link coloring OFF on input line 25.
 (./preliminares/portada.tex
Package microtype Info: Loading generic protrusion settings for font family
(microtype)             `SourceSansPro' (encoding: TU).
(microtype)             For optimal results, create family-specific settings.
(microtype)             See the microtype manual for details.

Package fontspec Info: 
(fontspec)             Font family 'SourceSansPro(5)' created for font
(fontspec)             'SourceSansPro' with options
(fontspec)             [Ligatures=TeX,Extension=.otf,UprightFont=*-Regular,Ital
icFont=*-RegularIt,BoldFont=*-Semibold,BoldItalicFont=*-SemiboldIt,LetterSpace=
16].
(fontspec)              
(fontspec)              This font family consists of the following NFSS
(fontspec)             series/shapes:
(fontspec)              
(fontspec)             - 'normal' (m/n) with NFSS spec.:
(fontspec)             <->"[SourceSansPro-Regular.otf]:mode=node;script=latn;la
nguage=dflt;letterspace=16;+tlig;"
(fontspec)             - 'small caps'  (m/sc) with NFSS spec.:
(fontspec)             <->"[SourceSansPro-Regular.otf]:mode=node;script=latn;la
nguage=dflt;letterspace=16;+tlig;+smcp;"
(fontspec)             - 'bold' (b/n) with NFSS spec.:
(fontspec)             <->"[SourceSansPro-Semibold.otf]:mode=node;script=latn;l
anguage=dflt;letterspace=16;+tlig;"
(fontspec)             - 'bold small caps'  (b/sc) with NFSS spec.:
(fontspec)             <->"[SourceSansPro-Semibold.otf]:mode=node;script=latn;l
anguage=dflt;letterspace=16;+tlig;+smcp;"
(fontspec)             - 'italic' (m/it) with NFSS spec.:
(fontspec)             <->"[SourceSansPro-RegularIt.otf]:mode=node;script=latn;
language=dflt;letterspace=16;+tlig;"
(fontspec)             - 'bold italic' (b/it) with NFSS spec.:
(fontspec)             <->"[SourceSansPro-SemiboldIt.otf]:mode=node;script=latn
;language=dflt;letterspace=16;+tlig;"

Inserting `luaotfload.letterspace' in `pre_linebreak_filter'.
Inserting `luaotfload.letterspace' in `hpack_filter'.

[1


{/usr/local/texlive/2025/texmf-var/fonts/map/pdftex/updmap/pdftex.map}])
(./preliminares/creditos.tex
LaTeX Font Info:    Font shape `TU/FiraMono(0)/m/n' will be
(Font)              scaled to size 8.39996pt on input line 15.
Package microtype Info: Loading generic protrusion settings for font family
(microtype)             `FiraMono' (encoding: TU).
(microtype)             For optimal results, create family-specific settings.
(microtype)             See the microtype manual for details.

Overfull \hbox (84.31575pt too wide) in paragraph at lines 14--16
[]\TU/SourceSansPro(0)/b/n/10 La-bo-ra-to-rios: \TU/SourceSansPro(0)/m/n/10 ca-d
a ca-pí-tu-lo tie-ne no-te-books de Goo-gle Co-lab en []\TU/FiraMono(0)/m/n/10
 github.com/juvenalyosa/bioinformatica-
 []

Package microtype Info: Loading generic protrusion settings for font family
(microtype)             `LibertinusMath-Regular.otf' (encoding: TU).
(microtype)             For optimal results, create family-specific settings.
(microtype)             See the microtype manual for details.
(/usr/local/texlive/2025/texmf-dist/tex/latex/microtype/mt-msa.cfg
File: mt-msa.cfg 2006/02/04 v1.1 microtype config. file: AMS symbols (a) (RS)
)
(/usr/local/texlive/2025/texmf-dist/tex/latex/microtype/mt-msb.cfg
File: mt-msb.cfg 2005/06/01 v1.0 microtype config. file: AMS symbols (b) (RS)
)

[2

]) (./preliminares/prologo.tex
\blx@maxsegment@1=\count608
\blx@sectionciteorder@1=\count609
Package biblatex Info: Reference section=1 on input line 1.
Package biblatex Info: Setting label 'refsection:1' on input line 1.

Underfull \vbox (badness 10000) has occurred while \output is active []



[3


]) (./preliminares/como_leer.tex
Package biblatex Info: Reference section=0 on input line 1.
\blx@maxsegment@2=\count610
\blx@sectionciteorder@2=\count611
Package biblatex Info: Reference section=2 on input line 1.
Package biblatex Info: Setting label 'refsection:2' on input line 1.



Package fontspec Info: 
(fontspec)             Font family 'SourceSansPro(6)' created for font
(fontspec)             'SourceSansPro' with options
(fontspec)             [Ligatures=TeX,Extension=.otf,UprightFont=*-Regular,Ital
icFont=*-RegularIt,BoldFont=*-Semibold,BoldItalicFont=*-SemiboldIt,LetterSpace=
6].
(fontspec)              
(fontspec)              This font family consists of the following NFSS
(fontspec)             series/shapes:
(fontspec)              
(fontspec)             - 'normal' (m/n) with NFSS spec.:
(fontspec)             <->"[SourceSansPro-Regular.otf]:mode=node;script=latn;la
nguage=dflt;letterspace=6;+tlig;"
(fontspec)             - 'small caps'  (m/sc) with NFSS spec.:
(fontspec)             <->"[SourceSansPro-Regular.otf]:mode=node;script=latn;la
nguage=dflt;letterspace=6;+tlig;+smcp;"
(fontspec)             - 'bold' (b/n) with NFSS spec.:
(fontspec)             <->"[SourceSansPro-Semibold.otf]:mode=node;script=latn;l
anguage=dflt;letterspace=6;+tlig;"
(fontspec)             - 'bold small caps'  (b/sc) with NFSS spec.:
(fontspec)             <->"[SourceSansPro-Semibold.otf]:mode=node;script=latn;l
anguage=dflt;letterspace=6;+tlig;+smcp;"
(fontspec)             - 'italic' (m/it) with NFSS spec.:
(fontspec)             <->"[SourceSansPro-RegularIt.otf]:mode=node;script=latn;
language=dflt;letterspace=6;+tlig;"
(fontspec)             - 'bold italic' (b/it) with NFSS spec.:
(fontspec)             <->"[SourceSansPro-SemiboldIt.otf]:mode=node;script=latn
;language=dflt;letterspace=6;+tlig;"

LaTeX Info: Redefining \. on input line 1.
LaTeX Info: Redefining \% on input line 1.
Package cleveref Info: loaded `spanish' language definitions on input line 1.
[4]
Underfull \vbox (badness 10000) has occurred while \output is active []



[5

]
\g__tcobox_out_iow=\write6

\openout6 = main.listing
\pydata@fh@_FAD58DE7366495DB4650CFEFAC2FCD61.data.minted=\write7

\openout7 = _FAD58DE7366495DB4650CFEFAC2FCD61.data.minted
runsystem(latexminted config  --timestamp 20260930002814 FAD58DE7366495DB4650CFE
FAC2FCD61)...executed.
 (./build/libro/_FAD58DE7366495DB4650CFEFAC2FCD61.config.minted)
runsystem(latexminted cleanconfig  --timestamp 20260930002814 FAD58DE7366495DB46
50CFEFAC2FCD61)...executed.

(./build/libro/_minted/friendly.style.minted)
(./build/libro/_minted/4A0170CC2BC967EEBC955414FE9601E2.highlight.minted
LaTeX Font Info:    Font shape `TU/FiraMono(0)/m/n' will be
(Font)              scaled to size 7.55997pt on input line 1.
LaTeX Font Info:    Font shape `TU/FiraMono(0)/m/it' will be
(Font)              scaled to size 7.55997pt on input line 2.
LaTeX Font Info:    Font shape `TU/FiraMono(0)/b/n' will be
(Font)              scaled to size 7.55997pt on input line 3.
)
(/usr/local/texlive/2025/texmf-dist/tex/latex/microtype/mt-TU-empty.cfg
File: mt-TU-empty.cfg 2021/06/22 v1.1 microtype config. file: fonts with nonsta
ndard glyph set (RS)
)
LaTeX Font Info:    Font shape `TU/FiraMono(0)/b/n' will be
(Font)              scaled to size 8.39996pt on input line 64.


LaTeX Info: Redefining \. on input line 73.
LaTeX Info: Redefining \% on input line 73.
Package cleveref Info: loaded `spanish' language definitions on input line 73.
[6])
Package biblatex Info: Reference section=0 on input line 31.
\blx@maxsegment@3=\count612
\blx@sectionciteorder@3=\count613
Package biblatex Info: Reference section=3 on input line 31.
Package biblatex Info: Setting label 'refsection:3' on input line 31.


LaTeX Info: Redefining \. on input line 31.
LaTeX Info: Redefining \% on input line 31.
Package cleveref Info: loaded `spanish' language definitions on input line 31.
[7]

[8

] (./build/libro/main.toc
LaTeX Info: Redefining \sptext on input line 1.
LaTeX Info: Redefining \. on input line 1.
LaTeX Info: Redefining \% on input line 1.
Package cleveref Info: loaded `spanish' language definitions on input line 1.


[9]
Underfull \vbox (badness 1701) has occurred while \output is active []



LaTeX Info: Redefining \sptext on input line 243.
LaTeX Info: Redefining \. on input line 243.
LaTeX Info: Redefining \% on input line 243.
Package cleveref Info: loaded `spanish' language definitions on input line 243.

[10])
\tf@toc=\write8

\openout8 = main.toc


LaTeX Info: Redefining \. on input line 33.
LaTeX Info: Redefining \% on input line 33.
Package cleveref Info: loaded `spanish' language definitions on input line 33.
[11]

[12

]
LaTeX Font Info:    Font shape `TU/FiraMono(0)/m/n' will be
(Font)              scaled to size 9.19795pt on input line 39.
LaTeX Font Info:    Font shape `TU/FiraMono(0)/m/n' will be
(Font)              scaled to size 5.03998pt on input line 39.

Package fontspec Info: 
(fontspec)             Font family 'SourceSansPro(7)' created for font
(fontspec)             'SourceSansPro' with options
(fontspec)             [Ligatures=TeX,Extension=.otf,UprightFont=*-Regular,Ital
icFont=*-RegularIt,BoldFont=*-Semibold,BoldItalicFont=*-SemiboldIt,LetterSpace=
18].
(fontspec)              
(fontspec)              This font family consists of the following NFSS
(fontspec)             series/shapes:
(fontspec)              
(fontspec)             - 'normal' (m/n) with NFSS spec.:
(fontspec)             <->"[SourceSansPro-Regular.otf]:mode=node;script=latn;la
nguage=dflt;letterspace=18;+tlig;"
(fontspec)             - 'small caps'  (m/sc) with NFSS spec.:
(fontspec)             <->"[SourceSansPro-Regular.otf]:mode=node;script=latn;la
nguage=dflt;letterspace=18;+tlig;+smcp;"
(fontspec)             - 'bold' (b/n) with NFSS spec.:
(fontspec)             <->"[SourceSansPro-Semibold.otf]:mode=node;script=latn;l
anguage=dflt;letterspace=18;+tlig;"
(fontspec)             - 'bold small caps'  (b/sc) with NFSS spec.:
(fontspec)             <->"[SourceSansPro-Semibold.otf]:mode=node;script=latn;l
anguage=dflt;letterspace=18;+tlig;+smcp;"
(fontspec)             - 'italic' (m/it) with NFSS spec.:
(fontspec)             <->"[SourceSansPro-RegularIt.otf]:mode=node;script=latn;
language=dflt;letterspace=18;+tlig;"
(fontspec)             - 'bold italic' (b/it) with NFSS spec.:
(fontspec)             <->"[SourceSansPro-SemiboldIt.otf]:mode=node;script=latn
;language=dflt;letterspace=18;+tlig;"



[1

]

[2

]
\openout2 = capitulos/cap00.aux
 (./capitulos/cap00.tex
Package biblatex Info: Reference section=0 on input line 4.
\blx@maxsegment@4=\count614
\blx@sectionciteorder@4=\count615
Package biblatex Info: Reference section=4 on input line 4.
Package biblatex Info: Setting label 'refsection:4' on input line 4.

Capítulo 0.
(./build/libro/_minted/1C4C29C6DED06785C42DFF2B61AC01E8.highlight.minted)
(./build/libro/_minted/410393DEA1CE63A321821B4FB71933E7.highlight.minted)

[3


]

LaTeX Info: Redefining \. on input line 29.
LaTeX Info: Redefining \% on input line 29.
Package cleveref Info: loaded `spanish' language definitions on input line 29.
[4]
LaTeX Font Info:    Font shape `TU/FiraMono(0)/m/n' will be
(Font)              scaled to size 6.71997pt on input line 47.


LaTeX Info: Redefining \. on input line 79.
LaTeX Info: Redefining \% on input line 79.
Package cleveref Info: loaded `spanish' language definitions on input line 79.
[5] (./build/libro/_minted/09D206DCA2274E30B7321B532134723C.highlight.minted)
(./build/libro/_minted/B0235B16BA39A28E1070498885AD4BD8.highlight.minted)
(./build/libro/_minted/B0235B16BA39A28E1070498885AD4BD8.highlight.minted)
(./build/libro/_minted/B0235B16BA39A28E1070498885AD4BD8.highlight.minted)
(./build/libro/_minted/B0235B16BA39A28E1070498885AD4BD8.highlight.minted)

LaTeX Info: Redefining \. on input line 89.
LaTeX Info: Redefining \% on input line 89.
Package cleveref Info: loaded `spanish' language definitions on input line 89.
[6] (./build/libro/_minted/0F7A7129A9AFC0F63302647B4105F3AD.highlight.minted)
(./build/libro/_minted/8DE920E3C94226F71A2B09701D3EA1AC.highlight.minted)
(./build/libro/_minted/6BAF64C970B5544AC2CBFBCB92B41955.highlight.minted)
Underfull \vbox (badness 10000) has occurred while \output is active []



LaTeX Info: Redefining \. on input line 114.
LaTeX Info: Redefining \% on input line 114.
Package cleveref Info: loaded `spanish' language definitions on input line 114.

[7] (./build/libro/_minted/FC734051F13B5E0904DB00A592BA4A61.highlight.minted)
(./build/libro/_minted/8B3E3D396A857C51B8C7A11D1FAF54D7.highlight.minted)
(./build/libro/_minted/D6AECCBE09B8194A03A913917DDFE631.highlight.minted)
(./build/libro/_minted/758ED8B1D007F419F13B4CEBE007F2D1.highlight.minted)
(./build/libro/_minted/9539904E828AC5062BA8FEBABA64BC87.highlight.minted)

LaTeX Info: Redefining \. on input line 130.
LaTeX Info: Redefining \% on input line 130.
Package cleveref Info: loaded `spanish' language definitions on input line 130.

[8] (./build/libro/_minted/C69BDEF420965ACC9689D61EC0663F2C.highlight.minted)
(./build/libro/_minted/0CCA776FDF7DBC699D6DFF2DB0405089.highlight.minted)
\openout6 = main.listing

(./build/libro/_minted/F27739E0C072F3E8662623B024C04042.highlight.minted)
Package pgfplots info on input line 162: Using 'lua backend=false' for axis: xm
ode=log unsupported (yet).
Package pgfplots info on input line 162: Using 'lua backend=false' for axis: ym
ode=log unsupported (yet).
PGFPlots: reading {figuras/cap00/tiempos.dat}
PGFPlots: reading {figuras/cap00/tiempos.dat}
PGFPlots: reading {figuras/cap00/tiempos.dat}

(./build/libro/_minted/DFC1FC4FB64A55C840E7630EED9C8062.highlight.minted)

LaTeX Info: Redefining \. on input line 180.
LaTeX Info: Redefining \% on input line 180.
Package cleveref Info: loaded `spanish' language definitions on input line 180.

[9] (./build/libro/_minted/8DE920E3C94226F71A2B09701D3EA1AC.highlight.minted)
(./build/libro/_minted/A09FC902265BDAB6DA83EB8F881B2483.highlight.minted)
(./build/libro/_minted/6BAF64C970B5544AC2CBFBCB92B41955.highlight.minted)
Underfull \vbox (badness 10000) has occurred while \output is active []



LaTeX Info: Redefining \. on input line 194.
LaTeX Info: Redefining \% on input line 194.
Package cleveref Info: loaded `spanish' language definitions on input line 194.

[10] (./build/libro/_minted/FFC62B07480BB7059DD96216D5B1D331.highlight.minted)
(./build/libro/_minted/517B0721550CE3F11D8967F5D7C48EB5.highlight.minted)
(./build/libro/_minted/D05329EEDA2651D6FDE5C803DB93DC54.highlight.minted)
(./build/libro/_minted/01EE77B102513682133F946E1A4B9227.highlight.minted)
(./build/libro/_minted/6BAF64C970B5544AC2CBFBCB92B41955.highlight.minted)

LaTeX Info: Redefining \. on input line 212.
LaTeX Info: Redefining \% on input line 212.
Package cleveref Info: loaded `spanish' language definitions on input line 212.

[11] (./build/libro/_minted/F166E8E8AF358A54F6BF1C6B1198B387.highlight.minted)
(./build/libro/_minted/29BF0C863135FBA7ACE5231AB299D576.highlight.minted)
(./build/libro/_minted/50A9A866E9C5CA7FE0F6218A03EEDEC6.highlight.minted)
(./build/libro/_minted/C9CCA593C9416D60B4E9CCC6C241F021.highlight.minted)
(./build/libro/_minted/7A230E23EAA8880356F8343DC9782B13.highlight.minted)
Underfull \vbox (badness 8151) has occurred while \output is active []



LaTeX Info: Redefining \. on input line 237.
LaTeX Info: Redefining \% on input line 237.
Package cleveref Info: loaded `spanish' language definitions on input line 237.

[12]

LaTeX Info: Redefining \. on input line 262.
LaTeX Info: Redefining \% on input line 262.
Package cleveref Info: loaded `spanish' language definitions on input line 262.

[13]
PGFPlots: reading {figuras/cap00/gc_ventana.dat}

\openout6 = main.listing
 (./build/libro/_minted/A266E4426DA027436E118B43E8C39A0B.highlight.minted)

LaTeX Info: Redefining \. on input line 304.
LaTeX Info: Redefining \% on input line 304.
Package cleveref Info: loaded `spanish' language definitions on input line 304.

[14] (./build/libro/_minted/C399CCC1F80B9C5CE92E5E89CAB567CC.highlight.minted)
(./build/libro/_minted/A0D6054318D1218156E63FDBD04C2CF3.highlight.minted)
(./build/libro/_minted/044DF22AE0FBF470BE5A6136404CBAAF.highlight.minted)
Underfull \vbox (badness 10000) has occurred while \output is active []



LaTeX Info: Redefining \. on input line 358.
LaTeX Info: Redefining \% on input line 358.
Package cleveref Info: loaded `spanish' language definitions on input line 358.

[15]

LaTeX Info: Redefining \. on input line 366.
LaTeX Info: Redefining \% on input line 366.
Package cleveref Info: loaded `spanish' language definitions on input line 366.

[16]
PGFPlots: reading {figuras/cap00/luminosidad.dat}
PGFPlots: reading {figuras/cap00/luminosidad.dat}
 (./figuras/cap00/franjas.tex)

LaTeX Info: Redefining \. on input line 400.
LaTeX Info: Redefining \% on input line 400.
Package cleveref Info: loaded `spanish' language definitions on input line 400.

[17]
LaTeX Font Info:    Font shape `TU/FiraMono(0)/b/n' will be
(Font)              scaled to size 10.07996pt on input line 404.
 (./build/libro/_minted/EA848F31BFFD8EE1AE69A7C320AD38EB.highlight.minted)
LaTeX Font Info:    Font shape `TU/FiraMono(0)/b/n' will be
(Font)              scaled to size 9.19795pt on input line 420.

Underfull \vbox (badness 10000) has occurred while \output is active []



LaTeX Info: Redefining \. on input line 421.
LaTeX Info: Redefining \% on input line 421.
Package cleveref Info: loaded `spanish' language definitions on input line 421.

[18]
Underfull \hbox (badness 10000) in paragraph at lines 434--434
[]|\TU/LibertinusSerif(0)/m/n/10 Ta-bla de tra-duc-ción; Biopython la guar-da 
en
 []

(./figuras/cap00/codigo_genetico.tex)
Underfull \hbox (badness 3088) in paragraph at lines 441--441
[][][]|\TU/SourceSansPro(0)/m/n/10 El có-di-go ge-né-ti-co es-tán-dar (ta-bla
 1 del NC-BI), ge-ne-ra-do a par-tir de
 []



LaTeX Info: Redefining \. on input line 452.
LaTeX Info: Redefining \% on input line 452.
Package cleveref Info: loaded `spanish' language definitions on input line 452.

[19]
Underfull \vbox (badness 7203) has occurred while \output is active []



LaTeX Info: Redefining \. on input line 464.
LaTeX Info: Redefining \% on input line 464.
Package cleveref Info: loaded `spanish' language definitions on input line 464.

[20] (./figuras/cap00/orfs.tex)
(./build/libro/_minted/C8DE8B25434A84036F1D5FA69B746CAD.highlight.minted)
(./build/libro/_minted/377D4935FB17CAD63C2AB004FCB48E33.highlight.minted)
(./build/libro/_minted/A2AD6D8F475637ABD94FD246D187B3DB.highlight.minted)
(./build/libro/_minted/D36BCACD6478C1D44642827C8113BD21.highlight.minted)
(./build/libro/_minted/DDFED49CF9B99A0CD49C564C7858FB44.highlight.minted)
(./build/libro/_minted/DA081593EF905BD6997CBF2930A2F360.highlight.minted)
(./build/libro/_minted/307441C450A6BA1D71D725C146F94FBB.highlight.minted)
(./build/libro/_minted/377D4935FB17CAD63C2AB004FCB48E33.highlight.minted)
(./build/libro/_minted/D352F6FCB39B46CCF42DB904FA0B0F25.highlight.minted)
(./build/libro/_minted/659A09B4095ACADB66A34D6D9305A9E5.highlight.minted)
Underfull \vbox (badness 10000) has occurred while \output is active []



LaTeX Info: Redefining \. on input line 485.
LaTeX Info: Redefining \% on input line 485.
Package cleveref Info: loaded `spanish' language definitions on input line 485.

[21] (./build/libro/_minted/9E5D446D4484784CBDECFAAF0399E8C0.highlight.minted)
(./build/libro/_minted/8891B0A0F7550EF974D575033000915B.highlight.minted)
(./build/libro/_minted/49300661BF071BF8C01E693F85937AE4.highlight.minted)
(./build/libro/_minted/4AE697F0ECB5ACC78F58343A479A631C.highlight.minted)
\openout6 = main.listing

(./build/libro/_minted/05218A11EB6D10E2359B0CFFA94F4B0C.highlight.minted)
Underfull \vbox (badness 2538) has occurred while \output is active []



LaTeX Info: Redefining \. on input line 501.
LaTeX Info: Redefining \% on input line 501.
Package cleveref Info: loaded `spanish' language definitions on input line 501.

[22] (./build/libro/_minted/7FD8B2EA1AF7CC4B62E3EF60CA46C22D.highlight.minted)
(./build/libro/_minted/7B9F6789BFC9AB955E6ECB4AD22E4154.highlight.minted)
(./build/libro/_minted/5FDED597161A24D8605DEA3027998537.highlight.minted)
Underfull \vbox (badness 1490) has occurred while \output is active []



LaTeX Info: Redefining \. on input line 507.
LaTeX Info: Redefining \% on input line 507.
Package cleveref Info: loaded `spanish' language definitions on input line 507.

[23] (./build/libro/_minted/659A09B4095ACADB66A34D6D9305A9E5.highlight.minted)

LaTeX Info: Redefining \. on input line 555.
LaTeX Info: Redefining \% on input line 555.
Package cleveref Info: loaded `spanish' language definitions on input line 555.

[24] (./build/libro/_minted/CEB7A084B537A243266E7F8567610B59.highlight.minted)
(./build/libro/_minted/94A6E745EEF26F3549AB14EE312AB6C9.highlight.minted)
(./build/libro/_minted/410393DEA1CE63A321821B4FB71933E7.highlight.minted)
Overfull \hbox (1.79884pt too wide) in paragraph at lines 556--557
[]\TU/LibertinusSerif(0)/m/n/10.95 En Co-lab, BLAST+ se ins-ta-la des-de los re-
po-si-to-rios del sis-te-ma (\TU/FiraMono(0)/m/n/10.95 apt-get install
 []


\openout6 = main.listing
(./build/libro/_minted/3B4179D1DA13427B5843E399A27FA269.highlight.minted)
Underfull \vbox (badness 3375) has occurred while \output is active []



LaTeX Info: Redefining \. on input line 576.
LaTeX Info: Redefining \% on input line 576.
Package cleveref Info: loaded `spanish' language definitions on input line 576.

[25]

LaTeX Info: Redefining \. on input line 594.
LaTeX Info: Redefining \% on input line 594.
Package cleveref Info: loaded `spanish' language definitions on input line 594.

[26]

LaTeX Info: Redefining \. on input line 610.
LaTeX Info: Redefining \% on input line 610.
Package cleveref Info: loaded `spanish' language definitions on input line 610.

[27]

LaTeX Info: Redefining \. on input line 637.
LaTeX Info: Redefining \% on input line 637.
Package cleveref Info: loaded `spanish' language definitions on input line 637.

[28]

LaTeX Info: Redefining \. on input line 663.
LaTeX Info: Redefining \% on input line 663.
Package cleveref Info: loaded `spanish' language definitions on input line 663.

[29]
PGFPlots: reading {figuras/cap00/randu.dat}
PGFPlots: reading {figuras/cap00/pcg.dat}
 (./build/libro/_minted/0ED2A88E1B45D4FBB8D4786AB1FDDFA1.highlight.minted)

LaTeX Info: Redefining \. on input line 686.
LaTeX Info: Redefining \% on input line 686.
Package cleveref Info: loaded `spanish' language definitions on input line 686.

[30] (./build/libro/_minted/A8731D0F06BA3FAF0534DD44600A0625.highlight.minted)
\openout6 = main.listing

(./build/libro/_minted/62DE714FEDFC0316188C4B2D0781A2F3.highlight.minted)

LaTeX Info: Redefining \. on input line 720.
LaTeX Info: Redefining \% on input line 720.
Package cleveref Info: loaded `spanish' language definitions on input line 720.

[31]
Package pgfplots info on input line 732: Using 'lua backend=false' for axis: xm
ode=log unsupported (yet).
PGFPlots: reading {figuras/cap00/montecarlo.dat}
PGFPlots: reading {figuras/cap00/montecarlo.dat}
PGFPlots: reading {figuras/cap00/montecarlo.dat}
PGFPlots: reading {figuras/cap00/montecarlo.dat}
Package pgfplots info on input line 743: fill between: activating layered graph
ics
\pgf@layerbox@axis background=\box187
\pgf@layerboxsaved@axis background=\box188
\pgf@layerbox@axis grid=\box189
\pgf@layerboxsaved@axis grid=\box190
\pgf@layerbox@axis ticks=\box191
\pgf@layerboxsaved@axis ticks=\box192
\pgf@layerbox@axis lines=\box193
\pgf@layerboxsaved@axis lines=\box194
\pgf@layerbox@axis tick labels=\box195
\pgf@layerboxsaved@axis tick labels=\box196
\pgf@layerbox@pre main=\box197
\pgf@layerboxsaved@pre main=\box198
\pgf@layerbox@axis descriptions=\box199
\pgf@layerboxsaved@axis descriptions=\box256
\pgf@layerbox@axis foreground=\box257
\pgf@layerboxsaved@axis foreground=\box258
Package pgfplots info on input line 743: Setting layers 'axis background,axis g
rid,axis ticks,axis lines,axis tick labels,pre main,main,axis descriptions,axis
 foreground'...

Underfull \vbox (badness 10000) has occurred while \output is active []



LaTeX Info: Redefining \. on input line 756.
LaTeX Info: Redefining \% on input line 756.
Package cleveref Info: loaded `spanish' language definitions on input line 756.

[32]

LaTeX Info: Redefining \. on input line 769.
LaTeX Info: Redefining \% on input line 769.
Package cleveref Info: loaded `spanish' language definitions on input line 769.

[33]
PGFPlots: reading {figuras/cap00/avalancha.dat}
PGFPlots: reading {figuras/cap00/avalancha.dat}


LaTeX Info: Redefining \. on input line 800.
LaTeX Info: Redefining \% on input line 800.
Package cleveref Info: loaded `spanish' language definitions on input line 800.

[34]
\openout6 = main.listing
 (./build/libro/_minted/monokai.style.minted)
(./build/libro/_minted/8D62B985A0A70000752AAC0B93C4B33C.highlight.minted)
Overfull \hbox (7.61224pt too wide) in paragraph at lines 815--816
[]\TU/FiraMono(0)/m/n/10.95 analisis_final.py[]\TU/LibertinusSerif(0)/m/n/10.95
 , []\TU/FiraMono(0)/m/n/10.95 analisis_final_v2.py[] \TU/LibertinusSerif(0)/m/
n/10.95 y []\TU/FiraMono(0)/m/n/10.95 analisis_final_DEFINITIVO.py[]
 []


Underfull \vbox (badness 3209) has occurred while \output is active []



LaTeX Info: Redefining \. on input line 822.
LaTeX Info: Redefining \% on input line 822.
Package cleveref Info: loaded `spanish' language definitions on input line 822.

[35]
Underfull \vbox (badness 10000) has occurred while \output is active []



LaTeX Info: Redefining \. on input line 859.
LaTeX Info: Redefining \% on input line 859.
Package cleveref Info: loaded `spanish' language definitions on input line 859.

[36] (./build/libro/_minted/020FBF7346A6768A3D327335A264C69D.highlight.minted)

LaTeX Info: Redefining \. on input line 897.
LaTeX Info: Redefining \% on input line 897.
Package cleveref Info: loaded `spanish' language definitions on input line 897.

[37] (./build/libro/_minted/EA848F31BFFD8EE1AE69A7C320AD38EB.highlight.minted)
(./build/libro/_minted/C8DE8B25434A84036F1D5FA69B746CAD.highlight.minted)
(./build/libro/_minted/377D4935FB17CAD63C2AB004FCB48E33.highlight.minted)
(./build/libro/_minted/E263B0D6B2E6FC9AC746DB38EA194D17.highlight.minted)
(./build/libro/_minted/CEB7A084B537A243266E7F8567610B59.highlight.minted)
Overfull \hbox (5.91696pt too wide) in paragraph at lines 909--910
[]\TU/LibertinusSerif(0)/m/n/10 Biopython re-pre-sen-ta se-cuen-cias (\TU/FiraM
ono(0)/m/n/10 Seq\TU/LibertinusSerif(0)/m/n/10 ), re-gis-tros (\TU/FiraMono(0)/
m/n/10 SeqRecord\TU/LibertinusSerif(0)/m/n/10 ) y ar-chi-vos (\TU/FiraMono(0)/m
/n/10 SeqIO\TU/LibertinusSerif(0)/m/n/10 );
 []


Underfull \vbox (badness 10000) has occurred while \output is active []



LaTeX Info: Redefining \. on input line 913.
LaTeX Info: Redefining \% on input line 913.
Package cleveref Info: loaded `spanish' language definitions on input line 913.

[38] (./build/libro/_minted/72527580B59BA506998123FE9B0C4031.highlight.minted)
(./build/libro/_minted/BA9AA3C4BE8F96B8387779A4C7405787.highlight.minted)
(./build/libro/_minted/7A230E23EAA8880356F8343DC9782B13.highlight.minted)
(./build/libro/_minted/4F8FD8A17DD8EA1C04693B018C84BC0B.highlight.minted)
(./build/libro/_minted/5CE90765678B6E21A1A4114539EB4D1F.highlight.minted)

LaTeX Info: Redefining \. on input line 919.
LaTeX Info: Redefining \% on input line 919.
Package cleveref Info: loaded `spanish' language definitions on input line 919.

[39]

LaTeX Info: Redefining \. on input line 925.
LaTeX Info: Redefining \% on input line 925.
Package cleveref Info: loaded `spanish' language definitions on input line 925.

[40]

LaTeX Info: Redefining \. on input line 925.
LaTeX Info: Redefining \% on input line 925.
Package cleveref Info: loaded `spanish' language definitions on input line 925.

[41])

LaTeX Info: Redefining \. on input line 40.
LaTeX Info: Redefining \% on input line 40.
Package cleveref Info: loaded `spanish' language definitions on input line 40.
[42]
\openout2 = capitulos/cap01.aux
 (./capitulos/cap01.tex
Package biblatex Info: Reference section=0 on input line 5.
\blx@maxsegment@5=\count616
\blx@sectionciteorder@5=\count617
Package biblatex Info: Reference section=5 on input line 5.
Package biblatex Info: Setting label 'refsection:5' on input line 5.

Capítulo 1.

Underfull \vbox (badness 1742) has occurred while \output is active []



[43




]

LaTeX Info: Redefining \. on input line 30.
LaTeX Info: Redefining \% on input line 30.
Package cleveref Info: loaded `spanish' language definitions on input line 30.
[44]
Underfull \vbox (badness 10000) has occurred while \output is active []



LaTeX Info: Redefining \. on input line 55.
LaTeX Info: Redefining \% on input line 55.
Package cleveref Info: loaded `spanish' language definitions on input line 55.
[45]

LaTeX Info: Redefining \. on input line 102.
LaTeX Info: Redefining \% on input line 102.
Package cleveref Info: loaded `spanish' language definitions on input line 102.

[46]

LaTeX Info: Redefining \. on input line 105.
LaTeX Info: Redefining \% on input line 105.
Package cleveref Info: loaded `spanish' language definitions on input line 105.

[47] (./figuras/cap01/spike_flujo.tex
LaTeX Font Info:    Font shape `TU/FiraMono(0)/b/n' will be
(Font)              scaled to size 6.71997pt on input line 2.
)
Overfull \hbox (8.5459pt too wide) in paragraph at lines 207--112
 [][] 
 []


\openout6 = main.listing
(./build/libro/_minted/3243198999BEAEC725F97507F757BFA0.highlight.minted)

LaTeX Info: Redefining \. on input line 141.
LaTeX Info: Redefining \% on input line 141.
Package cleveref Info: loaded `spanish' language definitions on input line 141.

[48] (./build/libro/_minted/1D26447C0899E978053BE6C9E86544AE.highlight.minted)
Underfull \vbox (badness 6825) has occurred while \output is active []



LaTeX Info: Redefining \. on input line 160.
LaTeX Info: Redefining \% on input line 160.
Package cleveref Info: loaded `spanish' language definitions on input line 160.

[49]
Underfull \vbox (badness 10000) has occurred while \output is active []



LaTeX Info: Redefining \. on input line 183.
LaTeX Info: Redefining \% on input line 183.
Package cleveref Info: loaded `spanish' language definitions on input line 183.

[50]
Package pgfplots info on input line 226: Using 'lua backend=false' for axis: x 
coord trafo unsupported.
PGFPlots: reading {figuras/cap01/entropia.dat}
PGFPlots: reading {figuras/cap01/entropia.dat}
PGFPlots: reading {figuras/cap01/entropia.dat}
PGFPlots: reading {figuras/cap01/entropia.dat}


LaTeX Info: Redefining \. on input line 237.
LaTeX Info: Redefining \% on input line 237.
Package cleveref Info: loaded `spanish' language definitions on input line 237.

[51]
Underfull \vbox (badness 4967) has occurred while \output is active []



LaTeX Info: Redefining \. on input line 243.
LaTeX Info: Redefining \% on input line 243.
Package cleveref Info: loaded `spanish' language definitions on input line 243.

[52]

LaTeX Info: Redefining \. on input line 257.
LaTeX Info: Redefining \% on input line 257.
Package cleveref Info: loaded `spanish' language definitions on input line 257.

[53] (./figuras/cap01/rueda_codigo.tex)
(./build/libro/_minted/5DA32CFDDA18F6F844A121EB13233628.highlight.minted)
Underfull \vbox (badness 3148) has occurred while \output is active []



LaTeX Info: Redefining \. on input line 308.
LaTeX Info: Redefining \% on input line 308.
Package cleveref Info: loaded `spanish' language definitions on input line 308.

[54]
Underfull \vbox (badness 10000) has occurred while \output is active []



LaTeX Info: Redefining \. on input line 308.
LaTeX Info: Redefining \% on input line 308.
Package cleveref Info: loaded `spanish' language definitions on input line 308.

[55]
Underfull \vbox (badness 10000) has occurred while \output is active []



LaTeX Info: Redefining \. on input line 327.
LaTeX Info: Redefining \% on input line 327.
Package cleveref Info: loaded `spanish' language definitions on input line 327.

[56]
Package pgfplots info on input line 338: Using 'lua backend=false' for axis: st
acked plots unsupported (yet).
PGFPlots: reading {figuras/cap01/mut_pos.dat}
PGFPlots: reading {figuras/cap01/mut_pos.dat}
PGFPlots: reading {figuras/cap01/mut_pos.dat}
PGFPlots: reading {figuras/cap01/costos_hist.dat}


LaTeX Info: Redefining \. on input line 360.
LaTeX Info: Redefining \% on input line 360.
Package cleveref Info: loaded `spanish' language definitions on input line 360.

[57]
Underfull \vbox (badness 10000) has occurred while \output is active []



LaTeX Info: Redefining \. on input line 378.
LaTeX Info: Redefining \% on input line 378.
Package cleveref Info: loaded `spanish' language definitions on input line 378.

[58]

LaTeX Info: Redefining \. on input line 465.
LaTeX Info: Redefining \% on input line 465.
Package cleveref Info: loaded `spanish' language definitions on input line 465.

[59]
Underfull \vbox (badness 10000) has occurred while \output is active []



LaTeX Info: Redefining \. on input line 472.
LaTeX Info: Redefining \% on input line 472.
Package cleveref Info: loaded `spanish' language definitions on input line 472.

[60] (./figuras/cap01/seis_marcos.tex)
Overfull \hbox (3.73195pt too wide) in paragraph at lines 146--477
 [][] 
 []


Underfull \vbox (badness 10000) has occurred while \output is active []



LaTeX Info: Redefining \. on input line 491.
LaTeX Info: Redefining \% on input line 491.
Package cleveref Info: loaded `spanish' language definitions on input line 491.

[61]
\openout6 = main.listing
 (./build/libro/_minted/FFFEE9059149078482F8D980BEB457F6.highlight.minted)
(./build/libro/_minted/74A347A597D037EB0E7FB8F8D261324B.highlight.minted)
Underfull \vbox (badness 10000) has occurred while \output is active []



LaTeX Info: Redefining \. on input line 523.
LaTeX Info: Redefining \% on input line 523.
Package cleveref Info: loaded `spanish' language definitions on input line 523.

[62]

LaTeX Info: Redefining \. on input line 550.
LaTeX Info: Redefining \% on input line 550.
Package cleveref Info: loaded `spanish' language definitions on input line 550.

[63]

LaTeX Info: Redefining \. on input line 571.
LaTeX Info: Redefining \% on input line 571.
Package cleveref Info: loaded `spanish' language definitions on input line 571.

[64]
Overfull \hbox (14.43657pt too wide) in paragraph at lines 578--579
[]\TU/LibertinusSerif(0)/m/n/10.95 El de-ta-lle tie-ne con-se-cuen-cias dra-m
á-ti-cas. Si tra-du-ci-mos las 󰂧󰀙󰂦 CDS de \TU/LibertinusSerif(0)/m/it
/10.95 M.genitalium
 []


Underfull \vbox (badness 10000) has occurred while \output is active []



LaTeX Info: Redefining \. on input line 591.
LaTeX Info: Redefining \% on input line 591.
Package cleveref Info: loaded `spanish' language definitions on input line 591.

[65]
Package pgfplots info on input line 603: Using 'lua backend=false' for axis: ym
ode=log unsupported (yet).
PGFPlots: reading {figuras/cap01/supervivencia.dat}
PGFPlots: reading {figuras/cap01/supervivencia.dat}
PGFPlots: reading {figuras/cap01/supervivencia.dat}

Underfull \hbox (badness 1783) in paragraph at lines 615--615
[][][]|\TU/SourceSansPro(0)/m/n/10 Lon-gi-tud de los tra-mos sin co-do-nes de pa
-ra-da en los seis mar-cos de
 []



LaTeX Info: Redefining \. on input line 621.
LaTeX Info: Redefining \% on input line 621.
Package cleveref Info: loaded `spanish' language definitions on input line 621.

[66]

LaTeX Info: Redefining \. on input line 645.
LaTeX Info: Redefining \% on input line 645.
Package cleveref Info: loaded `spanish' language definitions on input line 645.

[67]
PGFPlots: reading {figuras/cap01/sens_prec.dat}
PGFPlots: reading {figuras/cap01/sens_prec.dat}
PGFPlots: reading {figuras/cap01/sens_prec.dat}
PGFPlots: reading {figuras/cap01/sens_prec.dat}

Underfull \vbox (badness 2418) has occurred while \output is active []



LaTeX Info: Redefining \. on input line 674.
LaTeX Info: Redefining \% on input line 674.
Package cleveref Info: loaded `spanish' language definitions on input line 674.

[68]

LaTeX Info: Redefining \. on input line 698.
LaTeX Info: Redefining \% on input line 698.
Package cleveref Info: loaded `spanish' language definitions on input line 698.

[69]

LaTeX Info: Redefining \. on input line 755.
LaTeX Info: Redefining \% on input line 755.
Package cleveref Info: loaded `spanish' language definitions on input line 755.

[70]
LaTeX Font Info:    Font shape `TU/FiraMono(0)/m/it' will be
(Font)              scaled to size 9.19795pt on input line 759.

Underfull \vbox (badness 10000) has occurred while \output is active []



LaTeX Info: Redefining \. on input line 766.
LaTeX Info: Redefining \% on input line 766.
Package cleveref Info: loaded `spanish' language definitions on input line 766.

[71]
Underfull \vbox (badness 10000) has occurred while \output is active []



LaTeX Info: Redefining \. on input line 790.
LaTeX Info: Redefining \% on input line 790.
Package cleveref Info: loaded `spanish' language definitions on input line 790.

[72]

LaTeX Info: Redefining \. on input line 809.
LaTeX Info: Redefining \% on input line 809.
Package cleveref Info: loaded `spanish' language definitions on input line 809.

[73]
\openout6 = main.listing
 (./build/libro/_minted/061760122CF9A5830FB86D077D77CB93.highlight.minted)
Overfull \hbox (9.11414pt too wide) in paragraph at lines 836--837
[]\TU/LibertinusSerif(0)/m/n/10.95 Apli-que-mos el mé-to-do al ge-no-ma de re-f
e-ren-cia de \TU/LibertinusSerif(0)/m/it/10.95 E.coli \TU/LibertinusSerif(0)/m/
n/10.95 K-󰀚󰀫 MG󰀚󰂨󰂧󰂧 (NC_󰀙󰀙󰀙󰂫󰀚󰀬.󰀬,
 []


Overfull \hbox (7.47232pt too wide) in paragraph at lines 836--837
\TU/LibertinusMath-Regular.otf(1)/m/n/10.95 4 641 652$ \TU/LibertinusSerif(0)/m
/n/10.95 pb). Se-gún su pro-pia ano-ta-ción, el ori-gen de re-pli-ca-ción (\
TU/LibertinusSerif(0)/m/it/10.95 fea-tu-re \TU/FiraMono(0)/m/n/10.95 rep_origin\TU/LibertinusSerif(0)/m/n/10.95 )
 []

Package pgfplots info on input line 846: Using 'lua backend=false' for plot 0 (
type '[tikz@plot@handler: macro:->\global \pgf@plot@startedfalse \global \let \
pgf@plotstreamend \pgf@plotstreamend@init \global \let \pgf@plotstreampoint \pg
f@plotstreampoint@init \global \let \pgf@plotstreamjump \pgf@plotstreamjump@ini
t \global \let \pgf@plotstreamspecial \pgf@plotstreamspecial@init \pgfplotyzero
levelstreamstart ]'): plot handler does not support LUA.
PGFPlots: reading {figuras/cap01/skew_ventanas.dat}
Package pgfplots info on input line 847: Using 'lua backend=false' for plot 1 (
type '[tikz@plot@handler: macro:->\global \pgf@plot@startedfalse \global \let \
pgf@plotstreamend \pgf@plotstreamend@init \global \let \pgf@plotstreampoint \pg
f@plotstreampoint@init \global \let \pgf@plotstreamjump \pgf@plotstreamjump@ini
t \global \let \pgf@plotstreamspecial \pgf@plotstreamspecial@init \pgfplotyzero
levelstreamstart ]'): plot handler does not support LUA.
PGFPlots: reading {figuras/cap01/skew_ventanas.dat}
PGFPlots: reading {figuras/cap01/skew_acum.dat}

Overfull \hbox (11.83607pt too wide) in paragraph at lines 861--862
 [][] 
 []



LaTeX Info: Redefining \. on input line 867.
LaTeX Info: Redefining \% on input line 867.
Package cleveref Info: loaded `spanish' language definitions on input line 867.

[74]
Underfull \vbox (badness 3000) has occurred while \output is active []



LaTeX Info: Redefining \. on input line 874.
LaTeX Info: Redefining \% on input line 874.
Package cleveref Info: loaded `spanish' language definitions on input line 874.

[75] (./figuras/cap01/mapa_circular.tex)

LaTeX Info: Redefining \. on input line 898.
LaTeX Info: Redefining \% on input line 898.
Package cleveref Info: loaded `spanish' language definitions on input line 898.

[76]
Package pgfplots info on input line 918: Using 'lua backend=false' for axis: xm
ode=log unsupported (yet).
Package pgfplots info on input line 918: Using 'lua backend=false' for axis: ym
ode=log unsupported (yet).
PGFPlots: reading {figuras/cap01/ruido_ventana.dat}
PGFPlots: reading {figuras/cap01/ruido_ventana.dat}
PGFPlots: reading {figuras/cap01/ruido_ventana.dat}

Underfull \vbox (badness 10000) has occurred while \output is active []



LaTeX Info: Redefining \. on input line 935.
LaTeX Info: Redefining \% on input line 935.
Package cleveref Info: loaded `spanish' language definitions on input line 935.

[77]
Underfull \vbox (badness 10000) has occurred while \output is active []



LaTeX Info: Redefining \. on input line 947.
LaTeX Info: Redefining \% on input line 947.
Package cleveref Info: loaded `spanish' language definitions on input line 947.

[78] (./build/libro/_minted/9952A45044D71049C9E66971E5306B29.highlight.minted)

LaTeX Info: Redefining \. on input line 954.
LaTeX Info: Redefining \% on input line 954.
Package cleveref Info: loaded `spanish' language definitions on input line 954.

[79] (./build/libro/_minted/E33B25D2810ADA205FE59F7CF4290204.highlight.minted)

LaTeX Info: Redefining \. on input line 959.
LaTeX Info: Redefining \% on input line 959.
Package cleveref Info: loaded `spanish' language definitions on input line 959.

[80]

LaTeX Info: Redefining \. on input line 959.
LaTeX Info: Redefining \% on input line 959.
Package cleveref Info: loaded `spanish' language definitions on input line 959.

[81])

LaTeX Info: Redefining \. on input line 41.
LaTeX Info: Redefining \% on input line 41.
Package cleveref Info: loaded `spanish' language definitions on input line 41.
[82]
\openout2 = capitulos/cap02.aux
 (./capitulos/cap02.tex
Package biblatex Info: Reference section=0 on input line 4.
\blx@maxsegment@6=\count618
\blx@sectionciteorder@6=\count619
Package biblatex Info: Reference section=6 on input line 4.
Package biblatex Info: Setting label 'refsection:6' on input line 4.

Capítulo 2.

Underfull \vbox (badness 1406) has occurred while \output is active []



[83




]

LaTeX Info: Redefining \. on input line 29.
LaTeX Info: Redefining \% on input line 29.
Package cleveref Info: loaded `spanish' language definitions on input line 29.
[84]

LaTeX Info: Redefining \. on input line 61.
LaTeX Info: Redefining \% on input line 61.
Package cleveref Info: loaded `spanish' language definitions on input line 61.
[85]
\openout6 = main.listing
 (./build/libro/_minted/959248CEFF5A952067CF64534B25BAD0.highlight.minted)
Underfull \vbox (badness 10000) has occurred while \output is active []



LaTeX Info: Redefining \. on input line 85.
LaTeX Info: Redefining \% on input line 85.
Package cleveref Info: loaded `spanish' language definitions on input line 85.
[86] (./figuras/cap02/fastq_registro.tex)
Overfull \hbox (4.94872pt too wide) in paragraph at lines 144--94
 [][] 
 []


Underfull \vbox (badness 10000) has occurred while \output is active []



LaTeX Info: Redefining \. on input line 113.
LaTeX Info: Redefining \% on input line 113.
Package cleveref Info: loaded `spanish' language definitions on input line 113.

[87]

LaTeX Info: Redefining \. on input line 117.
LaTeX Info: Redefining \% on input line 117.
Package cleveref Info: loaded `spanish' language definitions on input line 117.

[88]
Package pgfplots info on input line 138: Using 'lua backend=false' for axis: ym
ode=log unsupported (yet).
 (./figuras/cap02/ascii_phred.tex)

LaTeX Info: Redefining \. on input line 166.
LaTeX Info: Redefining \% on input line 166.
Package cleveref Info: loaded `spanish' language definitions on input line 166.

[89]
Underfull \vbox (badness 4168) has occurred while \output is active []



LaTeX Info: Redefining \. on input line 184.
LaTeX Info: Redefining \% on input line 184.
Package cleveref Info: loaded `spanish' language definitions on input line 184.

[90]
Underfull \vbox (badness 10000) has occurred while \output is active []



LaTeX Info: Redefining \. on input line 194.
LaTeX Info: Redefining \% on input line 194.
Package cleveref Info: loaded `spanish' language definitions on input line 194.

[91]
PGFPlots: reading {figuras/cap02/calidad_ciclo.dat}
PGFPlots: reading {figuras/cap02/calidad_ciclo.dat}
PGFPlots: reading {figuras/cap02/calidad_ciclo.dat}
PGFPlots: reading {figuras/cap02/calidad_ciclo.dat}
PGFPlots: reading {figuras/cap02/calidad_ciclo.dat}
Package pgfplots info on input line 220: fill between: activating layered graph
ics
Package pgfplots info on input line 220: Setting layers 'axis background,axis g
rid,axis ticks,axis lines,axis tick labels,pre main,main,axis descriptions,axis
 foreground'...
PGFPlots: reading {figuras/cap02/ee_calib.dat}

\openout6 = main.listing
 (./build/libro/_minted/20BD633BA4ACA075B3957FCDFD765B7D.highlight.minted)

LaTeX Info: Redefining \. on input line 250.
LaTeX Info: Redefining \% on input line 250.
Package cleveref Info: loaded `spanish' language definitions on input line 250.

[92]
\openout6 = main.listing
 (./build/libro/_minted/43F8053BDF4CC0D52B5638B1A8E9E81F.highlight.minted)

LaTeX Info: Redefining \. on input line 262.
LaTeX Info: Redefining \% on input line 262.
Package cleveref Info: loaded `spanish' language definitions on input line 262.

[93] (./build/libro/_minted/5AD826FE4A5C7126D140377EBB7EDE37.highlight.minted)
Underfull \vbox (badness 10000) has occurred while \output is active []



LaTeX Info: Redefining \. on input line 316.
LaTeX Info: Redefining \% on input line 316.
Package cleveref Info: loaded `spanish' language definitions on input line 316.

[94]

LaTeX Info: Redefining \. on input line 327.
LaTeX Info: Redefining \% on input line 327.
Package cleveref Info: loaded `spanish' language definitions on input line 327.

[95] (./build/libro/_minted/3A6E647F73E76464FF4D79D8C766E62B.highlight.minted)
(./build/libro/_minted/363B541169EE503E084A314840C75CE7.highlight.minted)
Underfull \vbox (badness 10000) has occurred while \output is active []



LaTeX Info: Redefining \. on input line 342.
LaTeX Info: Redefining \% on input line 342.
Package cleveref Info: loaded `spanish' language definitions on input line 342.

[96]
\openout6 = main.listing
 (./build/libro/_minted/2C991B64EB2F2731E83641CC9A0855F1.highlight.minted)

LaTeX Info: Redefining \. on input line 366.
LaTeX Info: Redefining \% on input line 366.
Package cleveref Info: loaded `spanish' language definitions on input line 366.

[97]
Underfull \vbox (badness 10000) has occurred while \output is active []



LaTeX Info: Redefining \. on input line 431.
LaTeX Info: Redefining \% on input line 431.
Package cleveref Info: loaded `spanish' language definitions on input line 431.

[98]
Underfull \vbox (badness 10000) has occurred while \output is active []



LaTeX Info: Redefining \. on input line 432.
LaTeX Info: Redefining \% on input line 432.
Package cleveref Info: loaded `spanish' language definitions on input line 432.

[99] (./figuras/cap02/cigar.tex)

LaTeX Info: Redefining \. on input line 447.
LaTeX Info: Redefining \% on input line 447.
Package cleveref Info: loaded `spanish' language definitions on input line 447.

[100] (./build/libro/_minted/AC71D9BF278F848A0CB2F601BFB923CC.highlight.minted) (./figuras/cap02/flag.tex)

LaTeX Info: Redefining \. on input line 475.
LaTeX Info: Redefining \% on input line 475.
Package cleveref Info: loaded `spanish' language definitions on input line 475.

[101]
Underfull \vbox (badness 10000) has occurred while \output is active []



LaTeX Info: Redefining \. on input line 480.
LaTeX Info: Redefining \% on input line 480.
Package cleveref Info: loaded `spanish' language definitions on input line 480.

[102]
Underfull \vbox (badness 10000) has occurred while \output is active []



LaTeX Info: Redefining \. on input line 507.
LaTeX Info: Redefining \% on input line 507.
Package cleveref Info: loaded `spanish' language definitions on input line 507.

[103]
Overfull \hbox (9.48317pt too wide) in paragraph at lines 548--549
 [][] 
 []



LaTeX Info: Redefining \. on input line 555.
LaTeX Info: Redefining \% on input line 555.
Package cleveref Info: loaded `spanish' language definitions on input line 555.

[104]
\openout6 = main.listing
 (./build/libro/_minted/2425430B5DCBD30C40FA7A1DF8301FFC.highlight.minted)
Underfull \vbox (badness 3417) has occurred while \output is active []



LaTeX Info: Redefining \. on input line 576.
LaTeX Info: Redefining \% on input line 576.
Package cleveref Info: loaded `spanish' language definitions on input line 576.

[105]
Overfull \hbox (1.20883pt too wide) detected at line 583
[][][][]\TU/LibertinusMath-Regular.otf(1)/m/n/10.95 ℙ(𝐷 ∣ 𝐺) = [] [] 
,  [][] = −10 [][] [],
 []



LaTeX Info: Redefining \. on input line 603.
LaTeX Info: Redefining \% on input line 603.
Package cleveref Info: loaded `spanish' language definitions on input line 603.

[106]

LaTeX Info: Redefining \. on input line 625.
LaTeX Info: Redefining \% on input line 625.
Package cleveref Info: loaded `spanish' language definitions on input line 625.

[107]

LaTeX Info: Redefining \. on input line 668.
LaTeX Info: Redefining \% on input line 668.
Package cleveref Info: loaded `spanish' language definitions on input line 668.

[108]
Underfull \vbox (badness 10000) has occurred while \output is active []



LaTeX Info: Redefining \. on input line 682.
LaTeX Info: Redefining \% on input line 682.
Package cleveref Info: loaded `spanish' language definitions on input line 682.

[109]
Underfull \vbox (badness 10000) has occurred while \output is active []



LaTeX Info: Redefining \. on input line 720.
LaTeX Info: Redefining \% on input line 720.
Package cleveref Info: loaded `spanish' language definitions on input line 720.

[110]
Underfull \vbox (badness 6493) has occurred while \output is active []



LaTeX Info: Redefining \. on input line 746.
LaTeX Info: Redefining \% on input line 746.
Package cleveref Info: loaded `spanish' language definitions on input line 746.

[111] (./build/libro/_minted/AACFBD93C228ADCB647D8F30AF9F784D.highlight.minted)
\openout6 = main.listing
 (./build/libro/_minted/5D7E276F3C0F97E005B116AF0AFC26B2.highlight.minted)

LaTeX Info: Redefining \. on input line 774.
LaTeX Info: Redefining \% on input line 774.
Package cleveref Info: loaded `spanish' language definitions on input line 774.

[112]
\openout6 = main.listing
 (./build/libro/_minted/CCB9FF8BB361B3770698BD8EF070F375.highlight.minted)

LaTeX Info: Redefining \. on input line 812.
LaTeX Info: Redefining \% on input line 812.
Package cleveref Info: loaded `spanish' language definitions on input line 812.

[113] (./figuras/cap02/tp53_gen.tex)
Underfull \vbox (badness 1789) has occurred while \output is active []



LaTeX Info: Redefining \. on input line 827.
LaTeX Info: Redefining \% on input line 827.
Package cleveref Info: loaded `spanish' language definitions on input line 827.

[114]
PGFPlots: reading {figuras/cap02/p53_variantes.dat}

Underfull \vbox (badness 5316) has occurred while \output is active []



LaTeX Info: Redefining \. on input line 866.
LaTeX Info: Redefining \% on input line 866.
Package cleveref Info: loaded `spanish' language definitions on input line 866.

[115]

Package siunitx Warning: Unit macro \angstrom has been deprecated in this
(siunitx)                release.
(siunitx)                
(siunitx)                The BIPM have removed this unit from the SI Brochure.
(siunitx)                You should define it yourself using \DeclareSIUnit in
(siunitx)                your source. The current definition is
(siunitx)                
(siunitx)                \DeclareSIUnit\angstrom{Å}

Package pgfplots info on input line 882: Using 'lua backend=false' for axis: st
acked plots unsupported (yet).
PGFPlots: reading {figuras/cap02/pdb_anual.dat}
PGFPlots: reading {figuras/cap02/pdb_anual.dat}
PGFPlots: reading {figuras/cap02/pdb_anual.dat}
PGFPlots: reading {figuras/cap02/pdb_anual.dat}


LaTeX Info: Redefining \. on input line 898.
LaTeX Info: Redefining \% on input line 898.
Package cleveref Info: loaded `spanish' language definitions on input line 898.

[116]
Overfull \hbox (1.60913pt too wide) in paragraph at lines 928--929
 [][] 
 []



LaTeX Info: Redefining \. on input line 939.
LaTeX Info: Redefining \% on input line 939.
Package cleveref Info: loaded `spanish' language definitions on input line 939.

[117]
Overfull \hbox (1.52997pt too wide) in paragraph at lines 952--953
\TU/LibertinusMath-Regular.otf(1)/m/n/10 −10 [][] 𝑝$\TU/LibertinusSerif(0)
/m/n/10 , co-di-fi-ca-da co-mo \TU/FiraMono(0)/m/n/10 chr(Q+33)\TU/LibertinusSe
rif(0)/m/n/10 . Los erro-res es-pe-ra-dos, $[] \TU/LibertinusMath-Regular.otf(1
)/m/n/10 = [] 10[]$\TU/LibertinusSerif(0)/m/n/10 ,
 []



LaTeX Info: Redefining \. on input line 959.
LaTeX Info: Redefining \% on input line 959.
Package cleveref Info: loaded `spanish' language definitions on input line 959.

[118] (./build/libro/_minted/6809C8757E36F3DAAA83C4674F1BBB7A.highlight.minted)

LaTeX Info: Redefining \. on input line 966.
LaTeX Info: Redefining \% on input line 966.
Package cleveref Info: loaded `spanish' language definitions on input line 966.

[119] (./build/libro/_minted/6A41CE2D978A2C3FB35062C0E610D9DE.highlight.minted)

LaTeX Info: Redefining \. on input line 971.
LaTeX Info: Redefining \% on input line 971.
Package cleveref Info: loaded `spanish' language definitions on input line 971.

[120]

LaTeX Info: Redefining \. on input line 971.
LaTeX Info: Redefining \% on input line 971.
Package cleveref Info: loaded `spanish' language definitions on input line 971.

[121])

LaTeX Info: Redefining \. on input line 42.
LaTeX Info: Redefining \% on input line 42.
Package cleveref Info: loaded `spanish' language definitions on input line 42.
[122]

[123



]

[124

]
\openout2 = capitulos/cap03.aux
 (./capitulos/cap03.tex
Package biblatex Info: Reference section=0 on input line 5.
\blx@maxsegment@7=\count620
\blx@sectionciteorder@7=\count621
Package biblatex Info: Reference section=7 on input line 5.
Package biblatex Info: Setting label 'refsection:7' on input line 5.

Capítulo 3.


[125


]
Underfull \vbox (badness 4634) has occurred while \output is active []



LaTeX Info: Redefining \. on input line 42.
LaTeX Info: Redefining \% on input line 42.
Package cleveref Info: loaded `spanish' language definitions on input line 42.
[126]

LaTeX Info: Redefining \. on input line 63.
LaTeX Info: Redefining \% on input line 63.
Package cleveref Info: loaded `spanish' language definitions on input line 63.
[127] (./figuras/cap03/dotplot.tex
LaTeX Font Info:    Font shape `TU/FiraMono(0)/b/n' will be
(Font)              scaled to size 5.03998pt on input line 62.
)
\openout6 = main.listing

(./build/libro/_minted/7C4071E7A6705ABC9A62C666C70E2826.highlight.minted)
Underfull \vbox (badness 3417) has occurred while \output is active []



LaTeX Info: Redefining \. on input line 93.
LaTeX Info: Redefining \% on input line 93.
Package cleveref Info: loaded `spanish' language definitions on input line 93.
[128]

LaTeX Info: Redefining \. on input line 104.
LaTeX Info: Redefining \% on input line 104.
Package cleveref Info: loaded `spanish' language definitions on input line 104.

[129]

LaTeX Info: Redefining \. on input line 133.
LaTeX Info: Redefining \% on input line 133.
Package cleveref Info: loaded `spanish' language definitions on input line 133.

[130] (./figuras/cap03/nw_matriz.tex)
LaTeX Font Info:    Font shape `TU/FiraMono(0)/m/n' will be
(Font)              scaled to size 10.07996pt on input line 170.

Underfull \vbox (badness 1755) has occurred while \output is active []



LaTeX Info: Redefining \. on input line 177.
LaTeX Info: Redefining \% on input line 177.
Package cleveref Info: loaded `spanish' language definitions on input line 177.

[131]
\openout6 = main.listing
 (./build/libro/_minted/7026E97EDA6FC86905EEC225582B4C11.highlight.minted)

LaTeX Info: Redefining \. on input line 192.
LaTeX Info: Redefining \% on input line 192.
Package cleveref Info: loaded `spanish' language definitions on input line 192.

[132]

LaTeX Info: Redefining \. on input line 214.
LaTeX Info: Redefining \% on input line 214.
Package cleveref Info: loaded `spanish' language definitions on input line 214.

[133]
Underfull \vbox (badness 1112) has occurred while \output is active []



LaTeX Info: Redefining \. on input line 239.
LaTeX Info: Redefining \% on input line 239.
Package cleveref Info: loaded `spanish' language definitions on input line 239.

[134]
Underfull \vbox (badness 10000) has occurred while \output is active []



LaTeX Info: Redefining \. on input line 265.
LaTeX Info: Redefining \% on input line 265.
Package cleveref Info: loaded `spanish' language definitions on input line 265.

[135]

LaTeX Info: Redefining \. on input line 279.
LaTeX Info: Redefining \% on input line 279.
Package cleveref Info: loaded `spanish' language definitions on input line 279.

[136] (./figuras/cap03/blosum62.tex)
Underfull \vbox (badness 10000) has occurred while \output is active []



LaTeX Info: Redefining \. on input line 294.
LaTeX Info: Redefining \% on input line 294.
Package cleveref Info: loaded `spanish' language definitions on input line 294.

[137]
Underfull \vbox (badness 1281) has occurred while \output is active []



LaTeX Info: Redefining \. on input line 315.
LaTeX Info: Redefining \% on input line 315.
Package cleveref Info: loaded `spanish' language definitions on input line 315.

[138]
Overfull \hbox (13.97198pt too wide) in paragraph at lines 353--354
 [][] 
 []



LaTeX Info: Redefining \. on input line 376.
LaTeX Info: Redefining \% on input line 376.
Package cleveref Info: loaded `spanish' language definitions on input line 376.

[139]
Underfull \vbox (badness 10000) has occurred while \output is active []



LaTeX Info: Redefining \. on input line 393.
LaTeX Info: Redefining \% on input line 393.
Package cleveref Info: loaded `spanish' language definitions on input line 393.

[140]
Package pgfplots info on input line 403: Using 'lua backend=false' for axis: ym
ode=log unsupported (yet).

Underfull \hbox (badness 1688) in paragraph at lines 412--412
[][][]|\TU/SourceSansPro(0)/m/n/10 El va-lor $\TU/LibertinusMath-Regular.otf(1)
/m/n/10 𝐸$ \TU/SourceSansPro(0)/m/n/10 de-cre-ce ex-po-nen-cial-men-te con la
 pun-tua-ción en bits ([]ecua-
 []



LaTeX Info: Redefining \. on input line 422.
LaTeX Info: Redefining \% on input line 422.
Package cleveref Info: loaded `spanish' language definitions on input line 422.

[141]
\openout6 = main.listing
 (./build/libro/_minted/6386E04F670BC2A6F7B5746F0A7C0B7B.highlight.minted)

LaTeX Info: Redefining \. on input line 450.
LaTeX Info: Redefining \% on input line 450.
Package cleveref Info: loaded `spanish' language definitions on input line 450.

[142]
Underfull \vbox (badness 6236) has occurred while \output is active []



LaTeX Info: Redefining \. on input line 466.
LaTeX Info: Redefining \% on input line 466.
Package cleveref Info: loaded `spanish' language definitions on input line 466.

[143] (./build/libro/_minted/291FF48EDC2C675440EF11E825624CC8.highlight.minted) (./build/libro/_minted/ED8FEB8E489F4B3CB3201559DC14FBA5.highlight.minted)

LaTeX Info: Redefining \. on input line 472.
LaTeX Info: Redefining \% on input line 472.
Package cleveref Info: loaded `spanish' language definitions on input line 472.

[144]

LaTeX Info: Redefining \. on input line 472.
LaTeX Info: Redefining \% on input line 472.
Package cleveref Info: loaded `spanish' language definitions on input line 472.

[145])

LaTeX Info: Redefining \. on input line 48.
LaTeX Info: Redefining \% on input line 48.
Package cleveref Info: loaded `spanish' language definitions on input line 48.
[146]
\openout2 = capitulos/cap04.aux
 (./capitulos/cap04.tex
Package biblatex Info: Reference section=0 on input line 4.
\blx@maxsegment@8=\count622
\blx@sectionciteorder@8=\count623
Package biblatex Info: Reference section=8 on input line 4.
Package biblatex Info: Setting label 'refsection:8' on input line 4.

Capítulo 4.


[147




]

LaTeX Info: Redefining \. on input line 30.
LaTeX Info: Redefining \% on input line 30.
Package cleveref Info: loaded `spanish' language definitions on input line 30.
[148]

LaTeX Info: Redefining \. on input line 64.
LaTeX Info: Redefining \% on input line 64.
Package cleveref Info: loaded `spanish' language definitions on input line 64.
[149]
Underfull \vbox (badness 10000) has occurred while \output is active []



LaTeX Info: Redefining \. on input line 97.
LaTeX Info: Redefining \% on input line 97.
Package cleveref Info: loaded `spanish' language definitions on input line 97.
[150]

LaTeX Font Warning: Font shape `TU/LibertinusMath-Regular.otf(1)/b/n' undefined

(Font)              using `TU/LibertinusMath-Regular.otf(1)/m/n' instead on inp
ut line 103.


LaTeX Font Warning: Font shape `TU/LibertinusMath-Regular.otf(2)/b/n' undefined

(Font)              using `TU/LibertinusMath-Regular.otf(2)/m/n' instead on inp
ut line 103.


LaTeX Font Warning: Font shape `TU/LibertinusMath-Regular.otf(3)/b/n' undefined

(Font)              using `TU/LibertinusMath-Regular.otf(3)/m/n' instead on inp
ut line 103.



LaTeX Info: Redefining \. on input line 116.
LaTeX Info: Redefining \% on input line 116.
Package cleveref Info: loaded `spanish' language definitions on input line 116.

[151]
Package pgfplots info on input line 146: Using 'lua backend=false' for axis: ym
ode=log unsupported (yet).

Overfull \hbox (3.70615pt too wide) in paragraph at lines 157--158
 [][] 
 []



LaTeX Info: Redefining \. on input line 172.
LaTeX Info: Redefining \% on input line 172.
Package cleveref Info: loaded `spanish' language definitions on input line 172.

[152]
Underfull \vbox (badness 2181) has occurred while \output is active []



LaTeX Info: Redefining \. on input line 194.
LaTeX Info: Redefining \% on input line 194.
Package cleveref Info: loaded `spanish' language definitions on input line 194.

[153] (./figuras/cap04/arbol_guia.tex)
Underfull \vbox (badness 2529) has occurred while \output is active []



LaTeX Info: Redefining \. on input line 225.
LaTeX Info: Redefining \% on input line 225.
Package cleveref Info: loaded `spanish' language definitions on input line 225.

[154]

LaTeX Info: Redefining \. on input line 225.
LaTeX Info: Redefining \% on input line 225.
Package cleveref Info: loaded `spanish' language definitions on input line 225.

[155] (./figuras/cap04/msa_globinas.tex)
Underfull \vbox (badness 10000) has occurred while \output is active []



LaTeX Info: Redefining \. on input line 236.
LaTeX Info: Redefining \% on input line 236.
Package cleveref Info: loaded `spanish' language definitions on input line 236.

[156]
Underfull \vbox (badness 1178) has occurred while \output is active []



LaTeX Info: Redefining \. on input line 251.
LaTeX Info: Redefining \% on input line 251.
Package cleveref Info: loaded `spanish' language definitions on input line 251.

[157]

LaTeX Info: Redefining \. on input line 285.
LaTeX Info: Redefining \% on input line 285.
Package cleveref Info: loaded `spanish' language definitions on input line 285.

[158]
\openout6 = main.listing
 (./build/libro/_minted/F44A68B7DAE38AA9C08C87F83D69B151.highlight.minted) (./build/libro/_minted/ED441311E92E85418FCAC60AB512F6DF.highlight.minted)
(./build/libro/_minted/765B565C42C39B48EA79E93F289A502B.highlight.minted)
Underfull \vbox (badness 5939) has occurred while \output is active []



LaTeX Info: Redefining \. on input line 314.
LaTeX Info: Redefining \% on input line 314.
Package cleveref Info: loaded `spanish' language definitions on input line 314.

[159]
Underfull \vbox (badness 10000) has occurred while \output is active []



LaTeX Info: Redefining \. on input line 331.
LaTeX Info: Redefining \% on input line 331.
Package cleveref Info: loaded `spanish' language definitions on input line 331.

[160]

LaTeX Info: Redefining \. on input line 356.
LaTeX Info: Redefining \% on input line 356.
Package cleveref Info: loaded `spanish' language definitions on input line 356.

[161] (./figuras/cap04/pwm_tbp.tex)
Underfull \vbox (badness 10000) has occurred while \output is active []



LaTeX Info: Redefining \. on input line 385.
LaTeX Info: Redefining \% on input line 385.
Package cleveref Info: loaded `spanish' language definitions on input line 385.

[162]
Underfull \vbox (badness 4266) has occurred while \output is active []



LaTeX Info: Redefining \. on input line 397.
LaTeX Info: Redefining \% on input line 397.
Package cleveref Info: loaded `spanish' language definitions on input line 397.

[163] (./figuras/cap04/logo_tbp.tex)
Overfull \hbox (4.77663pt too wide) in paragraph at lines 431--432
[]\TU/LibertinusSerif(0)/m/n/10.95 La de-mos-tra-ción es una lí-nea: por li-ne
a-li-dad de la es-pe-ran-za, $\TU/LibertinusMath-Regular.otf(1)/b/n/10.95 𝔼[
][𝑆] = [][] [][] 𝑓[]𝑊[]$\TU/LibertinusSerif(0)/m/n/10.95 ,
 []



LaTeX Info: Redefining \. on input line 432.
LaTeX Info: Redefining \% on input line 432.
Package cleveref Info: loaded `spanish' language definitions on input line 432.

[164]
PGFPlots: reading {figuras/cap04/tbp_ic.dat}
Package pgfplots info on input line 448: Using 'lua backend=false' for plot 3 (
type 'pgfplothandlerdiscard'): point meta choice does not support LUA.
PGFPlots: reading {figuras/cap04/tbp_ic_etiq.dat}
PGFPlots: reading {figuras/cap04/hist_pwm.dat}
PGFPlots: reading {figuras/cap04/hist_pwm.dat}
PGFPlots: reading {figuras/cap04/barrido.dat}

Overfull \hbox (1.76033pt too wide) in paragraph at lines 485--486
 [][] 
 []


\openout6 = main.listing
(./build/libro/_minted/69A470CA1BB8DA756D6A93C6F13DF318.highlight.minted)

LaTeX Info: Redefining \. on input line 508.
LaTeX Info: Redefining \% on input line 508.
Package cleveref Info: loaded `spanish' language definitions on input line 508.

[165] (./build/libro/_minted/7963F0E7E932F441211E78248ABF0DB1.highlight.minted) (./build/libro/_minted/1E01571EB471D7637D04D0C0CBC7D3BC.highlight.minted)
(./build/libro/_minted/5FA2EDEDF4A458623691F53EF1FB1D73.highlight.minted)
Underfull \vbox (badness 5954) has occurred while \output is active []



LaTeX Info: Redefining \. on input line 514.
LaTeX Info: Redefining \% on input line 514.
Package cleveref Info: loaded `spanish' language definitions on input line 514.

[166]

LaTeX Info: Redefining \. on input line 514.
LaTeX Info: Redefining \% on input line 514.
Package cleveref Info: loaded `spanish' language definitions on input line 514.

[167]

LaTeX Info: Redefining \. on input line 527.
LaTeX Info: Redefining \% on input line 527.
Package cleveref Info: loaded `spanish' language definitions on input line 527.

[168]

LaTeX Info: Redefining \. on input line 552.
LaTeX Info: Redefining \% on input line 552.
Package cleveref Info: loaded `spanish' language definitions on input line 552.

[169]
Underfull \vbox (badness 10000) has occurred while \output is active []



LaTeX Info: Redefining \. on input line 595.
LaTeX Info: Redefining \% on input line 595.
Package cleveref Info: loaded `spanish' language definitions on input line 595.

[170]

LaTeX Info: Redefining \. on input line 629.
LaTeX Info: Redefining \% on input line 629.
Package cleveref Info: loaded `spanish' language definitions on input line 629.

[171] (./build/libro/_minted/649F1DE59712AA6268B494CDFBD3B099.highlight.minted)
Underfull \vbox (badness 10000) has occurred while \output is active []



LaTeX Info: Redefining \. on input line 647.
LaTeX Info: Redefining \% on input line 647.
Package cleveref Info: loaded `spanish' language definitions on input line 647.

[172] (./figuras/cap04/trellis.tex)
PGFPlots: reading {figuras/cap04/posterior.dat}
PGFPlots: reading {figuras/cap04/posterior.dat}
PGFPlots: reading {figuras/cap04/posterior.dat}

\openout6 = main.listing

(./build/libro/_minted/8D7D39C89BDD58ECC23D4AF01E1ECF73.highlight.minted)
Underfull \vbox (badness 10000) has occurred while \output is active []



LaTeX Info: Redefining \. on input line 713.
LaTeX Info: Redefining \% on input line 713.
Package cleveref Info: loaded `spanish' language definitions on input line 713.

[173]

LaTeX Info: Redefining \. on input line 713.
LaTeX Info: Redefining \% on input line 713.
Package cleveref Info: loaded `spanish' language definitions on input line 713.

[174]
Underfull \vbox (badness 2990) has occurred while \output is active []



LaTeX Info: Redefining \. on input line 729.
LaTeX Info: Redefining \% on input line 729.
Package cleveref Info: loaded `spanish' language definitions on input line 729.

[175]
PGFPlots: reading {figuras/cap04/baumwelch.dat}
 (./figuras/cap04/baumwelch_ref.tex)
Package pgfplots info on input line 759: Deactivating LUA version of plot expre
ssion for plot 1 (type 'pgfplothandlerlineto'): y expression '\capcuatrollverda
dero ' contains a TeX macro.
PGFPlots: reading {figuras/cap04/baumwelch.dat}
PGFPlots: reading {figuras/cap04/baumwelch.dat}


LaTeX Info: Redefining \. on input line 778.
LaTeX Info: Redefining \% on input line 778.
Package cleveref Info: loaded `spanish' language definitions on input line 778.

[176]
Underfull \vbox (badness 1817) has occurred while \output is active []



LaTeX Info: Redefining \. on input line 789.
LaTeX Info: Redefining \% on input line 789.
Package cleveref Info: loaded `spanish' language definitions on input line 789.

[177]

LaTeX Info: Redefining \. on input line 831.
LaTeX Info: Redefining \% on input line 831.
Package cleveref Info: loaded `spanish' language definitions on input line 831.

[178]

LaTeX Info: Redefining \. on input line 878.
LaTeX Info: Redefining \% on input line 878.
Package cleveref Info: loaded `spanish' language definitions on input line 878.

[179]

LaTeX Info: Redefining \. on input line 910.
LaTeX Info: Redefining \% on input line 910.
Package cleveref Info: loaded `spanish' language definitions on input line 910.

[180]
\openout6 = main.listing
 (./build/libro/_minted/D0701D84C1586F48FB89DA0DF324099D.highlight.minted)

LaTeX Info: Redefining \. on input line 922.
LaTeX Info: Redefining \% on input line 922.
Package cleveref Info: loaded `spanish' language definitions on input line 922.

[181]
\openout6 = main.listing
 (./build/libro/_minted/89870089A7B0B372229D1FAAF46E7DDD.highlight.minted)
Underfull \vbox (badness 2359) has occurred while \output is active []



LaTeX Info: Redefining \. on input line 955.
LaTeX Info: Redefining \% on input line 955.
Package cleveref Info: loaded `spanish' language definitions on input line 955.

[182] (./build/libro/_minted/98D3A4C5B56F353B511D3451E13AADCE.highlight.minted)

LaTeX Info: Redefining \. on input line 962.
LaTeX Info: Redefining \% on input line 962.
Package cleveref Info: loaded `spanish' language definitions on input line 962.

[183]

LaTeX Info: Redefining \. on input line 968.
LaTeX Info: Redefining \% on input line 968.
Package cleveref Info: loaded `spanish' language definitions on input line 968.

[184]

LaTeX Info: Redefining \. on input line 968.
LaTeX Info: Redefining \% on input line 968.
Package cleveref Info: loaded `spanish' language definitions on input line 968.

[185])
Underfull \vbox (badness 10000) has occurred while \output is active []



LaTeX Info: Redefining \. on input line 49.
LaTeX Info: Redefining \% on input line 49.
Package cleveref Info: loaded `spanish' language definitions on input line 49.
[186]
\openout2 = capitulos/cap05.aux
 (./capitulos/cap05.tex
Package biblatex Info: Reference section=0 on input line 4.
\blx@maxsegment@9=\count624
\blx@sectionciteorder@9=\count625
Package biblatex Info: Reference section=9 on input line 4.
Package biblatex Info: Setting label 'refsection:9' on input line 4.

Capítulo 5.


[187




]
Underfull \vbox (badness 6859) has occurred while \output is active []



LaTeX Info: Redefining \. on input line 32.
LaTeX Info: Redefining \% on input line 32.
Package cleveref Info: loaded `spanish' language definitions on input line 32.
[188]
Underfull \vbox (badness 10000) has occurred while \output is active []



LaTeX Info: Redefining \. on input line 101.
LaTeX Info: Redefining \% on input line 101.
Package cleveref Info: loaded `spanish' language definitions on input line 101.

[189]
Underfull \vbox (badness 1603) has occurred while \output is active []



LaTeX Info: Redefining \. on input line 109.
LaTeX Info: Redefining \% on input line 109.
Package cleveref Info: loaded `spanish' language definitions on input line 109.

[190] (./figuras/cap05/topologias.tex)
Underfull \vbox (badness 10000) has occurred while \output is active []



LaTeX Info: Redefining \. on input line 132.
LaTeX Info: Redefining \% on input line 132.
Package cleveref Info: loaded `spanish' language definitions on input line 132.

[191]

LaTeX Info: Redefining \. on input line 157.
LaTeX Info: Redefining \% on input line 157.
Package cleveref Info: loaded `spanish' language definitions on input line 157.

[192]

LaTeX Info: Redefining \. on input line 187.
LaTeX Info: Redefining \% on input line 187.
Package cleveref Info: loaded `spanish' language definitions on input line 187.

[193]

LaTeX Info: Redefining \. on input line 210.
LaTeX Info: Redefining \% on input line 210.
Package cleveref Info: loaded `spanish' language definitions on input line 210.

[194]
Underfull \vbox (badness 10000) has occurred while \output is active []



LaTeX Info: Redefining \. on input line 245.
LaTeX Info: Redefining \% on input line 245.
Package cleveref Info: loaded `spanish' language definitions on input line 245.

[195]
PGFPlots: reading {figuras/cap05/saturacion.dat}
PGFPlots: reading {figuras/cap05/saturacion.dat}
PGFPlots: reading {figuras/cap05/saturacion.dat}
PGFPlots: reading {figuras/cap05/saturacion.dat}
PGFPlots: reading {figuras/cap05/saturacion_sim.dat}


LaTeX Info: Redefining \. on input line 287.
LaTeX Info: Redefining \% on input line 287.
Package cleveref Info: loaded `spanish' language definitions on input line 287.

[196]

LaTeX Info: Redefining \. on input line 297.
LaTeX Info: Redefining \% on input line 297.
Package cleveref Info: loaded `spanish' language definitions on input line 297.

[197]
LaTeX Font Info:    Font shape `TU/FiraMono(0)/b/n' will be
(Font)              scaled to size 12.09593pt on input line 340.


LaTeX Info: Redefining \. on input line 377.
LaTeX Info: Redefining \% on input line 377.
Package cleveref Info: loaded `spanish' language definitions on input line 377.

[198]
Underfull \vbox (badness 4242) has occurred while \output is active []



LaTeX Info: Redefining \. on input line 393.
LaTeX Info: Redefining \% on input line 393.
Package cleveref Info: loaded `spanish' language definitions on input line 393.

[199]
PGFPlots: reading {figuras/cap05/gamma.dat}
PGFPlots: reading {figuras/cap05/gamma.dat}
PGFPlots: reading {figuras/cap05/gamma.dat}
PGFPlots: reading {figuras/cap05/gamma.dat}
Package pgfplots info on input line 418: Using 'lua backend=false' for plot 0 (
type 'pgfplothandlerybar'): point meta choice does not support LUA.

Underfull \vbox (badness 10000) has occurred while \output is active []



LaTeX Info: Redefining \. on input line 442.
LaTeX Info: Redefining \% on input line 442.
Package cleveref Info: loaded `spanish' language definitions on input line 442.

[200]
\openout6 = main.listing
 (./build/libro/_minted/D3BCF98695CEF0E4C002A8231CE54E70.highlight.minted)
Underfull \vbox (badness 10000) has occurred while \output is active []



LaTeX Info: Redefining \. on input line 471.
LaTeX Info: Redefining \% on input line 471.
Package cleveref Info: loaded `spanish' language definitions on input line 471.

[201]
Underfull \vbox (badness 10000) has occurred while \output is active []



LaTeX Info: Redefining \. on input line 481.
LaTeX Info: Redefining \% on input line 481.
Package cleveref Info: loaded `spanish' language definitions on input line 481.

[202]
Underfull \vbox (badness 1688) has occurred while \output is active []



LaTeX Info: Redefining \. on input line 504.
LaTeX Info: Redefining \% on input line 504.
Package cleveref Info: loaded `spanish' language definitions on input line 504.

[203]

LaTeX Info: Redefining \. on input line 558.
LaTeX Info: Redefining \% on input line 558.
Package cleveref Info: loaded `spanish' language definitions on input line 558.

[204]

LaTeX Info: Redefining \. on input line 603.
LaTeX Info: Redefining \% on input line 603.
Package cleveref Info: loaded `spanish' language definitions on input line 603.

[205]
Underfull \vbox (badness 10000) has occurred while \output is active []



LaTeX Info: Redefining \. on input line 625.
LaTeX Info: Redefining \% on input line 625.
Package cleveref Info: loaded `spanish' language definitions on input line 625.

[206]
Underfull \vbox (badness 10000) has occurred while \output is active []



LaTeX Info: Redefining \. on input line 638.
LaTeX Info: Redefining \% on input line 638.
Package cleveref Info: loaded `spanish' language definitions on input line 638.

[207] (./figuras/cap05/nj_D.tex) (./figuras/cap05/nj_Q.tex)

Package caption Warning: The option `hypcap=true' will be ignored for this
(caption)                particular \caption on input line 658.
See the caption package documentation for explanation.


Underfull \vbox (badness 10000) has occurred while \output is active []



LaTeX Info: Redefining \. on input line 660.
LaTeX Info: Redefining \% on input line 660.
Package cleveref Info: loaded `spanish' language definitions on input line 660.

[208] (./build/libro/_minted/FE02A320B959C9AD6D3E06CB772A08D9.highlight.minted)
\openout6 = main.listing
 (./build/libro/_minted/44DF1E486D141DA9B006479EC466C5A4.highlight.minted)

LaTeX Info: Redefining \. on input line 770.
LaTeX Info: Redefining \% on input line 770.
Package cleveref Info: loaded `spanish' language definitions on input line 770.

[209]

LaTeX Info: Redefining \. on input line 778.
LaTeX Info: Redefining \% on input line 778.
Package cleveref Info: loaded `spanish' language definitions on input line 778.

[210]
Underfull \vbox (badness 10000) has occurred while \output is active []



LaTeX Info: Redefining \. on input line 796.
LaTeX Info: Redefining \% on input line 796.
Package cleveref Info: loaded `spanish' language definitions on input line 796.

[211]

LaTeX Info: Redefining \. on input line 829.
LaTeX Info: Redefining \% on input line 829.
Package cleveref Info: loaded `spanish' language definitions on input line 829.

[212]
Underfull \vbox (badness 10000) has occurred while \output is active []



LaTeX Info: Redefining \. on input line 854.
LaTeX Info: Redefining \% on input line 854.
Package cleveref Info: loaded `spanish' language definitions on input line 854.

[213]
Underfull \vbox (badness 10000) has occurred while \output is active []



LaTeX Info: Redefining \. on input line 903.
LaTeX Info: Redefining \% on input line 903.
Package cleveref Info: loaded `spanish' language definitions on input line 903.

[214]
\openout6 = main.listing
 (./build/libro/_minted/16DB4849D0ABF8D90DC653C13139581A.highlight.minted)
Underfull \vbox (badness 10000) has occurred while \output is active []



LaTeX Info: Redefining \. on input line 931.
LaTeX Info: Redefining \% on input line 931.
Package cleveref Info: loaded `spanish' language definitions on input line 931.

[215]

LaTeX Info: Redefining \. on input line 986.
LaTeX Info: Redefining \% on input line 986.
Package cleveref Info: loaded `spanish' language definitions on input line 986.

[216]
Underfull \vbox (badness 10000) has occurred while \output is active []



LaTeX Info: Redefining \. on input line 995.
LaTeX Info: Redefining \% on input line 995.
Package cleveref Info: loaded `spanish' language definitions on input line 995.

[217] (./figuras/cap05/modelos.tex)
Underfull \vbox (badness 5652) has occurred while \output is active []



LaTeX Info: Redefining \. on input line 1008.
LaTeX Info: Redefining \% on input line 1008.
Package cleveref Info: loaded `spanish' language definitions on input line 1008
.
[218]
Package pgfplots info on input line 1033: Using 'lua backend=false' for axis: x
mode=log unsupported (yet).
PGFPlots: reading {figuras/cap05/lba.dat}
PGFPlots: reading {figuras/cap05/lba.dat}

Overfull \hbox (4.09785pt too wide) in paragraph at lines 1042--1043
 [][] 
 []


Underfull \vbox (badness 2245) has occurred while \output is active []



LaTeX Info: Redefining \. on input line 1053.
LaTeX Info: Redefining \% on input line 1053.
Package cleveref Info: loaded `spanish' language definitions on input line 1053
.
[219]
Underfull \vbox (badness 10000) has occurred while \output is active []



LaTeX Info: Redefining \. on input line 1069.
LaTeX Info: Redefining \% on input line 1069.
Package cleveref Info: loaded `spanish' language definitions on input line 1069
.
[220] (./figuras/cap05/bootstrap_esquema.tex)
(./figuras/cap05/arbol_bootstrap.tex)

LaTeX Info: Redefining \. on input line 1100.
LaTeX Info: Redefining \% on input line 1100.
Package cleveref Info: loaded `spanish' language definitions on input line 1100
.
[221]
\openout6 = main.listing
 (./build/libro/_minted/DD0E11FA4ED8B00179412FAA51BB5D5E.highlight.minted)
Underfull \vbox (badness 10000) has occurred while \output is active []



LaTeX Info: Redefining \. on input line 1112.
LaTeX Info: Redefining \% on input line 1112.
Package cleveref Info: loaded `spanish' language definitions on input line 1112
.
[222]
Underfull \vbox (badness 10000) has occurred while \output is active []



LaTeX Info: Redefining \. on input line 1131.
LaTeX Info: Redefining \% on input line 1131.
Package cleveref Info: loaded `spanish' language definitions on input line 1131
.
[223] (./build/libro/_minted/FD8B020E0A24B6FC2A237831D31A6554.highlight.minted) (./build/libro/_minted/33E0A2C6763F5B83E08E598F16D6D461.highlight.minted)

LaTeX Info: Redefining \. on input line 1142.
LaTeX Info: Redefining \% on input line 1142.
Package cleveref Info: loaded `spanish' language definitions on input line 1142
.
[224]

LaTeX Info: Redefining \. on input line 1144.
LaTeX Info: Redefining \% on input line 1144.
Package cleveref Info: loaded `spanish' language definitions on input line 1144
.
[225]
Overfull \hbox (1.22649pt too wide) in paragraph at lines 1144--1144
\TU/LibertinusSerif(0)/m/n/10 lar-ge phy-lo-ge-nies. \TU/LibertinusSerif(0)/m/i
t/10 Bio-in-for-ma-tics\TU/LibertinusSerif(0)/m/n/10 , \TU/LibertinusSerif(0)/m
/it/10 󰀘󰀖\TU/LibertinusSerif(0)/m/n/10 (󰂫), 󰀚󰀬󰀚󰀫[]󰀚
󰀬󰀚󰀬. []$https : / / doi . org / 10 . 1093 / bioinformatics /
 []

)

LaTeX Info: Redefining \. on input line 50.
LaTeX Info: Redefining \% on input line 50.
Package cleveref Info: loaded `spanish' language definitions on input line 50.
[226]

[227



]

[228

]
\openout2 = capitulos/cap06.aux
 (./capitulos/cap06.tex
Package biblatex Info: Reference section=0 on input line 4.
\blx@maxsegment@10=\count626
\blx@sectionciteorder@10=\count627
Package biblatex Info: Reference section=10 on input line 4.
Package biblatex Info: Setting label 'refsection:10' on input line 4.

Capítulo 6.


[229


]

LaTeX Info: Redefining \. on input line 28.
LaTeX Info: Redefining \% on input line 28.
Package cleveref Info: loaded `spanish' language definitions on input line 28.
[230]

LaTeX Info: Redefining \. on input line 48.
LaTeX Info: Redefining \% on input line 48.
Package cleveref Info: loaded `spanish' language definitions on input line 48.
[231]

LaTeX Info: Redefining \. on input line 60.
LaTeX Info: Redefining \% on input line 60.
Package cleveref Info: loaded `spanish' language definitions on input line 60.
[232]

LaTeX Info: Redefining \. on input line 182.
LaTeX Info: Redefining \% on input line 182.
Package cleveref Info: loaded `spanish' language definitions on input line 182.

[233]
Underfull \vbox (badness 10000) has occurred while \output is active []



LaTeX Info: Redefining \. on input line 200.
LaTeX Info: Redefining \% on input line 200.
Package cleveref Info: loaded `spanish' language definitions on input line 200.

[234]
Underfull \vbox (badness 10000) has occurred while \output is active []



LaTeX Info: Redefining \. on input line 225.
LaTeX Info: Redefining \% on input line 225.
Package cleveref Info: loaded `spanish' language definitions on input line 225.

[235]

LaTeX Info: Redefining \. on input line 234.
LaTeX Info: Redefining \% on input line 234.
Package cleveref Info: loaded `spanish' language definitions on input line 234.

[236]

LaTeX Info: Redefining \. on input line 246.
LaTeX Info: Redefining \% on input line 246.
Package cleveref Info: loaded `spanish' language definitions on input line 246.

[237]
Underfull \hbox (badness 10000) in paragraph at lines 266--266
[]|\TU/LibertinusSerif(0)/m/n/10 sus-ti-tu-cio-nes; peor
 []

Package pgfplots info on input line 278: Using 'lua backend=false' for axis: xm
ode=log unsupported (yet).
Package pgfplots info on input line 278: Using 'lua backend=false' for axis: ym
ode=log unsupported (yet).


LaTeX Info: Redefining \. on input line 309.
LaTeX Info: Redefining \% on input line 309.
Package cleveref Info: loaded `spanish' language definitions on input line 309.

[238]
Package pgfplots info on input line 320: Using 'lua backend=false' for axis: ym
ode=log unsupported (yet).
PGFPlots: reading {figuras/cap06/costo.dat}
PGFPlots: reading {figuras/cap06/moore.dat}

Underfull \vbox (badness 3240) has occurred while \output is active []



LaTeX Info: Redefining \. on input line 346.
LaTeX Info: Redefining \% on input line 346.
Package cleveref Info: loaded `spanish' language definitions on input line 346.

[239]

LaTeX Info: Redefining \. on input line 351.
LaTeX Info: Redefining \% on input line 351.
Package cleveref Info: loaded `spanish' language definitions on input line 351.

[240]
Underfull \vbox (badness 4416) has occurred while \output is active []



LaTeX Info: Redefining \. on input line 365.
LaTeX Info: Redefining \% on input line 365.
Package cleveref Info: loaded `spanish' language definitions on input line 365.

[241] (./figuras/cap06/fastq_anatomia.tex)
Overfull \hbox (11.89316pt too wide) in paragraph at lines 135--387
 [][] 
 []



LaTeX Info: Redefining \. on input line 400.
LaTeX Info: Redefining \% on input line 400.
Package cleveref Info: loaded `spanish' language definitions on input line 400.

[242]
Underfull \vbox (badness 10000) has occurred while \output is active []



LaTeX Info: Redefining \. on input line 413.
LaTeX Info: Redefining \% on input line 413.
Package cleveref Info: loaded `spanish' language definitions on input line 413.

[243]
Package pgfplots info on input line 435: Using 'lua backend=false' for axis: ym
ode=log unsupported (yet).

Overfull \hbox (8.68974pt too wide) in paragraph at lines 450--451
 [][] 
 []


Underfull \vbox (badness 10000) has occurred while \output is active []



LaTeX Info: Redefining \. on input line 457.
LaTeX Info: Redefining \% on input line 457.
Package cleveref Info: loaded `spanish' language definitions on input line 457.

[244]

LaTeX Info: Redefining \. on input line 466.
LaTeX Info: Redefining \% on input line 466.
Package cleveref Info: loaded `spanish' language definitions on input line 466.

[245] (./figuras/cap06/fastqc_ticks.tex) (./figuras/cap06/fastqc_cajas.tex
Package pgfplots info on input line 477: Using 'lua backend=false' for plot 0 (
type 'boxplot prepared'): plot handler does not support LUA.
Package pgfplots info on input line 2: Using 'lua backend=false' for plot 1 (ty
pe 'boxplot prepared'): plot handler does not support LUA.
Package pgfplots info on input line 3: Using 'lua backend=false' for plot 2 (ty
pe 'boxplot prepared'): plot handler does not support LUA.
Package pgfplots info on input line 4: Using 'lua backend=false' for plot 3 (ty
pe 'boxplot prepared'): plot handler does not support LUA.
Package pgfplots info on input line 5: Using 'lua backend=false' for plot 4 (ty
pe 'boxplot prepared'): plot handler does not support LUA.
Package pgfplots info on input line 6: Using 'lua backend=false' for plot 5 (ty
pe 'boxplot prepared'): plot handler does not support LUA.
Package pgfplots info on input line 7: Using 'lua backend=false' for plot 6 (ty
pe 'boxplot prepared'): plot handler does not support LUA.
Package pgfplots info on input line 8: Using 'lua backend=false' for plot 7 (ty
pe 'boxplot prepared'): plot handler does not support LUA.
Package pgfplots info on input line 9: Using 'lua backend=false' for plot 8 (ty
pe 'boxplot prepared'): plot handler does not support LUA.
Package pgfplots info on input line 10: Using 'lua backend=false' for plot 9 (t
ype 'boxplot prepared'): plot handler does not support LUA.
Package pgfplots info on input line 11: Using 'lua backend=false' for plot 10 (
type 'boxplot prepared'): plot handler does not support LUA.
Package pgfplots info on input line 12: Using 'lua backend=false' for plot 11 (
type 'boxplot prepared'): plot handler does not support LUA.
Package pgfplots info on input line 13: Using 'lua backend=false' for plot 12 (
type 'boxplot prepared'): plot handler does not support LUA.
Package pgfplots info on input line 14: Using 'lua backend=false' for plot 13 (
type 'boxplot prepared'): plot handler does not support LUA.
Package pgfplots info on input line 15: Using 'lua backend=false' for plot 14 (
type 'boxplot prepared'): plot handler does not support LUA.
Package pgfplots info on input line 16: Using 'lua backend=false' for plot 15 (
type 'boxplot prepared'): plot handler does not support LUA.
Package pgfplots info on input line 17: Using 'lua backend=false' for plot 16 (
type 'boxplot prepared'): plot handler does not support LUA.
Package pgfplots info on input line 18: Using 'lua backend=false' for plot 17 (
type 'boxplot prepared'): plot handler does not support LUA.
Package pgfplots info on input line 19: Using 'lua backend=false' for plot 18 (
type 'boxplot prepared'): plot handler does not support LUA.
Package pgfplots info on input line 20: Using 'lua backend=false' for plot 19 (
type 'boxplot prepared'): plot handler does not support LUA.
Package pgfplots info on input line 21: Using 'lua backend=false' for plot 20 (
type 'boxplot prepared'): plot handler does not support LUA.
Package pgfplots info on input line 22: Using 'lua backend=false' for plot 21 (
type 'boxplot prepared'): plot handler does not support LUA.
Package pgfplots info on input line 23: Using 'lua backend=false' for plot 22 (
type 'boxplot prepared'): plot handler does not support LUA.
Package pgfplots info on input line 24: Using 'lua backend=false' for plot 23 (
type 'boxplot prepared'): plot handler does not support LUA.
Package pgfplots info on input line 25: Using 'lua backend=false' for plot 24 (
type 'boxplot prepared'): plot handler does not support LUA.
Package pgfplots info on input line 26: Using 'lua backend=false' for plot 25 (
type 'boxplot prepared'): plot handler does not support LUA.
Package pgfplots info on input line 27: Using 'lua backend=false' for plot 26 (
type 'boxplot prepared'): plot handler does not support LUA.
Package pgfplots info on input line 28: Using 'lua backend=false' for plot 27 (
type 'boxplot prepared'): plot handler does not support LUA.
Package pgfplots info on input line 29: Using 'lua backend=false' for plot 28 (
type 'boxplot prepared'): plot handler does not support LUA.
Package pgfplots info on input line 30: Using 'lua backend=false' for plot 29 (
type 'boxplot prepared'): plot handler does not support LUA.
Package pgfplots info on input line 31: Using 'lua backend=false' for plot 30 (
type 'boxplot prepared'): plot handler does not support LUA.
Package pgfplots info on input line 32: Using 'lua backend=false' for plot 31 (
type 'boxplot prepared'): plot handler does not support LUA.
Package pgfplots info on input line 33: Using 'lua backend=false' for plot 32 (
type 'boxplot prepared'): plot handler does not support LUA.
Package pgfplots info on input line 34: Using 'lua backend=false' for plot 33 (
type 'boxplot prepared'): plot handler does not support LUA.
Package pgfplots info on input line 35: Using 'lua backend=false' for plot 34 (
type 'boxplot prepared'): plot handler does not support LUA.
Package pgfplots info on input line 36: Using 'lua backend=false' for plot 35 (
type 'boxplot prepared'): plot handler does not support LUA.
Package pgfplots info on input line 37: Using 'lua backend=false' for plot 36 (
type 'boxplot prepared'): plot handler does not support LUA.
Package pgfplots info on input line 38: Using 'lua backend=false' for plot 37 (
type 'boxplot prepared'): plot handler does not support LUA.
)
PGFPlots: reading {figuras/cap06/fastqc_media.dat}


LaTeX Info: Redefining \. on input line 495.
LaTeX Info: Redefining \% on input line 495.
Package cleveref Info: loaded `spanish' language definitions on input line 495.

[246]
Underfull \vbox (badness 10000) has occurred while \output is active []



LaTeX Info: Redefining \. on input line 518.
LaTeX Info: Redefining \% on input line 518.
Package cleveref Info: loaded `spanish' language definitions on input line 518.

[247]
Underfull \vbox (badness 10000) has occurred while \output is active []



LaTeX Info: Redefining \. on input line 558.
LaTeX Info: Redefining \% on input line 558.
Package cleveref Info: loaded `spanish' language definitions on input line 558.

[248]

LaTeX Info: Redefining \. on input line 579.
LaTeX Info: Redefining \% on input line 579.
Package cleveref Info: loaded `spanish' language definitions on input line 579.

[249] (./figuras/cap06/ventana_corte.tex)
PGFPlots: reading {figuras/cap06/ventana_q.dat}
PGFPlots: reading {figuras/cap06/ventana_m.dat}


LaTeX Info: Redefining \. on input line 610.
LaTeX Info: Redefining \% on input line 610.
Package cleveref Info: loaded `spanish' language definitions on input line 610.

[250]
\openout6 = main.listing
 (./build/libro/_minted/BDA82FFE3A31ED0BF7C8971C1A151442.highlight.minted)
\openout6 = main.listing
 (./build/libro/_minted/EB2FFEF8454F8095C8C4FE182BEA6AC4.highlight.minted)

LaTeX Info: Redefining \. on input line 651.
LaTeX Info: Redefining \% on input line 651.
Package cleveref Info: loaded `spanish' language definitions on input line 651.

[251]
Underfull \vbox (badness 10000) has occurred while \output is active []



LaTeX Info: Redefining \. on input line 669.
LaTeX Info: Redefining \% on input line 669.
Package cleveref Info: loaded `spanish' language definitions on input line 669.

[252] (./figuras/cap06/lecturas.tex)
Overfull \hbox (10.1817pt too wide) in paragraph at lines 42--696
 [][] 
 []


Underfull \vbox (badness 1102) has occurred while \output is active []



LaTeX Info: Redefining \. on input line 698.
LaTeX Info: Redefining \% on input line 698.
Package cleveref Info: loaded `spanish' language definitions on input line 698.

[253]
Underfull \vbox (badness 10000) has occurred while \output is active []



LaTeX Info: Redefining \. on input line 711.
LaTeX Info: Redefining \% on input line 711.
Package cleveref Info: loaded `spanish' language definitions on input line 711.

[254]

LaTeX Info: Redefining \. on input line 739.
LaTeX Info: Redefining \% on input line 739.
Package cleveref Info: loaded `spanish' language definitions on input line 739.

[255]
Underfull \vbox (badness 1590) has occurred while \output is active []



LaTeX Info: Redefining \. on input line 762.
LaTeX Info: Redefining \% on input line 762.
Package cleveref Info: loaded `spanish' language definitions on input line 762.

[256]
PGFPlots: reading {figuras/cap06/lw_frac.dat}
PGFPlots: reading {figuras/cap06/lw_sim.dat}
PGFPlots: reading {figuras/cap06/lw_islas.dat}
PGFPlots: reading {figuras/cap06/lw_islas.dat}
PGFPlots: reading {figuras/cap06/lw_islas.dat}
PGFPlots: reading {figuras/cap06/lw_sim.dat}

Overfull \hbox (11.96657pt too wide) in paragraph at lines 798--799
 [][] 
 []



LaTeX Info: Redefining \. on input line 820.
LaTeX Info: Redefining \% on input line 820.
Package cleveref Info: loaded `spanish' language definitions on input line 820.

[257]
Underfull \vbox (badness 1990) has occurred while \output is active []



LaTeX Info: Redefining \. on input line 829.
LaTeX Info: Redefining \% on input line 829.
Package cleveref Info: loaded `spanish' language definitions on input line 829.

[258]
PGFPlots: reading {figuras/cap06/gc_puntos.dat}
PGFPlots: reading {figuras/cap06/gc_curva.dat}

Overfull \hbox (11.35353pt too wide) in paragraph at lines 858--859
[]\TU/LibertinusSerif(0)/m/it/10.95 Si, en ca-da po-si-ción, $\TU/LibertinusMa
th-Regular.otf(1)/b/n/10.95 𝐷 ∣ 𝜆 ∼ [](𝜆)$ \TU/LibertinusSerif(0)/
m/it/10.95 y la ta-sa lo-cal si-gue $\TU/LibertinusMath-Regular.otf(1)/b/n/10.9
5 𝜆 ∼ [](𝑟,  𝑐/𝑟)$
 []


Underfull \vbox (badness 1033) has occurred while \output is active []



LaTeX Info: Redefining \. on input line 863.
LaTeX Info: Redefining \% on input line 863.
Package cleveref Info: loaded `spanish' language definitions on input line 863.

[259]
PGFPlots: reading {figuras/cap06/prof.dat}
PGFPlots: reading {figuras/cap06/prof.dat}
PGFPlots: reading {figuras/cap06/prof_sim.dat}


LaTeX Info: Redefining \. on input line 913.
LaTeX Info: Redefining \% on input line 913.
Package cleveref Info: loaded `spanish' language definitions on input line 913.

[260]

LaTeX Info: Redefining \. on input line 922.
LaTeX Info: Redefining \% on input line 922.
Package cleveref Info: loaded `spanish' language definitions on input line 922.

[261]
\openout6 = main.listing
 (./build/libro/_minted/D80CE30044BC4A1F8A8986B9DC968FFA.highlight.minted)
Underfull \vbox (badness 10000) has occurred while \output is active []



LaTeX Info: Redefining \. on input line 956.
LaTeX Info: Redefining \% on input line 956.
Package cleveref Info: loaded `spanish' language definitions on input line 956.

[262]
Underfull \vbox (badness 10000) has occurred while \output is active []



LaTeX Info: Redefining \. on input line 972.
LaTeX Info: Redefining \% on input line 972.
Package cleveref Info: loaded `spanish' language definitions on input line 972.

[263]

LaTeX Info: Redefining \. on input line 981.
LaTeX Info: Redefining \% on input line 981.
Package cleveref Info: loaded `spanish' language definitions on input line 981.

[264]

LaTeX Info: Redefining \. on input line 983.
LaTeX Info: Redefining \% on input line 983.
Package cleveref Info: loaded `spanish' language definitions on input line 983.

[265]

LaTeX Info: Redefining \. on input line 983.
LaTeX Info: Redefining \% on input line 983.
Package cleveref Info: loaded `spanish' language definitions on input line 983.

[266])

LaTeX Info: Redefining \. on input line 56.
LaTeX Info: Redefining \% on input line 56.
Package cleveref Info: loaded `spanish' language definitions on input line 56.
[267]
\openout2 = capitulos/cap07.aux
 (./capitulos/cap07.tex
Package biblatex Info: Reference section=0 on input line 4.
\blx@maxsegment@11=\count628
\blx@sectionciteorder@11=\count629
Package biblatex Info: Reference section=11 on input line 4.
Package biblatex Info: Setting label 'refsection:11' on input line 4.


[268




]
Capítulo 7.


[269]
Underfull \vbox (badness 1308) has occurred while \output is active []



LaTeX Info: Redefining \. on input line 36.
LaTeX Info: Redefining \% on input line 36.
Package cleveref Info: loaded `spanish' language definitions on input line 36.
[270]
Underfull \vbox (badness 5771) has occurred while \output is active []



LaTeX Info: Redefining \. on input line 60.
LaTeX Info: Redefining \% on input line 60.
Package cleveref Info: loaded `spanish' language definitions on input line 60.
[271]
Package pgfplots info on input line 84: Using 'lua backend=false' for axis: ymo
de=log unsupported (yet).

Overfull \hbox (5.92076pt too wide) in paragraph at lines 98--99
 [][] 
 []



LaTeX Info: Redefining \. on input line 105.
LaTeX Info: Redefining \% on input line 105.
Package cleveref Info: loaded `spanish' language definitions on input line 105.

[272]
Underfull \vbox (badness 10000) has occurred while \output is active []



LaTeX Info: Redefining \. on input line 122.
LaTeX Info: Redefining \% on input line 122.
Package cleveref Info: loaded `spanish' language definitions on input line 122.

[273] (./figuras/cap07/rotaciones.tex)

LaTeX Info: Redefining \. on input line 153.
LaTeX Info: Redefining \% on input line 153.
Package cleveref Info: loaded `spanish' language definitions on input line 153.

[274]
Underfull \vbox (badness 10000) has occurred while \output is active []



LaTeX Info: Redefining \. on input line 157.
LaTeX Info: Redefining \% on input line 157.
Package cleveref Info: loaded `spanish' language definitions on input line 157.

[275] (./figuras/cap07/lfmap.tex)

LaTeX Info: Redefining \. on input line 192.
LaTeX Info: Redefining \% on input line 192.
Package cleveref Info: loaded `spanish' language definitions on input line 192.

[276]
Underfull \vbox (badness 10000) has occurred while \output is active []



LaTeX Info: Redefining \. on input line 212.
LaTeX Info: Redefining \% on input line 212.
Package cleveref Info: loaded `spanish' language definitions on input line 212.

[277]
Underfull \vbox (badness 10000) has occurred while \output is active []



LaTeX Info: Redefining \. on input line 257.
LaTeX Info: Redefining \% on input line 257.
Package cleveref Info: loaded `spanish' language definitions on input line 257.

[278] (./figuras/cap07/backward.tex)
\openout6 = main.listing

(./build/libro/_minted/A5D98D4381573815B117F076AEFCB72C.highlight.minted)
Underfull \vbox (badness 10000) has occurred while \output is active []



LaTeX Info: Redefining \. on input line 295.
LaTeX Info: Redefining \% on input line 295.
Package cleveref Info: loaded `spanish' language definitions on input line 295.

[279]

LaTeX Info: Redefining \. on input line 295.
LaTeX Info: Redefining \% on input line 295.
Package cleveref Info: loaded `spanish' language definitions on input line 295.

[280]
Underfull \vbox (badness 10000) has occurred while \output is active []



LaTeX Info: Redefining \. on input line 318.
LaTeX Info: Redefining \% on input line 318.
Package cleveref Info: loaded `spanish' language definitions on input line 318.

[281]
Package pgfplots info on input line 327: Using 'lua backend=false' for axis: xm
ode=log unsupported (yet).
Package pgfplots info on input line 327: Using 'lua backend=false' for axis: ym
ode=log unsupported (yet).
PGFPlots: reading {figuras/cap07/memoria.dat}
PGFPlots: reading {figuras/cap07/memoria.dat}
PGFPlots: reading {figuras/cap07/memoria.dat}

Overfull \hbox (2.75526pt too wide) in paragraph at lines 340--341
 [][] 
 []


Underfull \vbox (badness 10000) has occurred while \output is active []



LaTeX Info: Redefining \. on input line 349.
LaTeX Info: Redefining \% on input line 349.
Package cleveref Info: loaded `spanish' language definitions on input line 349.

[282]
Underfull \vbox (badness 4254) has occurred while \output is active []



LaTeX Info: Redefining \. on input line 367.
LaTeX Info: Redefining \% on input line 367.
Package cleveref Info: loaded `spanish' language definitions on input line 367.

[283]

LaTeX Info: Redefining \. on input line 383.
LaTeX Info: Redefining \% on input line 383.
Package cleveref Info: loaded `spanish' language definitions on input line 383.

[284]
Underfull \vbox (badness 10000) has occurred while \output is active []



LaTeX Info: Redefining \. on input line 404.
LaTeX Info: Redefining \% on input line 404.
Package cleveref Info: loaded `spanish' language definitions on input line 404.

[285]
Underfull \vbox (badness 10000) has occurred while \output is active []



LaTeX Info: Redefining \. on input line 421.
LaTeX Info: Redefining \% on input line 421.
Package cleveref Info: loaded `spanish' language definitions on input line 421.

[286] (./figuras/cap07/minimizadores.tex)
\openout6 = main.listing

(./build/libro/_minted/D0C23C15099E3EBCCB9AEA11768A4BB9.highlight.minted)

LaTeX Info: Redefining \. on input line 446.
LaTeX Info: Redefining \% on input line 446.
Package cleveref Info: loaded `spanish' language definitions on input line 446.

[287]
PGFPlots: reading {figuras/cap07/anclas.dat}
PGFPlots: reading {figuras/cap07/cadena.dat}

Overfull \hbox (9.95631pt too wide) in paragraph at lines 486--487
 [][] 
 []


\openout6 = main.listing
(./build/libro/_minted/20BD4D1793B045CE84C007E0FDC8B597.highlight.minted)

LaTeX Info: Redefining \. on input line 501.
LaTeX Info: Redefining \% on input line 501.
Package cleveref Info: loaded `spanish' language definitions on input line 501.

[288]

LaTeX Info: Redefining \. on input line 501.
LaTeX Info: Redefining \% on input line 501.
Package cleveref Info: loaded `spanish' language definitions on input line 501.

[289]
Underfull \vbox (badness 5260) has occurred while \output is active []



LaTeX Info: Redefining \. on input line 530.
LaTeX Info: Redefining \% on input line 530.
Package cleveref Info: loaded `spanish' language definitions on input line 530.

[290]
Underfull \vbox (badness 1596) has occurred while \output is active []



LaTeX Info: Redefining \. on input line 544.
LaTeX Info: Redefining \% on input line 544.
Package cleveref Info: loaded `spanish' language definitions on input line 544.

[291]
Underfull \vbox (badness 10000) has occurred while \output is active []



LaTeX Info: Redefining \. on input line 566.
LaTeX Info: Redefining \% on input line 566.
Package cleveref Info: loaded `spanish' language definitions on input line 566.

[292]
PGFPlots: reading {figuras/cap07/inserto.dat}

Overfull \hbox (7.7671pt too wide) in paragraph at lines 585--586
 [][] 
 []


Underfull \vbox (badness 2189) has occurred while \output is active []



LaTeX Info: Redefining \. on input line 593.
LaTeX Info: Redefining \% on input line 593.
Package cleveref Info: loaded `spanish' language definitions on input line 593.

[293]
Overfull \hbox (12.46483pt too wide) in paragraph at lines 625--637
 [][] 
 []



LaTeX Info: Redefining \. on input line 640.
LaTeX Info: Redefining \% on input line 640.
Package cleveref Info: loaded `spanish' language definitions on input line 640.

[294]

LaTeX Warning: Reference `cap:08' on page 1 undefined on input line 673.


\openout6 = main.listing
(./build/libro/_minted/2ABA94E7D1D1409429BCDD8F93C32D2D.highlight.minted)

LaTeX Info: Redefining \. on input line 689.
LaTeX Info: Redefining \% on input line 689.
Package cleveref Info: loaded `spanish' language definitions on input line 689.

[295]
Underfull \vbox (badness 10000) has occurred while \output is active []



LaTeX Info: Redefining \. on input line 697.
LaTeX Info: Redefining \% on input line 697.
Package cleveref Info: loaded `spanish' language definitions on input line 697.

[296]

LaTeX Info: Redefining \. on input line 715.
LaTeX Info: Redefining \% on input line 715.
Package cleveref Info: loaded `spanish' language definitions on input line 715.

[297] (./figuras/cap07/pileup.tex)
Underfull \vbox (badness 10000) has occurred while \output is active []



LaTeX Info: Redefining \. on input line 733.
LaTeX Info: Redefining \% on input line 733.
Package cleveref Info: loaded `spanish' language definitions on input line 733.

[298]
Underfull \vbox (badness 10000) has occurred while \output is active []



LaTeX Info: Redefining \. on input line 756.
LaTeX Info: Redefining \% on input line 756.
Package cleveref Info: loaded `spanish' language definitions on input line 756.

[299] (./figuras/cap07/mosdepth.tex)
\openout6 = main.listing

(./build/libro/_minted/A9686E091A41FC7C2D53271D9DA20109.highlight.minted)

LaTeX Info: Redefining \. on input line 783.
LaTeX Info: Redefining \% on input line 783.
Package cleveref Info: loaded `spanish' language definitions on input line 783.

[300]
\openout6 = main.listing
 (./build/libro/_minted/1F7EB39F87B29DAC0B7D1C5C65E03CEF.highlight.minted)
PGFPlots: reading {figuras/cap07/perfil.dat}
PGFPlots: reading {figuras/cap07/perfil.dat}
PGFPlots: reading {figuras/cap07/log2.dat}


LaTeX Info: Redefining \. on input line 845.
LaTeX Info: Redefining \% on input line 845.
Package cleveref Info: loaded `spanish' language definitions on input line 845.

[301]

LaTeX Info: Redefining \. on input line 845.
LaTeX Info: Redefining \% on input line 845.
Package cleveref Info: loaded `spanish' language definitions on input line 845.

[302]

LaTeX Info: Redefining \. on input line 868.
LaTeX Info: Redefining \% on input line 868.
Package cleveref Info: loaded `spanish' language definitions on input line 868.

[303]
Package pgfplots info on input line 876: Using 'lua backend=false' for axis: ym
ode=log unsupported (yet).
PGFPlots: reading {figuras/cap07/deteccion.dat}
PGFPlots: reading {figuras/cap07/deteccion.dat}
PGFPlots: reading {figuras/cap07/deteccion.dat}

Overfull \hbox (3.80809pt too wide) in paragraph at lines 887--888
 [][] 
 []


Underfull \vbox (badness 10000) has occurred while \output is active []



LaTeX Info: Redefining \. on input line 902.
LaTeX Info: Redefining \% on input line 902.
Package cleveref Info: loaded `spanish' language definitions on input line 902.

[304] (./build/libro/_minted/B9BD084B2E1159859F9A7F9F88FBA390.highlight.minted)

LaTeX Info: Redefining \. on input line 918.
LaTeX Info: Redefining \% on input line 918.
Package cleveref Info: loaded `spanish' language definitions on input line 918.

[305]

LaTeX Info: Redefining \. on input line 928.
LaTeX Info: Redefining \% on input line 928.
Package cleveref Info: loaded `spanish' language definitions on input line 928.

[306]
Overfull \hbox (0.95782pt too wide) in paragraph at lines 928--928
\TU/LibertinusSerif(0)/m/it/10 tatio-nal Bio-logy\TU/LibertinusSerif(0)/m/n/10 
. Cam-brid-ge Uni-ver-sity Press. []$https : / / doi . org / 10 . 1017 / CBO9780
511574931$[] 
 []



LaTeX Info: Redefining \. on input line 928.
LaTeX Info: Redefining \% on input line 928.
Package cleveref Info: loaded `spanish' language definitions on input line 928.

[307]

LaTeX Info: Redefining \. on input line 928.
LaTeX Info: Redefining \% on input line 928.
Package cleveref Info: loaded `spanish' language definitions on input line 928.

[308])

LaTeX Info: Redefining \. on input line 57.
LaTeX Info: Redefining \% on input line 57.
Package cleveref Info: loaded `spanish' language definitions on input line 57.
[309]

[310





]

[311]

[312

]

[313





]

[314

] (./preliminares/colofon.tex)

[315




] (./build/libro/main.aux
LaTeX Info: Redefining \sptext on input line 9.
LaTeX Info: Redefining \. on input line 9.
LaTeX Info: Redefining \% on input line 9.
Package cleveref Info: loaded `spanish' language definitions on input line 9.
 (./build/libro/capitulos/cap00.aux)
(./build/libro/capitulos/cap01.aux) (./build/libro/capitulos/cap02.aux)
(./build/libro/capitulos/cap03.aux) (./build/libro/capitulos/cap04.aux)
(./build/libro/capitulos/cap05.aux) (./build/libro/capitulos/cap06.aux)
(./build/libro/capitulos/cap07.aux)
No file capitulos/cap08.aux.
No file capitulos/cap09.aux.
No file capitulos/cap10.aux.
No file capitulos/cap11.aux.
No file capitulos/cap13.aux.
No file capitulos/cap14.aux.
No file capitulos/cap15.aux.
No file capitulos/cap16.aux.
)
 ***********
LaTeX2e <2024-11-01> patch level 2
L3 programming layer <2025-01-18>
 ***********


LaTeX Font Warning: Some font shapes were not available, defaults substituted.


LaTeX Warning: There were undefined references.


LaTeX Warning: There were multiply-defined labels.

Package logreq Info: Writing requests to 'main.run.xml'.

\openout1 = main.run.xml
)

Here is how much of LuaTeX's memory you used:
 95111 strings out of 475506
 1455560,5906145 words of node,token memory allocated
 5632 words of node memory still in use:
   32 hlist, 2 vlist, 14 rule, 1 local_par, 5 glue, 4 kern, 1 penalty, 3 glyph, 
1291 attribute, 81 glue_spec, 683 attribute_list, 2 write, 24 pdf_literal, 87 pd
f_action, 24 pdf_colorstack nodes
   avail lists: 1:45,2:139696,3:80749,4:15609,5:1149,6:176,7:45828,8:86,9:22549,
10:49,11:1106,12:5
 113189 multiletter control sequences out of 65536+600000
 247 fonts using 81161647 bytes
 125i,20n,126p,3712b,3908s stack positions out of 10000i,1000n,20000p,200000b,200000s
</usr/local/texlive/2025/texmf-dist/fonts/opentype/public/libertinus-fonts/Liber
tinusSerif-Semibold.otf></usr/local/texlive/2025/texmf-dist/fonts/opentype/publi
c/libertinus-fonts/LibertinusSerif-Semibold.otf></usr/local/texlive/2025/texmf-d
ist/fonts/opentype/public/libertinus-fonts/LibertinusMath-Regular.otf></usr/loca
l/texlive/2025/texmf-dist/fonts/opentype/public/libertinus-fonts/LibertinusSerif
-Regular.otf></usr/local/texlive/2025/texmf-dist/fonts/opentype/public/libertinu
s-fonts/LibertinusMath-Regular.otf></usr/local/texlive/2025/texmf-dist/fonts/ope
ntype/adobe/sourcesanspro/SourceSansPro-ExtraLight.otf></usr/local/texlive/2025/
texmf-dist/fonts/opentype/public/fontawesome5/FontAwesome5Brands-Regular-400.otf
></usr/local/texlive/2025/texmf-dist/fonts/opentype/public/fontawesome5/FontAwes
ome5Free-Solid-900.otf></usr/local/texlive/2025/texmf-dist/fonts/opentype/public
/fira/FiraMono-Medium.otf></usr/local/texlive/2025/texmf-dist/fonts/opentype/pub
lic/fira/FiraMono-Oblique.otf></usr/local/texlive/2025/texmf-dist/fonts/opentype
/adobe/sourcesanspro/SourceSansPro-SemiboldIt.otf></usr/local/texlive/2025/texmf
-dist/fonts/opentype/public/libertinus-fonts/LibertinusSerif-Italic.otf></usr/lo
cal/texlive/2025/texmf-dist/fonts/opentype/public/libertinus-fonts/LibertinusMat
h-Regular.otf></usr/local/texlive/2025/texmf-dist/fonts/opentype/public/libertin
us-fonts/LibertinusSerif-Regular.otf></usr/local/texlive/2025/texmf-dist/fonts/o
pentype/public/fira/FiraMono-Regular.otf></usr/local/texlive/2025/texmf-dist/fon
ts/opentype/adobe/sourcesanspro/SourceSansPro-RegularIt.otf></usr/local/texlive/
2025/texmf-dist/fonts/opentype/adobe/sourcesanspro/SourceSansPro-Regular.otf></u
sr/local/texlive/2025/texmf-dist/fonts/opentype/adobe/sourcesanspro/SourceSansPr
o-LightIt.otf></usr/local/texlive/2025/texmf-dist/fonts/opentype/adobe/sourcesan
spro/SourceSansPro-Black.otf></usr/local/texlive/2025/texmf-dist/fonts/opentype/
adobe/sourcesanspro/SourceSansPro-Light.otf></usr/local/texlive/2025/texmf-dist/
fonts/opentype/adobe/sourcesanspro/SourceSansPro-Semibold.otf></usr/local/texliv
e/2025/texmf-dist/fonts/type1/public/amsfonts/symbols/msam10.pfb>
Output written on main.pdf (327 pages, 2692706 bytes).

PDF statistics: 4297 PDF objects out of 5155 (max. 8388607)
 3681 compressed objects within 37 object streams
 1280 named destinations out of 1440 (max. 131072)
 766 words of extra memory for PDF output out of 10000 (max. 100000000)

